task_id,task_description,occupation,soc_code,rag_capability,accel_pct,employment,hourly_wage,task_share,annual_impact_usd
933,"Direct and coordinate activities of businesses or departments concerned with the production, pricing...",General and Operations Managers,11-1021,Tier1_Knowledge,30%,3584420,49.5,0.0588,6512680292
20700,Direct administrative activities directly related to making products or providing services....,General and Operations Managers,11-1021,Tier1_Knowledge,30%,3584420,49.5,0.0588,6512680292
944,"Perform sales floor work, such as greeting or assisting customers, stocking shelves, or taking inven...",General and Operations Managers,11-1021,Tier1_Knowledge,30%,3584420,49.5,0.0588,6512680292
945,"Develop or implement product-marketing strategies, including advertising campaigns or sales promotio...",General and Operations Managers,11-1021,Tier1_Knowledge,30%,3584420,49.5,0.0588,6512680292
947,"Direct non-merchandising departments of businesses, such as advertising or purchasing....",General and Operations Managers,11-1021,Tier1_Knowledge,30%,3584420,49.5,0.0588,6512680292
21679,Train users to use new or modified equipment....,Software Developers,15-1252,Tier1_Knowledge,30%,1654440,63.98,0.0588,3885356966
17312,"Teach classes in mental health topics, such as stress reduction....",Advanced Practice Psychiatric Nurses,29-1141,Tier1_Knowledge,30%,3282010,45.0,0.0417,3839951700
17320,"Refer patients requiring more specialized or complex treatment to psychiatrists, primary care physic...",Advanced Practice Psychiatric Nurses,29-1141,Tier1_Knowledge,30%,3282010,45.0,0.0417,3839951700
17330,Consult with psychiatrists or other professionals when unusual or complex cases are encountered....,Advanced Practice Psychiatric Nurses,29-1141,Tier1_Writing,30%,3282010,45.0,0.0417,3839951700
17313,"Participate in activities aimed at professional growth and development, including conferences or con...",Advanced Practice Psychiatric Nurses,29-1141,Tier1_Knowledge,30%,3282010,45.0,0.0417,3839951700
17325,Develop and implement treatment plans....,Advanced Practice Psychiatric Nurses,29-1141,Tier1_Knowledge,30%,3282010,45.0,0.0417,3839951700
17334,Diagnose psychiatric disorders and mental health conditions....,Advanced Practice Psychiatric Nurses,29-1141,Tier1_Knowledge,30%,3282010,45.0,0.0417,3839951700
17323,"Interpret diagnostic or laboratory tests, such as electrocardiograms (EKGs) and renal functioning te...",Advanced Practice Psychiatric Nurses,29-1141,Tier1_Knowledge,30%,3282010,45.0,0.0417,3839951700
17333,"Administer medications, including those administered by injection....",Advanced Practice Psychiatric Nurses,29-1141,Tier1_Knowledge,30%,3282010,45.0,0.0417,3839951700
17314,Direct or provide home health services....,Advanced Practice Psychiatric Nurses,29-1141,Tier1_Knowledge,30%,3282010,45.0,0.0417,3839951700
17322,Participate in treatment team conferences regarding diagnosis or treatment of difficult cases....,Advanced Practice Psychiatric Nurses,29-1141,Tier1_Writing,30%,3282010,45.0,0.0417,3839951700
18565,"Confer with customers by telephone or in person to provide information about products or services, t...",Customer Service Representatives,43-4051,Tier1_Good,40%,2725930,20.59,0.0769,3592121517
1849,"Assess the needs of individuals, families, or communities, including assessment of individuals' home...",Registered Nurses,29-1141,Tier1_Knowledge,30%,3282010,45.0,0.037,3413290400
1854,"Administer local, inhalation, intravenous, or other anesthetics....",Registered Nurses,29-1141,Tier1_Knowledge,30%,3282010,45.0,0.037,3413290400
1846,Direct or supervise less-skilled nursing or healthcare personnel or supervise a particular unit....,Registered Nurses,29-1141,Tier1_Knowledge,30%,3282010,45.0,0.037,3413290400
1857,Conduct specified laboratory tests....,Registered Nurses,29-1141,Tier1_Knowledge,30%,3282010,45.0,0.037,3413290400
18322,Participate in the development of practice protocols....,Acute Care Nurses,29-1141,Tier1_Knowledge,30%,3282010,45.0,0.037,3413290400
18317,Assist patients in organizing their health care system activities....,Acute Care Nurses,29-1141,Tier1_Knowledge,30%,3282010,45.0,0.037,3413290400
18313,Participate in patients' care meetings and conferences....,Acute Care Nurses,29-1141,Tier1_Knowledge,30%,3282010,45.0,0.037,3413290400
18323,"Perform administrative duties that facilitate admission, transfer, or discharge of patients....",Acute Care Nurses,29-1141,Tier1_Knowledge,30%,3282010,45.0,0.037,3413290400
18307,Discuss illnesses and treatments with patients and family members....,Acute Care Nurses,29-1141,Tier1_Knowledge,30%,3282010,45.0,0.037,3413290400
1866,Engage in research activities related to nursing....,Registered Nurses,29-1141,Tier1_Partial,30%,3282010,45.0,0.037,3413290400
1852,Inform physician of patient's condition during anesthesia....,Registered Nurses,29-1141,Tier1_Knowledge,30%,3282010,45.0,0.037,3413290400
1864,Consult with institutions or associations regarding issues or concerns relevant to the practice and ...,Registered Nurses,29-1141,Tier1_Writing,30%,3282010,45.0,0.037,3413290400
18304,"Adjust settings on patients' assistive devices, such as temporary pacemakers....",Acute Care Nurses,29-1141,Tier1_Knowledge,30%,3282010,45.0,0.037,3413290400
18315,Refer patients for specialty consultations or treatments....,Acute Care Nurses,29-1141,Tier1_Knowledge,30%,3282010,45.0,0.037,3413290400
1863,Refer students or patients to specialized health resources or community agencies furnishing assistan...,Registered Nurses,29-1141,Tier1_Knowledge,30%,3282010,45.0,0.037,3413290400
18324,Provide formal and informal education to other staff members....,Acute Care Nurses,29-1141,Tier1_Knowledge,30%,3282010,45.0,0.037,3413290400
18347,Identify malfunctioning equipment or devices....,Critical Care Nurses,29-1141,Tier1_Knowledge,30%,3282010,45.0,0.0345,3177891062
18338,Collect specimens for laboratory tests....,Critical Care Nurses,29-1141,Tier1_Knowledge,30%,3282010,45.0,0.0345,3177891062
18330,"Administer medications intravenously, by injection, orally, through gastric tubes, or by other metho...",Critical Care Nurses,29-1141,Tier1_Knowledge,30%,3282010,45.0,0.0345,3177891062
18009,Develop or assist others in development of care and treatment plans....,Clinical Nurse Specialists,29-1141,Tier1_Knowledge,30%,3282010,45.0,0.0333,3071961360
18007,"Develop nursing service philosophies, goals, policies, priorities, or procedures....",Clinical Nurse Specialists,29-1141,Tier1_Knowledge,30%,3282010,45.0,0.0333,3071961360
18012,Present clients with information required to make informed health care and treatment decisions....,Clinical Nurse Specialists,29-1141,Tier1_Knowledge,30%,3282010,45.0,0.0333,3071961360
20414,"Provide consultation to other health care providers in areas such as patient discharge, patient care...",Clinical Nurse Specialists,29-1141,Tier1_Knowledge,30%,3282010,45.0,0.0333,3071961360
18005,"Maintain departmental policies, procedures, objectives, or infection control standards....",Clinical Nurse Specialists,29-1141,Tier1_Knowledge,30%,3282010,45.0,0.0333,3071961360
18002,Evaluate the quality and effectiveness of nursing practice or organizational systems....,Clinical Nurse Specialists,29-1141,Tier1_Knowledge,30%,3282010,45.0,0.0333,3071961360
18016,"Read current literature, talk with colleagues, or participate in professional organizations or confe...",Clinical Nurse Specialists,29-1141,Tier1_Knowledge,30%,3282010,45.0,0.0333,3071961360
10796,Connect electrical equipment to power sources so that it can be tested before use....,"Laborers and Freight, Stock, and Material Movers, Hand",53-7062,Tier1_Knowledge,30%,2982530,18.72,0.0769,2679982157
10780,"Record numbers of units handled or moved, using daily production sheets or work tickets....","Laborers and Freight, Stock, and Material Movers, Hand",53-7062,Tier1_Knowledge,30%,2982530,18.72,0.0769,2679982157
10778,Attach identifying tags to containers or mark them with identifying information....,"Laborers and Freight, Stock, and Material Movers, Hand",53-7062,Tier1_Knowledge,30%,2982530,18.72,0.0769,2679982157
10789,Maintain equipment storage areas to ensure that inventory is protected....,"Laborers and Freight, Stock, and Material Movers, Hand",53-7062,Tier1_Knowledge,30%,2982530,18.72,0.0769,2679982157
15969,"Research or review regulatory, technical, or market issues related to sustainability....",Sustainability Specialists,13-1199,Tier1_Good,40%,1128200,39.07,0.0714,2619538569
17881,Record logs of recycled materials or waste chemicals removed from products....,Recycling and Reclamation Workers,53-7062,Tier1_Knowledge,30%,2982530,18.72,0.0714,2488554860
7281,"Interview personnel and conduct on-site observation to ascertain unit functions, work performed, and...",Management Analysts,13-1111,Tier1_Writing,30%,893900,48.65,0.0909,2466968967
21319,Oversee the flow of cash or financial instruments....,Financial Managers,11-3031,Tier1_Knowledge,30%,818620,77.74,0.0588,2335944690
21317,"Examine, evaluate, or process loan applications....",Financial Managers,11-3031,Tier1_Knowledge,30%,818620,77.74,0.0588,2335944690
21322,Communicate with stockholders or other investors to provide information or to raise capital....,Financial Managers,11-3031,Tier1_Partial,30%,818620,77.74,0.0588,2335944690
21313,Recruit staff members....,Financial Managers,11-3031,Tier1_Knowledge,30%,818620,77.74,0.0588,2335944690
828,"Compile, copy, sort, and file records of office activities, business transactions, and other activit...","Office Clerks, General",43-9061,Tier1_Good,40%,2510550,20.97,0.05,2190083314
701,Answer questions regarding the store and its merchandise....,Retail Salespersons,41-2031,Tier1_Good,40%,3800250,16.62,0.0417,2189552040
5441,"Gather data on competitors and analyze their prices, sales, and method of marketing and distribution...",Market Research Analysts and Marketing Specialists,13-1161,Tier1_Good,40%,861140,37.0,0.0769,2039179520
15672,Identify group or individual target investors for a specific fund....,Investment Fund Managers,11-3031,Tier1_Knowledge,30%,818620,77.74,0.05,1985552987
15679,Select specific investments or investment mixes for purchase by an investment fund....,Investment Fund Managers,11-3031,Tier1_Knowledge,30%,818620,77.74,0.05,1985552987
15675,Develop or implement fund investment policies or strategies....,Investment Fund Managers,11-3031,Tier1_Knowledge,30%,818620,77.74,0.05,1985552987
15668,"Present investment information, such as product risks, fees, or fund performance statistics....",Investment Fund Managers,11-3031,Tier1_Writing,30%,818620,77.74,0.05,1985552987
15660,Prepare for and respond to regulatory inquiries....,Investment Fund Managers,11-3031,Tier1_Knowledge,30%,818620,77.74,0.05,1985552987
15662,Hire or evaluate staff....,Investment Fund Managers,11-3031,Tier1_Knowledge,30%,818620,77.74,0.05,1985552987
15665,Attend investment briefings or consult financial media to stay abreast of relevant investment market...,Investment Fund Managers,11-3031,Tier1_Partial,30%,818620,77.74,0.05,1985552987
15979,"Assess or propose sustainability initiatives, considering factors such as cost effectiveness, techni...",Sustainability Specialists,13-1199,Tier1_Knowledge,30%,1128200,39.07,0.0714,1964653927
15977,"Create marketing or outreach media, such as brochures or Web sites, to communicate sustainability is...",Sustainability Specialists,13-1199,Tier1_Knowledge,30%,1128200,39.07,0.0714,1964653927
976,"Develop and interpret organizational goals, policies, and procedures....",Computer and Information Systems Managers,11-3021,Tier1_Knowledge,30%,645970,82.31,0.0588,1951644082
966,"Manage backup, security and user help systems....",Computer and Information Systems Managers,11-3021,Tier1_Knowledge,30%,645970,82.31,0.0588,1951644082
970,Stay abreast of advances in technology....,Computer and Information Systems Managers,11-3021,Tier1_Knowledge,30%,645970,82.31,0.0588,1951644082
17596,"Demonstrate the use of retail equipment, such as espresso machines....",Baristas,35-3023,Tier1_Knowledge,30%,3780930,14.65,0.0526,1819144720
17588,Receive and process customer payments....,Baristas,35-3023,Tier1_Knowledge,30%,3780930,14.65,0.0526,1819144720
17581,"Prepare or serve hot or cold beverages, such as coffee, espresso drinks, blended coffees, or teas....",Baristas,35-3023,Tier1_Knowledge,30%,3780930,14.65,0.0526,1819144720
17585,"Describe menu items to customers, or suggest products that might appeal to them....",Baristas,35-3023,Tier1_Knowledge,30%,3780930,14.65,0.0526,1819144720
17589,"Serve prepared foods, such as muffins, biscotti, or bagels....",Baristas,35-3023,Tier1_Knowledge,30%,3780930,14.65,0.0526,1819144720
17597,"Prepare or serve menu items, such as sandwiches or salads....",Baristas,35-3023,Tier1_Knowledge,30%,3780930,14.65,0.0526,1819144720
17598,Set up or restock product displays....,Baristas,35-3023,Tier1_Knowledge,30%,3780930,14.65,0.0526,1819144720
8868,"Advise management on short-term and long-term financial objectives, policies, and actions....",Treasurers and Controllers,11-3031,Tier1_Knowledge,30%,818620,77.74,0.0455,1805048170
8859,"Maintain current knowledge of organizational policies and procedures, federal and state policies and...",Treasurers and Controllers,11-3031,Tier1_Knowledge,30%,818620,77.74,0.0455,1805048170
8874,Perform tax planning work....,Treasurers and Controllers,11-3031,Tier1_Knowledge,30%,818620,77.74,0.0455,1805048170
15827,"Lead or support negotiations involving tax agreements or abatements, power purchase agreements, land...",Wind Energy Development Managers,11-9199,Tier1_Knowledge,30%,630980,65.65,0.0667,1723231619
827,"Answer telephones, direct calls, and take messages....","Office Clerks, General",43-9061,Tier1_Knowledge,30%,2510550,20.97,0.05,1642562485
704,Prepare sales slips or sales contracts....,Retail Salespersons,41-2031,Tier1_Knowledge,30%,3800250,16.62,0.0417,1642164030
712,Prepare merchandise for purchase or rental....,Retail Salespersons,41-2031,Tier1_Knowledge,30%,3800250,16.62,0.0417,1642164030
717,Rent merchandise to customers....,Retail Salespersons,41-2031,Tier1_Knowledge,30%,3800250,16.62,0.0417,1642164030
694,Greet customers and ascertain what each customer wants or needs....,Retail Salespersons,41-2031,Tier1_Knowledge,30%,3800250,16.62,0.0417,1642164030
695,"Open and close cash registers, performing tasks such as counting money, separating charge slips, cou...",Retail Salespersons,41-2031,Tier1_Knowledge,30%,3800250,16.62,0.0417,1642164030
696,"Maintain knowledge of current sales and promotions, policies regarding payment and exchanges, and se...",Retail Salespersons,41-2031,Tier1_Knowledge,30%,3800250,16.62,0.0417,1642164030
708,Exchange merchandise for customers and accept returns....,Retail Salespersons,41-2031,Tier1_Knowledge,30%,3800250,16.62,0.0417,1642164030
713,"Sell or arrange for delivery, insurance, financing, or service contracts for merchandise....",Retail Salespersons,41-2031,Tier1_Knowledge,30%,3800250,16.62,0.0417,1642164030
710,Help customers try on or fit merchandise....,Retail Salespersons,41-2031,Tier1_Knowledge,30%,3800250,16.62,0.0417,1642164030
703,"Ticket, arrange, and display merchandise to promote sales....",Retail Salespersons,41-2031,Tier1_Knowledge,30%,3800250,16.62,0.0417,1642164030
705,Place special orders or call other stores to find desired items....,Retail Salespersons,41-2031,Tier1_Knowledge,30%,3800250,16.62,0.0417,1642164030
699,Watch for and recognize security risks and thefts and know how to prevent or handle these situations...,Retail Salespersons,41-2031,Tier1_Knowledge,30%,3800250,16.62,0.0417,1642164030
21516,Review accounts for discrepancies and reconcile differences....,Accountants and Auditors,13-2011,Tier1_Good,40%,1448290,39.27,0.0345,1631705441
15810,"Provide technical support to wind field customers, employees, or subcontractors....",Wind Energy Operations Managers,11-9199,Tier1_Knowledge,30%,630980,65.65,0.0625,1615529643
23226,Contact prospective or existing customers to discuss how services can meet their needs....,"Sales Representatives of Services, Except Advertising, Insurance, Financial Services, and Travel",41-3091,Tier1_Knowledge,30%,1189330,31.86,0.0667,1576309438
23235,Negotiate prices or terms of sales or service agreements....,"Sales Representatives of Services, Except Advertising, Insurance, Financial Services, and Travel",41-3091,Tier1_Writing,30%,1189330,31.86,0.0667,1576309438
23232,Inform customers of contracts or other information pertaining to purchased services....,"Sales Representatives of Services, Except Advertising, Insurance, Financial Services, and Travel",41-3091,Tier1_Knowledge,30%,1189330,31.86,0.0667,1576309438
23229,"Distribute promotional materials at meetings, conferences, or trade shows....","Sales Representatives of Services, Except Advertising, Insurance, Financial Services, and Travel",41-3091,Tier1_Writing,30%,1189330,31.86,0.0667,1576309438
23227,Create forms or agreements to complete sales....,"Sales Representatives of Services, Except Advertising, Insurance, Financial Services, and Travel",41-3091,Tier1_Knowledge,30%,1189330,31.86,0.0667,1576309438
23222,"Answer customers' questions about services, prices, availability, or credit terms....","Sales Representatives of Services, Except Advertising, Insurance, Financial Services, and Travel",41-3091,Tier1_Knowledge,30%,1189330,31.86,0.0667,1576309438
3775,"Analyze the probable outcomes of cases, using knowledge of legal precedents....",Lawyers,23-1011,Tier1_Knowledge,30%,747750,72.67,0.0455,1541251424
3786,Negotiate settlements of civil disputes....,Lawyers,23-1011,Tier1_Writing,30%,747750,72.67,0.0455,1541251424
3789,Supervise legal assistants....,Lawyers,23-1011,Tier1_Knowledge,30%,747750,72.67,0.0455,1541251424
23992,Negotiate contractual agreements....,Lawyers,23-1011,Tier1_Writing,30%,747750,72.67,0.0455,1541251424
3790,Perform administrative and management functions related to the practice of law....,Lawyers,23-1011,Tier1_Knowledge,30%,747750,72.67,0.0455,1541251424
3779,Represent clients in court or before government agencies....,Lawyers,23-1011,Tier1_Knowledge,30%,747750,72.67,0.0455,1541251424
3781,"Select jurors, argue motions, meet with judges, and question witnesses during the course of a trial....",Lawyers,23-1011,Tier1_Knowledge,30%,747750,72.67,0.0455,1541251424
16,Direct foreign sales and service outlets of an organization....,Sales Managers,11-2022,Tier1_Knowledge,30%,603710,66.38,0.0588,1470961433
8,Advise dealers and distributors on policies and operating procedures to ensure functional effectiven...,Sales Managers,11-2022,Tier1_Knowledge,30%,603710,66.38,0.0588,1470961433
3,"Direct and coordinate activities involving sales of manufactured products, services, commodities, re...",Sales Managers,11-2022,Tier1_Knowledge,30%,603710,66.38,0.0588,1470961433
13,"Confer with potential customers regarding equipment needs, and advise customers on types of equipmen...",Sales Managers,11-2022,Tier1_Knowledge,30%,603710,66.38,0.0588,1470961433
14,Oversee regional and local sales managers and their staffs....,Sales Managers,11-2022,Tier1_Knowledge,30%,603710,66.38,0.0588,1470961433
8125,Obtain credit information about prospective customers....,"Sales Representatives, Wholesale and Manufacturing, Except Technical and Scientific Products",41-4012,Tier1_Knowledge,30%,1266860,32.11,0.0556,1410200986
8113,"Answer customers' questions about products, prices, availability, product uses, and credit terms....","Sales Representatives, Wholesale and Manufacturing, Except Technical and Scientific Products",41-4012,Tier1_Knowledge,30%,1266860,32.11,0.0556,1410200986
20267,Prepare sales contracts and order forms....,"Sales Representatives, Wholesale and Manufacturing, Except Technical and Scientific Products",41-4012,Tier1_Knowledge,30%,1266860,32.11,0.0556,1410200986
20268,Negotiate details of contracts and payments....,"Sales Representatives, Wholesale and Manufacturing, Except Technical and Scientific Products",41-4012,Tier1_Writing,30%,1266860,32.11,0.0556,1410200986
8129,"Negotiate with retail merchants to improve product exposure, such as shelf positioning and advertisi...","Sales Representatives, Wholesale and Manufacturing, Except Technical and Scientific Products",41-4012,Tier1_Writing,30%,1266860,32.11,0.0556,1410200986
2408,"Answer customers' questions, and provide information on procedures or policies....",Cashiers,41-2011,Tier1_Good,40%,3148030,14.99,0.0357,1402186528
9460,Investigate applications for duty refunds and petition for remission or mitigation of penalties when...,Customs and Border Protection Officers,33-3051,Tier1_Knowledge,30%,666990,36.68,0.0909,1387843687
9454,"Inspect cargo, baggage, and personal articles entering or leaving U.S. for compliance with revenue l...",Customs and Border Protection Officers,33-3051,Tier1_Knowledge,30%,666990,36.68,0.0909,1387843687
9453,"Interpret and explain laws and regulations to travelers, prospective immigrants, shippers, and manuf...",Customs and Border Protection Officers,33-3051,Tier1_Knowledge,30%,666990,36.68,0.0909,1387843687
9459,"Collect samples of merchandise for examination, appraisal, or testing....",Customs and Border Protection Officers,33-3051,Tier1_Knowledge,30%,666990,36.68,0.0909,1387843687
15961,Identify opportunities for strategic improvement or mitigation of business interruption and other ri...,Business Continuity Planners,13-1199,Tier1_Knowledge,30%,1128200,39.07,0.0476,1309769285
15960,"Analyze impact on, and risk to, essential business functions or information systems to identify acce...",Business Continuity Planners,13-1199,Tier1_Knowledge,30%,1128200,39.07,0.0476,1309769285
23103,Balance receipts and payments in cash registers....,Fast Food and Counter Workers,35-3023,Tier1_Knowledge,30%,3780930,14.65,0.037,1280138877
23125,"Plan, prepare, and deliver meals to individuals with special dietary needs....",Fast Food and Counter Workers,35-3023,Tier1_Knowledge,30%,3780930,14.65,0.037,1280138877
23100,"Accept payment from customers, and make change as necessary....",Fast Food and Counter Workers,35-3023,Tier1_Knowledge,30%,3780930,14.65,0.037,1280138877
23114,Notify kitchen personnel of shortages or special orders....,Fast Food and Counter Workers,35-3023,Tier1_Writing,30%,3780930,14.65,0.037,1280138877
23099,"Communicate with customers regarding orders, comments, and complaints....",Fast Food and Counter Workers,35-3023,Tier1_Knowledge,30%,3780930,14.65,0.037,1280138877
23115,"Prepare and serve cold drinks, frozen milk drinks, or desserts, using drink-dispensing, milkshake, o...",Fast Food and Counter Workers,35-3023,Tier1_Knowledge,30%,3780930,14.65,0.037,1280138877
23116,"Select food items from serving or storage areas and place them in dishes, on serving trays, or in ta...",Fast Food and Counter Workers,35-3023,Tier1_Knowledge,30%,3780930,14.65,0.037,1280138877
23122,"Add relishes and garnishes to food orders, according to instructions....",Fast Food and Counter Workers,35-3023,Tier1_Knowledge,30%,3780930,14.65,0.037,1280138877
23118,"Perform personnel activities, such as supervising and training employees....",Fast Food and Counter Workers,35-3023,Tier1_Knowledge,30%,3780930,14.65,0.037,1280138877
23121,"Set up dining areas for meals, and clear them following meals....",Fast Food and Counter Workers,35-3023,Tier1_Knowledge,30%,3780930,14.65,0.037,1280138877
11432,"Assign work to employees, based on material or worker requirements of specific jobs....",First-Line Supervisors of Construction Trades and Extraction Workers,47-1011,Tier1_Knowledge,30%,806080,37.83,0.0667,1268550666
11437,"Suggest or initiate personnel actions, such as promotions, transfers, or hires....",First-Line Supervisors of Construction Trades and Extraction Workers,47-1011,Tier1_Knowledge,30%,806080,37.83,0.0667,1268550666
17728,"Assess system performance or functionality at the system, subsystem, and component levels....",Solar Energy Installation Managers,47-1011,Tier1_Knowledge,30%,806080,37.83,0.0667,1268550666
3206,Weigh materials or products and record weight or other production data on tags or labels....,Industrial Truck and Tractor Operators,53-7051,Tier1_Knowledge,30%,805770,22.3,0.1111,1245827856
2283,"Present menus to patrons and answer questions about menu items, making recommendations upon request....",Waiters and Waitresses,35-3031,Tier1_Good,40%,2302690,16.23,0.04,1243762082
21534,"Review data about material assets, net worth, liabilities, capital stock, surplus, income, or expend...",Accountants and Auditors,13-2011,Tier1_Knowledge,30%,1448290,39.27,0.0345,1223779081
21510,Confer with company officials about financial and regulatory matters....,Accountants and Auditors,13-2011,Tier1_Writing,30%,1448290,39.27,0.0345,1223779081
21515,Prepare adjusting journal entries....,Accountants and Auditors,13-2011,Tier1_Knowledge,30%,1448290,39.27,0.0345,1223779081
21518,Examine inventory to verify journal and ledger entries....,Accountants and Auditors,13-2011,Tier1_Knowledge,30%,1448290,39.27,0.0345,1223779081
21504,Train personnel in security procedures or use of security equipment....,Security Management Specialists,13-1199,Tier1_Knowledge,30%,1128200,39.07,0.0435,1195876303
21484,Conduct security audits to identify potential vulnerabilities related to physical security or staff ...,Security Management Specialists,13-1199,Tier1_Knowledge,30%,1128200,39.07,0.0435,1195876303
21496,Perform risk analyses so that appropriate countermeasures can be developed....,Security Management Specialists,13-1199,Tier1_Knowledge,30%,1128200,39.07,0.0435,1195876303
21500,Recommend improvements in security systems or procedures....,Security Management Specialists,13-1199,Tier1_Knowledge,30%,1128200,39.07,0.0435,1195876303
21490,"Inspect fire, intruder detection, or other security systems....",Security Management Specialists,13-1199,Tier1_Knowledge,30%,1128200,39.07,0.0435,1195876303
15844,Negotiate contracts for services or materials needed for environmental remediation....,Brownfield Redevelopment Specialists and Site Managers,11-9199,Tier1_Writing,30%,630980,65.65,0.0435,1123846708
15856,Coordinate the disposal of hazardous waste....,Brownfield Redevelopment Specialists and Site Managers,11-9199,Tier1_Knowledge,30%,630980,65.65,0.0435,1123846708
15851,Develop or implement plans for revegetation of brownfield sites....,Brownfield Redevelopment Specialists and Site Managers,11-9199,Tier1_Knowledge,30%,630980,65.65,0.0435,1123846708
15849,Identify environmental contamination sources....,Brownfield Redevelopment Specialists and Site Managers,11-9199,Tier1_Knowledge,30%,630980,65.65,0.0435,1123846708
50,Develop and implement organizational policies and procedures for the facility or medical unit....,Medical and Health Services Managers,11-9111,Tier1_Knowledge,30%,565840,56.71,0.0556,1112411262
53,"Maintain communication between governing boards, medical staff, and department heads by attending bo...",Medical and Health Services Managers,11-9111,Tier1_Knowledge,30%,565840,56.71,0.0556,1112411262
9707,Discuss job performance problems with employees to identify causes and issues and to work on resolvi...,First-Line Supervisors of Office and Administrative Support Workers,43-1011,Tier1_Knowledge,30%,1495580,31.8,0.0357,1059896181
9711,"Recruit, interview, and select employees....",First-Line Supervisors of Office and Administrative Support Workers,43-1011,Tier1_Knowledge,30%,1495580,31.8,0.0357,1059896181
9712,Interpret and communicate work procedures and company policies to staff....,First-Line Supervisors of Office and Administrative Support Workers,43-1011,Tier1_Writing,30%,1495580,31.8,0.0357,1059896181
9717,Coordinate activities with other supervisory personnel or with other work units or departments....,First-Line Supervisors of Office and Administrative Support Workers,43-1011,Tier1_Knowledge,30%,1495580,31.8,0.0357,1059896181
9719,"Develop or update procedures, policies, or standards....",First-Line Supervisors of Office and Administrative Support Workers,43-1011,Tier1_Knowledge,30%,1495580,31.8,0.0357,1059896181
9730,"Coordinate or perform activities associated with shipping, receiving, distribution, or transportatio...",First-Line Supervisors of Office and Administrative Support Workers,43-1011,Tier1_Knowledge,30%,1495580,31.8,0.0357,1059896181
2401,"Issue receipts, refunds, credits, or change due to customers....",Cashiers,41-2011,Tier1_Knowledge,30%,3148030,14.99,0.0357,1051639896
18765,Assist customers by providing information and resolving their complaints....,Cashiers,41-2011,Tier1_Knowledge,30%,3148030,14.99,0.0357,1051639896
2419,"Request information or assistance, using paging systems....",Cashiers,41-2011,Tier1_Writing,30%,3148030,14.99,0.0357,1051639896
2402,Count money in cash drawers at the beginning of shifts to ensure that amounts are correct and that t...,Cashiers,41-2011,Tier1_Knowledge,30%,3148030,14.99,0.0357,1051639896
2423,Post charges against guests' or patients' accounts....,Cashiers,41-2011,Tier1_Knowledge,30%,3148030,14.99,0.0357,1051639896
2413,Sell tickets and other items to customers....,Cashiers,41-2011,Tier1_Knowledge,30%,3148030,14.99,0.0357,1051639896
23885,Take inventory or examine merchandise to identify items to be reordered or replenished....,Stockers and Order Fillers,53-7065,Tier1_Knowledge,30%,2779530,17.83,0.0333,1030827614
23875,"Store items in an orderly and accessible manner in warehouses, tool rooms, supply rooms, or other ar...",Stockers and Order Fillers,53-7065,Tier1_Knowledge,30%,2779530,17.83,0.0333,1030827614
23873,"Read orders to ascertain catalog numbers, sizes, colors, and quantities of merchandise....",Stockers and Order Fillers,53-7065,Tier1_Knowledge,30%,2779530,17.83,0.0333,1030827614
23895,Keep records of out-going orders....,Stockers and Order Fillers,53-7065,Tier1_Knowledge,30%,2779530,17.83,0.0333,1030827614
23894,Keep records on the use or damage of stock or stock-handling equipment....,Stockers and Order Fillers,53-7065,Tier1_Knowledge,30%,2779530,17.83,0.0333,1030827614
23891,"Dispose of damaged or defective items, or return them to vendors....",Stockers and Order Fillers,53-7065,Tier1_Knowledge,30%,2779530,17.83,0.0333,1030827614
23893,"Recommend disposal of excess, defective, or obsolete stock....",Stockers and Order Fillers,53-7065,Tier1_Knowledge,30%,2779530,17.83,0.0333,1030827614
23897,"Requisition merchandise from supplier, based on available space, merchandise on hand, customer deman...",Stockers and Order Fillers,53-7065,Tier1_Knowledge,30%,2779530,17.83,0.0333,1030827614
23886,"Issue or distribute materials, products, parts, and supplies to customers or coworkers, based on inf...",Stockers and Order Fillers,53-7065,Tier1_Knowledge,30%,2779530,17.83,0.0333,1030827614
18862,"Interview job applicants to obtain information on work history, training, education, or job skills....",Human Resources Specialists,13-1071,Tier1_Good,40%,917460,35.05,0.0385,1029023136
18868,Review employment applications and job orders to match applicants with job requirements....,Human Resources Specialists,13-1071,Tier1_Good,40%,917460,35.05,0.0385,1029023136
2503,Reconcile records of bank transactions....,"Bookkeeping, Accounting, and Auditing Clerks",43-3031,Tier1_Good,40%,1455770,23.66,0.0357,1023464541
2137,"Answer telephone calls to take messages, answer questions, and provide information during non-busine...",Security Guards,33-9032,Tier1_Partial,30%,1241770,18.45,0.0714,1021160690
2138,"Warn persons of rule infractions or violations, and apprehend or evict violators from premises, usin...",Security Guards,33-9032,Tier1_Knowledge,30%,1241770,18.45,0.0714,1021160690
2136,"Circulate among visitors, patrons, or employees to preserve order and protect property....",Security Guards,33-9032,Tier1_Knowledge,30%,1241770,18.45,0.0714,1021160690
2132,Answer alarms and investigate disturbances....,Security Guards,33-9032,Tier1_Knowledge,30%,1241770,18.45,0.0714,1021160690
20895,Respond to medical emergencies by administering basic first aid or by obtaining assistance from para...,Security Guards,33-9032,Tier1_Knowledge,30%,1241770,18.45,0.0714,1021160690
8628,"Use and maintain the tools or equipment found on commercial vehicles, such as weighing or measuring ...",Light Truck Drivers,53-3033,Tier1_Knowledge,30%,994410,21.22,0.0769,1012866250
8615,Obey traffic laws and follow established traffic and transportation procedures....,Light Truck Drivers,53-3033,Tier1_Knowledge,30%,994410,21.22,0.0769,1012866250
21451,"Confer with or interview officials, technical or professional specialists, or applicants to obtain i...",Compliance Officers,13-1041,Tier1_Excellent,50%,397770,37.7,0.0625,974735385
15376,"Research environmental sustainability issues, concerns, or stakeholder interests....",Chief Sustainability Officers,11-1011,Tier1_Good,40%,211850,99.24,0.0556,971775723
15790,"Verify correct use and maintenance of physical security systems, such as closed-circuit television, ...",Loss Prevention Managers,11-9199,Tier1_Knowledge,30%,630980,65.65,0.037,957350900
18041,Coordinate internal discoveries and depositions with legal department staff....,Regulatory Affairs Managers,11-9199,Tier1_Knowledge,30%,630980,65.65,0.037,957350900
18035,Provide responses to regulatory agencies regarding product information or issues....,Regulatory Affairs Managers,11-9199,Tier1_Writing,30%,630980,65.65,0.037,957350900
18025,Communicate regulatory information to multiple departments and ensure that information is interprete...,Regulatory Affairs Managers,11-9199,Tier1_Knowledge,30%,630980,65.65,0.037,957350900
18034,Participate in the development or implementation of clinical trial protocols....,Regulatory Affairs Managers,11-9199,Tier1_Knowledge,30%,630980,65.65,0.037,957350900
15788,Advise retail establishments on development of loss-investigation procedures....,Loss Prevention Managers,11-9199,Tier1_Knowledge,30%,630980,65.65,0.037,957350900
15794,Perform or direct inventory investigations in response to shrink results outside of acceptable range...,Loss Prevention Managers,11-9199,Tier1_Knowledge,30%,630980,65.65,0.037,957350900
18040,Contribute to the development or implementation of business unit strategic and operating plans....,Regulatory Affairs Managers,11-9199,Tier1_Knowledge,30%,630980,65.65,0.037,957350900
18039,Train staff in regulatory policies or procedures....,Regulatory Affairs Managers,11-9199,Tier1_Knowledge,30%,630980,65.65,0.037,957350900
18044,Evaluate new software publishing systems and confer with regulatory agencies concerning news or upda...,Regulatory Affairs Managers,11-9199,Tier1_Knowledge,30%,630980,65.65,0.037,957350900
15800,Coordinate or conduct internal investigations of problems such as employee theft and violations of c...,Loss Prevention Managers,11-9199,Tier1_Knowledge,30%,630980,65.65,0.037,957350900
15801,Collaborate with law enforcement to investigate and solve external theft or fraud cases....,Loss Prevention Managers,11-9199,Tier1_Knowledge,30%,630980,65.65,0.037,957350900
15795,Hire or supervise loss prevention staff....,Loss Prevention Managers,11-9199,Tier1_Knowledge,30%,630980,65.65,0.037,957350900
15804,"Advise retail managers on compliance with applicable codes, laws, regulations, or standards....",Loss Prevention Managers,11-9199,Tier1_Knowledge,30%,630980,65.65,0.037,957350900
2280,"Serve food or beverages to patrons, and prepare or serve specialty dishes at tables as required....",Waiters and Waitresses,35-3031,Tier1_Knowledge,30%,2302690,16.23,0.04,932821561
2276,Collect payments from customers....,Waiters and Waitresses,35-3031,Tier1_Knowledge,30%,2302690,16.23,0.04,932821561
2288,"Prepare tables for meals, including setting up items such as linens, silverware, and glassware....",Waiters and Waitresses,35-3031,Tier1_Knowledge,30%,2302690,16.23,0.04,932821561
18744,"Roll silverware, set up food stations, or set up dining areas to prepare for the next shift or for l...",Waiters and Waitresses,35-3031,Tier1_Knowledge,30%,2302690,16.23,0.04,932821561
2284,Inform customers of daily specials....,Waiters and Waitresses,35-3031,Tier1_Knowledge,30%,2302690,16.23,0.04,932821561
2286,"Prepare hot, cold, and mixed drinks for patrons, and chill bottles of wine....",Waiters and Waitresses,35-3031,Tier1_Knowledge,30%,2302690,16.23,0.04,932821561
2293,Escort customers to their tables....,Waiters and Waitresses,35-3031,Tier1_Knowledge,30%,2302690,16.23,0.04,932821561
19503,Develop business cases for environmental marketing strategies....,Marketing Managers,11-2021,Tier1_Knowledge,30%,384980,77.42,0.05,929920730
19504,"Integrate environmental information into product or company marketing strategies, policies, or activ...",Marketing Managers,11-2021,Tier1_Writing,30%,384980,77.42,0.05,929920730
959,Select products or accessories to be displayed at trade or special production shows....,Marketing Managers,11-2021,Tier1_Knowledge,30%,384980,77.42,0.05,929920730
962,"Advise business or other groups on local, national, or international factors affecting the buying or...",Marketing Managers,11-2021,Tier1_Writing,30%,384980,77.42,0.05,929920730
19502,Consult with buying personnel to gain advice regarding environmentally sound or sustainable products...,Marketing Managers,11-2021,Tier1_Writing,30%,384980,77.42,0.05,929920730
964,Consult with buying personnel to gain advice regarding the types of products or services expected to...,Marketing Managers,11-2021,Tier1_Writing,30%,384980,77.42,0.05,929920730
960,"Confer with legal staff to resolve problems, such as copyright infringement or royalty sharing with ...",Marketing Managers,11-2021,Tier1_Knowledge,30%,384980,77.42,0.05,929920730
957,Compile lists describing product or service offerings....,Marketing Managers,11-2021,Tier1_Partial,30%,384980,77.42,0.05,929920730
18089,"Disseminate information about nursing informatics science and practice to the profession, other heal...",Health Informatics Specialists,15-1211,Tier1_Writing,30%,497800,49.9,0.0588,911782193
18102,"Read current literature, talk with colleagues, and participate in professional organizations or conf...",Health Informatics Specialists,15-1211,Tier1_Knowledge,30%,497800,49.9,0.0588,911782193
15646,Provide assistance to internal or external auditors in compliance reviews....,Compliance Managers,11-9199,Tier1_Knowledge,30%,630980,65.65,0.0345,891326700
15644,"Provide employee training on compliance related topics, policies, or procedures....",Compliance Managers,11-9199,Tier1_Knowledge,30%,630980,65.65,0.0345,891326700
15656,Conduct or direct the internal investigation of compliance issues....,Compliance Managers,11-9199,Tier1_Knowledge,30%,630980,65.65,0.0345,891326700
15639,Consult with corporate attorneys as necessary to address difficult legal compliance issues....,Compliance Managers,11-9199,Tier1_Writing,30%,630980,65.65,0.0345,891326700
15650,Identify compliance issues that require follow-up or investigation....,Compliance Managers,11-9199,Tier1_Knowledge,30%,630980,65.65,0.0345,891326700
21806,"Assess blockchain threats, such as untested code and unprotected keys....",Blockchain Engineers,15-1299,Tier1_Knowledge,30%,439380,52.39,0.0588,844937045
3024,"Inspect, operate, or test machinery or equipment to diagnose machine malfunctions....","Maintenance and Repair Workers, General",49-9071,Tier1_Knowledge,30%,1531700,23.38,0.037,827635374
15714,Cancel orders based on customer requests or inventory or delivery problems....,Online Merchants,13-1199,Tier1_Knowledge,30%,1128200,39.07,0.0294,808975146
15704,Order or purchase merchandise to maintain optimal inventory levels....,Online Merchants,13-1199,Tier1_Knowledge,30%,1128200,39.07,0.0294,808975146
15731,"Receive and process payments from customers, using electronic transaction services....",Online Merchants,13-1199,Tier1_Knowledge,30%,1128200,39.07,0.0294,808975146
15720,"Investigate sources, such as auctions, estate sales, liquidators, wholesalers, or trade shows for ne...",Online Merchants,13-1199,Tier1_Knowledge,30%,1128200,39.07,0.0294,808975146
15712,"Create or distribute offline promotional material, such as brochures, pamphlets, business cards, sta...",Online Merchants,13-1199,Tier1_Knowledge,30%,1128200,39.07,0.0294,808975146
2180,Coordinate and supervise work of kitchen staff....,"Cooks, Restaurant",35-2014,Tier1_Knowledge,30%,1452130,17.71,0.05,802377336
2172,"Weigh, measure, and mix ingredients according to recipes or personal judgment, using various kitchen...","Cooks, Restaurant",35-2014,Tier1_Knowledge,30%,1452130,17.71,0.05,802377336
2185,Keep records and accounts....,"Cooks, Restaurant",35-2014,Tier1_Knowledge,30%,1452130,17.71,0.05,802377336
2184,Prepare relishes and hors d'oeuvres....,"Cooks, Restaurant",35-2014,Tier1_Knowledge,30%,1452130,17.71,0.05,802377336
2186,Plan and price menu items....,"Cooks, Restaurant",35-2014,Tier1_Knowledge,30%,1452130,17.71,0.05,802377336
2173,"Portion, arrange, and garnish food, and serve food to waiters or patrons....","Cooks, Restaurant",35-2014,Tier1_Knowledge,30%,1452130,17.71,0.05,802377336
1291,Refer major hardware or software problems or defective products to vendors or technicians for servic...,Computer User Support Specialists,15-1232,Tier1_Knowledge,30%,697210,29.01,0.0625,788816422
1293,"Read trade magazines and technical manuals, or attend conferences and seminars to maintain knowledge...",Computer User Support Specialists,15-1232,Tier1_Knowledge,30%,697210,29.01,0.0625,788816422
15566,Provide technical or scientific guidance to technical staff in the conduct of biofuels research or d...,Biofuels/Biodiesel Technology and Product Development Managers,11-9041,Tier1_Good,40%,210340,80.64,0.0556,784012902
15581,"Conduct research to breed or develop energy crops with improved biomass yield, environmental adaptab...",Biofuels/Biodiesel Technology and Product Development Managers,11-9041,Tier1_Good,40%,210340,80.64,0.0556,784012902
15564,Develop computational tools or approaches to improve biofuels research and development activities....,Biofuels/Biodiesel Technology and Product Development Managers,11-9041,Tier1_Good,40%,210340,80.64,0.0556,784012902
20287,"Coordinate conferences, meetings, or special events, such as luncheons or graduation ceremonies....","Secretaries and Administrative Assistants, Except Legal, Medical, and Executive",43-6014,Tier1_Knowledge,30%,1737820,22.26,0.0323,778668932
20290,"Prepare conference or event materials, such as flyers or invitations....","Secretaries and Administrative Assistants, Except Legal, Medical, and Executive",43-6014,Tier1_Knowledge,30%,1737820,22.26,0.0323,778668932
20285,"Perform payroll functions, such as maintaining timekeeping information and processing and submitting...","Secretaries and Administrative Assistants, Except Legal, Medical, and Executive",43-6014,Tier1_Knowledge,30%,1737820,22.26,0.0323,778668932
2806,"Provide services to customers, such as order placement or account information....","Secretaries and Administrative Assistants, Except Legal, Medical, and Executive",43-6014,Tier1_Knowledge,30%,1737820,22.26,0.0323,778668932
2790,"Answer telephones and give information to callers, take messages, or transfer calls to appropriate i...","Secretaries and Administrative Assistants, Except Legal, Medical, and Executive",43-6014,Tier1_Writing,30%,1737820,22.26,0.0323,778668932
2813,"Operate electronic mail systems and coordinate the flow of information, internally or with other org...","Secretaries and Administrative Assistants, Except Legal, Medical, and Executive",43-6014,Tier1_Knowledge,30%,1737820,22.26,0.0323,778668932
2795,Complete forms in accordance with company procedures....,"Secretaries and Administrative Assistants, Except Legal, Medical, and Executive",43-6014,Tier1_Writing,30%,1737820,22.26,0.0323,778668932
18854,Conduct exit interviews and ensure that necessary employment termination paperwork is completed....,Human Resources Specialists,13-1071,Tier1_Knowledge,30%,917460,35.05,0.0385,771767352
18873,"Coordinate with outside staffing agencies to secure temporary employees, based on departmental needs...",Human Resources Specialists,13-1071,Tier1_Knowledge,30%,917460,35.05,0.0385,771767352
18861,"Interpret and explain human resources policies, procedures, laws, standards, or regulations....",Human Resources Specialists,13-1071,Tier1_Knowledge,30%,917460,35.05,0.0385,771767352
18857,Contact job applicants to inform them of the status of their applications....,Human Resources Specialists,13-1071,Tier1_Writing,30%,917460,35.05,0.0385,771767352
18858,Develop or implement recruiting strategies to meet current or anticipated staffing needs....,Human Resources Specialists,13-1071,Tier1_Knowledge,30%,917460,35.05,0.0385,771767352
2504,Prepare trial balances of books....,"Bookkeeping, Accounting, and Auditing Clerks",43-3031,Tier1_Knowledge,30%,1455770,23.66,0.0357,767598406
18561,Prepare and process payroll information....,"Bookkeeping, Accounting, and Auditing Clerks",43-3031,Tier1_Knowledge,30%,1455770,23.66,0.0357,767598406
664,Examine products purchased for resale or received for storage to assess the condition of each produc...,First-Line Supervisors of Retail Sales Workers,41-1011,Tier1_Knowledge,30%,1113160,22.75,0.0476,752496160
676,Establish credit policies and operating procedures....,First-Line Supervisors of Retail Sales Workers,41-1011,Tier1_Knowledge,30%,1113160,22.75,0.0476,752496160
657,Provide customer service by greeting and assisting customers and responding to customer inquiries an...,First-Line Supervisors of Retail Sales Workers,41-1011,Tier1_Knowledge,30%,1113160,22.75,0.0476,752496160
668,Instruct staff on how to handle difficult and complicated sales....,First-Line Supervisors of Retail Sales Workers,41-1011,Tier1_Knowledge,30%,1113160,22.75,0.0476,752496160
663,"Enforce safety, health, and security rules....",First-Line Supervisors of Retail Sales Workers,41-1011,Tier1_Knowledge,30%,1113160,22.75,0.0476,752496160
662,"Keep records of purchases, sales, and requisitions....",First-Line Supervisors of Retail Sales Workers,41-1011,Tier1_Knowledge,30%,1113160,22.75,0.0476,752496160
659,Assign employees to specific duties....,First-Line Supervisors of Retail Sales Workers,41-1011,Tier1_Knowledge,30%,1113160,22.75,0.0476,752496160
667,"Establish and implement policies, goals, objectives, and procedures for the department....",First-Line Supervisors of Retail Sales Workers,41-1011,Tier1_Knowledge,30%,1113160,22.75,0.0476,752496160
675,"Confer with company officials to develop methods and procedures to increase sales, expand markets, a...",First-Line Supervisors of Retail Sales Workers,41-1011,Tier1_Knowledge,30%,1113160,22.75,0.0476,752496160
784,"Perform various clerical or administrative functions, such as ordering and maintaining an inventory ...",Medical Secretaries and Administrative Assistants,43-6013,Tier1_Knowledge,30%,830760,21.46,0.0667,741649359
787,"Perform bookkeeping duties, such as credits or collections, preparing and sending financial statemen...",Medical Secretaries and Administrative Assistants,43-6013,Tier1_Knowledge,30%,830760,21.46,0.0667,741649359
777,Answer telephones and direct calls to appropriate staff....,Medical Secretaries and Administrative Assistants,43-6013,Tier1_Knowledge,30%,830760,21.46,0.0667,741649359
20319,Combine secondary data sources with keyword research to more accurately profile and satisfy user int...,Search Marketing Strategists,13-1161,Tier1_Good,40%,861140,37.0,0.0278,736370382
20155,Keep records of employees' attendance and hours worked....,First-Line Supervisors of Production and Operating Workers,51-1011,Tier1_Knowledge,30%,685140,34.23,0.05,731713077
8455,"Inspect materials, products, or equipment to detect defects or malfunctions....",First-Line Supervisors of Production and Operating Workers,51-1011,Tier1_Knowledge,30%,685140,34.23,0.05,731713077
21207,Evaluate employee performance....,First-Line Supervisors of Production and Operating Workers,51-1011,Tier1_Knowledge,30%,685140,34.23,0.05,731713077
8465,Set up and adjust machines and equipment....,First-Line Supervisors of Production and Operating Workers,51-1011,Tier1_Knowledge,30%,685140,34.23,0.05,731713077
8467,Plan and develop new products and production processes....,First-Line Supervisors of Production and Operating Workers,51-1011,Tier1_Knowledge,30%,685140,34.23,0.05,731713077
15369,Conduct risk assessments related to sustainability and the environment....,Chief Sustainability Officers,11-1011,Tier1_Knowledge,30%,211850,99.24,0.0556,728831792
20844,Investigate alleged license or permit violations....,Government Property Inspectors and Investigators,13-1041,Tier1_Knowledge,30%,397770,37.7,0.0769,719804592
12895,Coordinate with or assist law enforcement agencies in matters of mutual concern....,Government Property Inspectors and Investigators,13-1041,Tier1_Knowledge,30%,397770,37.7,0.0769,719804592
12893,"Collect, identify, evaluate, or preserve case evidence....",Government Property Inspectors and Investigators,13-1041,Tier1_Knowledge,30%,397770,37.7,0.0769,719804592
12900,"Submit samples of products to government laboratories for testing, as required....",Government Property Inspectors and Investigators,13-1041,Tier1_Knowledge,30%,397770,37.7,0.0769,719804592
20845,Investigate applications for special licenses or permits....,Government Property Inspectors and Investigators,13-1041,Tier1_Knowledge,30%,397770,37.7,0.0769,719804592
12899,Recommend legal or administrative action to protect government property....,Government Property Inspectors and Investigators,13-1041,Tier1_Knowledge,30%,397770,37.7,0.0769,719804592
21767,Conduct investigations of information security breaches to identify vulnerabilities and evaluate the...,Information Security Engineers,15-1299,Tier1_Knowledge,30%,439380,52.39,0.05,718196488
21771,Develop information security standards and best practices....,Information Security Engineers,15-1299,Tier1_Knowledge,30%,439380,52.39,0.05,718196488
21774,Develop response and recovery strategies for security breaches....,Information Security Engineers,15-1299,Tier1_Knowledge,30%,439380,52.39,0.05,718196488
21794,Maintain cyber defense software or hardware to support responses to cyber incidents....,Digital Forensics Analysts,15-1299,Tier1_Knowledge,30%,439380,52.39,0.05,718196488
21797,Perform forensic investigations of operating or file systems....,Digital Forensics Analysts,15-1299,Tier1_Knowledge,30%,439380,52.39,0.05,718196488
21800,Recommend cyber defense software or hardware to support responses to cyber incidents....,Digital Forensics Analysts,15-1299,Tier1_Knowledge,30%,439380,52.39,0.05,718196488
21772,"Develop or implement software tools to assist in the detection, prevention, and analysis of security...",Information Security Engineers,15-1299,Tier1_Knowledge,30%,439380,52.39,0.05,718196488
3484,Specify inputs accessed by the system and plan the distribution and use of the results....,Computer Systems Analysts,15-1211,Tier1_Knowledge,30%,497800,49.9,0.0455,704558967
3469,Consult with management to ensure agreement on system principles....,Computer Systems Analysts,15-1211,Tier1_Knowledge,30%,497800,49.9,0.0455,704558967
3483,Prepare cost-benefit and return-on-investment analyses to aid in decisions on system implementation....,Computer Systems Analysts,15-1211,Tier1_Knowledge,30%,497800,49.9,0.0455,704558967
6571,"Provide students with disabilities with assistive devices, supportive technology, and assistance acc...","Elementary School Teachers, Except Special Education",25-2021,Tier1_Knowledge,30%,1393310,29.97,0.0263,685728516
6549,Guide and counsel students with adjustment or academic problems or with special academic interests....,"Elementary School Teachers, Except Special Education",25-2021,Tier1_Knowledge,30%,1393310,29.97,0.0263,685728516
6538,Adapt teaching methods and instructional materials to meet students' varying needs and interests....,"Elementary School Teachers, Except Special Education",25-2021,Tier1_Knowledge,30%,1393310,29.97,0.0263,685728516
6572,"Sponsor extracurricular activities, such as clubs, student organizations, and academic contests....","Elementary School Teachers, Except Special Education",25-2021,Tier1_Knowledge,30%,1393310,29.97,0.0263,685728516
6548,Prepare students for later grades by encouraging them to explore learning opportunities and to perse...,"Elementary School Teachers, Except Special Education",25-2021,Tier1_Knowledge,30%,1393310,29.97,0.0263,685728516
6537,Prepare materials and classrooms for class activities....,"Elementary School Teachers, Except Special Education",25-2021,Tier1_Knowledge,30%,1393310,29.97,0.0263,685728516
6555,Meet with other professionals to discuss individual students' needs and progress....,"Elementary School Teachers, Except Special Education",25-2021,Tier1_Writing,30%,1393310,29.97,0.0263,685728516
6542,Assign and grade class work and homework....,"Elementary School Teachers, Except Special Education",25-2021,Tier1_Knowledge,30%,1393310,29.97,0.0263,685728516
14686,"Research, test, or verify proper functioning of software patches and fixes....",Computer Systems Engineers/Architects,15-1299,Tier1_Good,40%,439380,52.39,0.0357,683996655
16164,Develop implementation plans that include analyses such as cost-benefit or return on investment (ROI...,Information Technology Project Managers,15-1299,Tier1_Knowledge,30%,439380,52.39,0.0476,683996655
17663,"Provide customers with information, such as quotes, orders, sales, shipping, warranties, credit, fun...",Solar Sales Representatives and Assessors,41-4011,Tier1_Knowledge,30%,293930,48.11,0.0769,678766670
17660,Develop marketing or strategic plans for sales territories....,Solar Sales Representatives and Assessors,41-4011,Tier1_Knowledge,30%,293930,48.11,0.0769,678766670
17664,"Provide technical information about solar power, solar systems, equipment, and services to potential...",Solar Sales Representatives and Assessors,41-4011,Tier1_Knowledge,30%,293930,48.11,0.0769,678766670
17665,Take quote requests or orders from dealers or customers....,Solar Sales Representatives and Assessors,41-4011,Tier1_Knowledge,30%,293930,48.11,0.0769,678766670
20406,Update or troubleshoot pharmacy information databases....,Pharmacists,29-1051,Tier1_Writing,30%,328870,66.1,0.05,678235178
1818,Refer patients to other health professionals or agencies when appropriate....,Pharmacists,29-1051,Tier1_Knowledge,30%,328870,66.1,0.05,678235178
1816,"Compound and dispense medications as prescribed by doctors and dentists, by calculating, weighing, m...",Pharmacists,29-1051,Tier1_Knowledge,30%,328870,66.1,0.05,678235178
1811,"Order and purchase pharmaceutical supplies, medical supplies, or drugs, maintaining stock and storin...",Pharmacists,29-1051,Tier1_Knowledge,30%,328870,66.1,0.05,678235178
20405,Contact insurance companies to resolve billing issues....,Pharmacists,29-1051,Tier1_Knowledge,30%,328870,66.1,0.05,678235178
1809,"Provide information and advice regarding drug interactions, side effects, dosage, and proper medicat...",Pharmacists,29-1051,Tier1_Partial,30%,328870,66.1,0.05,678235178
1824,"Assess the identity, strength, or purity of medications....",Pharmacists,29-1051,Tier1_Knowledge,30%,328870,66.1,0.05,678235178
1826,"Publish educational information for other pharmacists, doctors, or patients....",Pharmacists,29-1051,Tier1_Knowledge,30%,328870,66.1,0.05,678235178
19610,"Direct engineering activities, ensuring compliance with environmental, safety, or other governmental...",Civil Engineers,17-2051,Tier1_Knowledge,30%,355410,47.88,0.0625,663664201
2879,Maintain current electrician's license or identification card to meet governmental regulations....,Electricians,47-2111,Tier1_Knowledge,30%,742580,29.98,0.0476,661515724
21747,Configure information systems to incorporate principles of least functionality and least access....,Penetration Testers,15-1299,Tier1_Writing,30%,439380,52.39,0.0455,652905898
21756,Gather cyber intelligence to identify vulnerabilities....,Penetration Testers,15-1299,Tier1_Knowledge,30%,439380,52.39,0.0455,652905898
21757,"Identify new threat tactics, techniques, or procedures used by cyber threat actors....",Penetration Testers,15-1299,Tier1_Knowledge,30%,439380,52.39,0.0455,652905898
21744,"Assess the physical security of servers, systems, or network devices to identify vulnerability to te...",Penetration Testers,15-1299,Tier1_Knowledge,30%,439380,52.39,0.0455,652905898
6646,Assign and grade class work and homework....,"Secondary School Teachers, Except Special and Career/Technical Education",25-2031,Tier1_Knowledge,30%,1072540,31.05,0.0312,649355936
6658,Meet with other professionals to discuss individual students' needs and progress....,"Secondary School Teachers, Except Special and Career/Technical Education",25-2031,Tier1_Writing,30%,1072540,31.05,0.0312,649355936
6667,"Sponsor extracurricular activities, such as clubs, student organizations, and academic contests....","Secondary School Teachers, Except Special and Career/Technical Education",25-2031,Tier1_Knowledge,30%,1072540,31.05,0.0312,649355936
6650,Prepare students for later grades by encouraging them to explore learning opportunities and to perse...,"Secondary School Teachers, Except Special and Career/Technical Education",25-2031,Tier1_Knowledge,30%,1072540,31.05,0.0312,649355936
6643,Prepare materials and classrooms for class activities....,"Secondary School Teachers, Except Special and Career/Technical Education",25-2031,Tier1_Knowledge,30%,1072540,31.05,0.0312,649355936
6644,Adapt teaching methods and instructional materials to meet students' varying needs and interests....,"Secondary School Teachers, Except Special and Career/Technical Education",25-2031,Tier1_Knowledge,30%,1072540,31.05,0.0312,649355936
6651,"Guide and counsel students with adjustments, academic problems, or special academic interests....","Secondary School Teachers, Except Special and Career/Technical Education",25-2031,Tier1_Knowledge,30%,1072540,31.05,0.0312,649355936
6670,"Provide students with disabilities with assistive devices, supportive technology, and assistance acc...","Secondary School Teachers, Except Special and Career/Technical Education",25-2031,Tier1_Knowledge,30%,1072540,31.05,0.0312,649355936
7777,Refer patients to medical specialists or other practitioners when necessary....,Family Medicine Physicians,29-1215,Tier1_Knowledge,30%,107950,114.61,0.0833,643351774
7771,"Prescribe or administer treatment, therapy, medication, vaccination, and other specialized medical c...",Family Medicine Physicians,29-1215,Tier1_Knowledge,30%,107950,114.61,0.0833,643351774
7776,"Advise patients and community members concerning diet, activity, hygiene, and disease prevention....",Family Medicine Physicians,29-1215,Tier1_Knowledge,30%,107950,114.61,0.0833,643351774
7778,"Direct and coordinate activities of nurses, students, assistants, specialists, therapists, and other...",Family Medicine Physicians,29-1215,Tier1_Knowledge,30%,107950,114.61,0.0833,643351774
20120,"Train residents, medical students, and other health care professionals....",Family Medicine Physicians,29-1215,Tier1_Knowledge,30%,107950,114.61,0.0833,643351774
2917,Counsel employees about work-related issues and assist employees to correct job-skill deficiencies....,"First-Line Supervisors of Mechanics, Installers, and Repairers",49-1011,Tier1_Writing,30%,600680,37.64,0.0455,641290337
16221,"Search electronic sources, such as databases or repositories, or manual sources for information....",Document Management Specialists,15-1299,Tier1_Writing,30%,439380,52.39,0.0435,624518685
16230,Consult with end users regarding problems in accessing electronic content....,Document Management Specialists,15-1299,Tier1_Writing,30%,439380,52.39,0.0435,624518685
15454,"Supervise production employees in the manufacturing of biofuels, such as biodiesel or ethanol....",Biofuels Production Managers,11-3051,Tier1_Knowledge,30%,234380,58.39,0.0714,609979977
15461,"Adjust temperature, pressure, vacuum, level, flow rate, or transfer of biofuels to maintain processe...",Biofuels Production Managers,11-3051,Tier1_Knowledge,30%,234380,58.39,0.0714,609979977
755,"Collect, sort, distribute, or prepare mail, messages, or courier deliveries....",Receptionists and Information Clerks,43-4171,Tier1_Knowledge,30%,964530,17.9,0.0556,598523016
745,Receive payment and record receipts for services....,Receptionists and Information Clerks,43-4171,Tier1_Knowledge,30%,964530,17.9,0.0556,598523016
727,Confer with clients to obtain and provide information when claims are made on a policy....,Insurance Sales Agents,41-3021,Tier1_Good,40%,469480,29.02,0.0526,596601347
15571,Develop methods to recover ethanol or other fuels from complex bioreactor liquid and gas streams....,Biofuels/Biodiesel Technology and Product Development Managers,11-9041,Tier1_Knowledge,30%,210340,80.64,0.0556,588009677
15576,Conduct experiments on biomass or pretreatment technologies....,Biofuels/Biodiesel Technology and Product Development Managers,11-9041,Tier1_Knowledge,30%,210340,80.64,0.0556,588009677
15577,Conduct experiments to test new or alternate feedstock fermentation processes....,Biofuels/Biodiesel Technology and Product Development Managers,11-9041,Tier1_Knowledge,30%,210340,80.64,0.0556,588009677
21460,Provide assistance to internal or external auditors in compliance reviews....,Compliance Officers,13-1041,Tier1_Knowledge,30%,397770,37.7,0.0625,584841231
21458,Identify compliance issues that require follow-up or investigation....,Compliance Officers,13-1041,Tier1_Knowledge,30%,397770,37.7,0.0625,584841231
21448,"Advise licensees or other individuals or groups concerning licensing, permit, or passport regulation...",Compliance Officers,13-1041,Tier1_Writing,30%,397770,37.7,0.0625,584841231
2167,Evaluate new products for usefulness and suitability....,First-Line Supervisors of Food Preparation and Serving Workers,35-1012,Tier1_Knowledge,30%,1187460,20.2,0.0385,575680608
18720,"Conduct meetings and collaborate with other personnel for menu planning, serving arrangements, and r...",First-Line Supervisors of Food Preparation and Serving Workers,35-1012,Tier1_Knowledge,30%,1187460,20.2,0.0385,575680608
2161,Purchase or requisition supplies and equipment needed to ensure quality and timely delivery of servi...,First-Line Supervisors of Food Preparation and Serving Workers,35-1012,Tier1_Knowledge,30%,1187460,20.2,0.0385,575680608
2144,Compile and balance cash receipts at the end of the day or shift....,First-Line Supervisors of Food Preparation and Serving Workers,35-1012,Tier1_Partial,30%,1187460,20.2,0.0385,575680608
2156,"Greet and seat guests, and present menus and wine lists....",First-Line Supervisors of Food Preparation and Serving Workers,35-1012,Tier1_Knowledge,30%,1187460,20.2,0.0385,575680608
2154,"Specify food portions and courses, production and time sequences, and workstation and equipment arra...",First-Line Supervisors of Food Preparation and Serving Workers,35-1012,Tier1_Knowledge,30%,1187460,20.2,0.0385,575680608
2155,Recommend measures for improving work procedures and worker performance to increase service quality ...,First-Line Supervisors of Food Preparation and Serving Workers,35-1012,Tier1_Knowledge,30%,1187460,20.2,0.0385,575680608
2150,"Assign duties, responsibilities, and work stations to employees in accordance with work requirements...",First-Line Supervisors of Food Preparation and Serving Workers,35-1012,Tier1_Knowledge,30%,1187460,20.2,0.0385,575680608
8848,Direct or conduct studies or research on issues affecting areas of responsibility....,Chief Executives,11-1011,Tier1_Good,40%,211850,99.24,0.0323,564256871
1639,"Direct and coordinate law office activity, including delivery of subpoenas....",Paralegals and Legal Assistants,23-2011,Tier1_Knowledge,30%,367220,29.33,0.0833,560069255
18493,Meet with clients and other professionals to discuss details of cases....,Paralegals and Legal Assistants,23-2011,Tier1_Knowledge,30%,367220,29.33,0.0833,560069255
18496,"Arbitrate disputes between parties and assist in the real estate closing process, such as by reviewi...",Paralegals and Legal Assistants,23-2011,Tier1_Knowledge,30%,367220,29.33,0.0833,560069255
18492,Prepare for trial by performing tasks such as organizing exhibits....,Paralegals and Legal Assistants,23-2011,Tier1_Knowledge,30%,367220,29.33,0.0833,560069255
20176,"Develop or implement policies, standards, or procedures for engineering and technical work....",Architectural and Engineering Managers,11-9041,Tier1_Knowledge,30%,210340,80.64,0.0526,557061799
20327,"Improve search-related activities through ongoing analysis, experimentation, or optimization tests, ...",Search Marketing Strategists,13-1161,Tier1_Knowledge,30%,861140,37.0,0.0278,552277787
11474,"Place, consolidate, or protect case-in-place concrete or masonry structures....",Construction Laborers,47-2061,Tier1_Knowledge,30%,1057660,22.47,0.037,549249889
11457,"Control traffic passing near, in, or around work zones....",Construction Laborers,47-2061,Tier1_Knowledge,30%,1057660,22.47,0.037,549249889
11463,"Erect or dismantle scaffolding, shoring, braces, traffic barricades, ramps, or other temporary struc...",Construction Laborers,47-2061,Tier1_Knowledge,30%,1057660,22.47,0.037,549249889
16388,"Develop or implement human performance research, investigation, or analysis protocols....",Human Factors Engineers and Ergonomists,17-2112,Tier1_Good,40%,350230,48.63,0.0385,545013917
515,Record food and fluid intake and output....,Licensed Practical and Licensed Vocational Nurses,29-2061,Tier1_Knowledge,30%,632430,29.97,0.0455,537602296
529,Set up equipment and prepare medical treatment rooms....,Licensed Practical and Licensed Vocational Nurses,29-2061,Tier1_Knowledge,30%,632430,29.97,0.0455,537602296
511,"Provide basic patient care or treatments, such as taking temperatures or blood pressures, dressing w...",Licensed Practical and Licensed Vocational Nurses,29-2061,Tier1_Knowledge,30%,632430,29.97,0.0455,537602296
513,Supervise nurses' aides or assistants....,Licensed Practical and Licensed Vocational Nurses,29-2061,Tier1_Knowledge,30%,632430,29.97,0.0455,537602296
1393,"Recommend methods for improving utilization of personnel, material, and utilities....",Industrial Engineers,17-2112,Tier1_Knowledge,30%,350230,48.63,0.05,531388569
21591,Evaluate and compare the relative quality of various securities in a given industry....,Financial and Investment Analysts,13-2051,Tier1_Good,40%,340580,48.73,0.0385,531086829
2040,Perform routine laboratory tests and sample analyses....,Medical Assistants,31-9092,Tier1_Knowledge,30%,793460,21.25,0.05,526063980
2041,Set up medical laboratory equipment....,Medical Assistants,31-9092,Tier1_Knowledge,30%,793460,21.25,0.05,526063980
2024,"Interview patients to obtain medical information and measure their vital signs, weight, and height....",Medical Assistants,31-9092,Tier1_Knowledge,30%,793460,21.25,0.05,526063980
10880,"Participate in the recruitment of employees through job fairs, career days, or advertising plans....",Equal Opportunity Representatives and Officers,13-1041,Tier1_Knowledge,30%,397770,37.7,0.0556,519858872
20721,Meet with persons involved in equal opportunity complaints to arbitrate and settle disputes....,Equal Opportunity Representatives and Officers,13-1041,Tier1_Writing,30%,397770,37.7,0.0556,519858872
20720,Interview persons involved in equal opportunity complaints to verify case information....,Equal Opportunity Representatives and Officers,13-1041,Tier1_Knowledge,30%,397770,37.7,0.0556,519858872
10878,Consult with community representatives to develop technical assistance agreements in accordance with...,Equal Opportunity Representatives and Officers,13-1041,Tier1_Knowledge,30%,397770,37.7,0.0556,519858872
10867,Study equal opportunity complaints to clarify issues....,Equal Opportunity Representatives and Officers,13-1041,Tier1_Partial,30%,397770,37.7,0.0556,519858872
10879,Meet with job search committees or coordinators to explain the role of the equal opportunity coordin...,Equal Opportunity Representatives and Officers,13-1041,Tier1_Knowledge,30%,397770,37.7,0.0556,519858872
10874,"Counsel newly hired members of minority or disadvantaged groups, informing them about details of civ...",Equal Opportunity Representatives and Officers,13-1041,Tier1_Knowledge,30%,397770,37.7,0.0556,519858872
4082,Supervise and coordinate activities of technicians and technical assistants....,Physician Assistants,29-1071,Tier1_Knowledge,30%,155540,64.07,0.0833,518203286
4079,"Perform therapeutic procedures, such as injections, immunizations, suturing and wound care, and infe...",Physician Assistants,29-1071,Tier1_Knowledge,30%,155540,64.07,0.0833,518203286
4074,Interpret diagnostic test results for deviations from normal....,Physician Assistants,29-1071,Tier1_Knowledge,30%,155540,64.07,0.0833,518203286
14666,Communicate with staff or clients to understand specific system requirements....,Computer Systems Engineers/Architects,15-1299,Tier1_Knowledge,30%,439380,52.39,0.0357,512997491
14673,"Identify system data, hardware, or software components required to meet user needs....",Computer Systems Engineers/Architects,15-1299,Tier1_Knowledge,30%,439380,52.39,0.0357,512997491
14669,"Verify stability, interoperability, portability, security, or scalability of system architecture....",Computer Systems Engineers/Architects,15-1299,Tier1_Knowledge,30%,439380,52.39,0.0357,512997491
14692,Develop application-specific software....,Computer Systems Engineers/Architects,15-1299,Tier1_Knowledge,30%,439380,52.39,0.0357,512997491
14681,"Define and analyze objectives, scope, issues, or organizational impact of information systems....",Computer Systems Engineers/Architects,15-1299,Tier1_Knowledge,30%,439380,52.39,0.0357,512997491
14672,Provide technical guidance or support for the development or troubleshooting of systems....,Computer Systems Engineers/Architects,15-1299,Tier1_Knowledge,30%,439380,52.39,0.0357,512997491
23051,"Identify, pursue, and arrest suspects and perpetrators of criminal acts....",Police and Sheriff's Patrol Officers,33-3051,Tier1_Knowledge,30%,666990,36.68,0.0333,508876019
23078,"Supervise law enforcement staff, such as jail staff, officers, and deputy sheriffs....",Police and Sheriff's Patrol Officers,33-3051,Tier1_Knowledge,30%,666990,36.68,0.0333,508876019
23076,Provide road information to assist motorists....,Police and Sheriff's Patrol Officers,33-3051,Tier1_Writing,30%,666990,36.68,0.0333,508876019
23052,"Provide for public safety by maintaining order, responding to emergencies, protecting people and pro...",Police and Sheriff's Patrol Officers,33-3051,Tier1_Knowledge,30%,666990,36.68,0.0333,508876019
23055,Investigate illegal or suspicious activities....,Police and Sheriff's Patrol Officers,33-3051,Tier1_Knowledge,30%,666990,36.68,0.0333,508876019
23074,Inform citizens of community services and recommend options to facilitate longer-term problem resolu...,Police and Sheriff's Patrol Officers,33-3051,Tier1_Knowledge,30%,666990,36.68,0.0333,508876019
23069,Notify patrol units to take violators into custody or to provide needed assistance or medical aid....,Police and Sheriff's Patrol Officers,33-3051,Tier1_Knowledge,30%,666990,36.68,0.0333,508876019
23062,Verify that the proper legal charges have been made against law offenders....,Police and Sheriff's Patrol Officers,33-3051,Tier1_Knowledge,30%,666990,36.68,0.0333,508876019
23061,Relay complaint and emergency-request information to appropriate agency dispatchers....,Police and Sheriff's Patrol Officers,33-3051,Tier1_Writing,30%,666990,36.68,0.0333,508876019
23066,"Patrol specific area on foot, horseback, or motorized conveyance, responding promptly to calls for a...",Police and Sheriff's Patrol Officers,33-3051,Tier1_Knowledge,30%,666990,36.68,0.0333,508876019
23075,"Locate and confiscate real or personal property, as directed by court order....",Police and Sheriff's Patrol Officers,33-3051,Tier1_Knowledge,30%,666990,36.68,0.0333,508876019
18130,Prepare validation or performance qualification protocols for new or modified manufacturing processe...,Validation Engineers,17-2112,Tier1_Knowledge,30%,350230,48.63,0.0476,506084351
18127,"Conduct validation or qualification tests of new or existing processes, equipment, or software in ac...",Validation Engineers,17-2112,Tier1_Knowledge,30%,350230,48.63,0.0476,506084351
18141,Assist in training equipment operators or other staff on validation protocols and standard operating...,Validation Engineers,17-2112,Tier1_Knowledge,30%,350230,48.63,0.0476,506084351
19647,"Validate or characterize sustainable or environmentally friendly products, using electronic testing ...",Validation Engineers,17-2112,Tier1_Knowledge,30%,350230,48.63,0.0476,506084351
11816,"Examine parts for defects, such as breakage or excessive wear....",Industrial Machinery Mechanics,49-9041,Tier1_Knowledge,30%,421940,30.65,0.0625,504365979
11824,"Record parts or materials used and order or requisition new parts or materials, as necessary....",Industrial Machinery Mechanics,49-9041,Tier1_Knowledge,30%,421940,30.65,0.0625,504365979
11821,"Analyze test results, machine error messages, or information obtained from operators to diagnose equ...",Industrial Machinery Mechanics,49-9041,Tier1_Knowledge,30%,421940,30.65,0.0625,504365979
11826,Demonstrate equipment functions and features to machine operators....,Industrial Machinery Mechanics,49-9041,Tier1_Knowledge,30%,421940,30.65,0.0625,504365979
15434,Communicate geothermal plant conditions to employees....,Geothermal Production Managers,11-3051,Tier1_Knowledge,30%,234380,58.39,0.0588,502336452
15432,Conduct well field site assessments....,Geothermal Production Managers,11-3051,Tier1_Knowledge,30%,234380,58.39,0.0588,502336452
15440,Negotiate interconnection agreements with other utilities....,Geothermal Production Managers,11-3051,Tier1_Writing,30%,234380,58.39,0.0588,502336452
17061,Present research findings at national meetings or in peer-reviewed journals....,Allergists and Immunologists,29-1229,Tier1_Good,40%,315360,30.61,0.0625,501964819
17064,Conduct laboratory or clinical research on allergy or immunology topics....,Allergists and Immunologists,29-1229,Tier1_Good,40%,315360,30.61,0.0625,501964819
19330,Prepare or serve food trays....,Nursing Assistants,31-1131,Tier1_Knowledge,30%,1388430,19.01,0.0303,499087572
19344,"Exercise patients who are comatose, paralyzed, or have restricted mobility....",Nursing Assistants,31-1131,Tier1_Knowledge,30%,1388430,19.01,0.0303,499087572
19325,Feed patients or assist patients to eat or drink....,Nursing Assistants,31-1131,Tier1_Knowledge,30%,1388430,19.01,0.0303,499087572
19331,"Provide physical support to assist patients to perform daily living activities, such as getting out ...",Nursing Assistants,31-1131,Tier1_Knowledge,30%,1388430,19.01,0.0303,499087572
19341,Turn or reposition bedridden patients....,Nursing Assistants,31-1131,Tier1_Knowledge,30%,1388430,19.01,0.0303,499087572
19334,Remind patients to take medications or nutritional supplements....,Nursing Assistants,31-1131,Tier1_Knowledge,30%,1388430,19.01,0.0303,499087572
21732,"Confer with users to analyze, configure, or troubleshoot applications....",Geographic Information Systems Technologists and Technicians,15-1299,Tier1_Knowledge,30%,439380,52.39,0.0345,495307923
21743,"Recommend procedures, equipment, or software upgrades to increase data accessibility or ease of use....",Geographic Information Systems Technologists and Technicians,15-1299,Tier1_Knowledge,30%,439380,52.39,0.0345,495307923
10840,Research and keep informed of pertinent information and developments in areas such as EPA laws and r...,Environmental Compliance Inspectors,13-1041,Tier1_Good,40%,397770,37.7,0.0385,479869728
18575,"Prepare agendas and make arrangements, such as coordinating catering for luncheons, for committee, b...",Executive Secretaries and Executive Administrative Assistants,43-6011,Tier1_Knowledge,30%,472770,35.7,0.0455,478718306
18573,Answer phone calls and direct calls to appropriate parties or take messages....,Executive Secretaries and Executive Administrative Assistants,43-6011,Tier1_Knowledge,30%,472770,35.7,0.0455,478718306
18578,Process payroll information....,Executive Secretaries and Executive Administrative Assistants,43-6011,Tier1_Writing,30%,472770,35.7,0.0455,478718306
2782,Attend meetings to record minutes....,Executive Secretaries and Executive Administrative Assistants,43-6011,Tier1_Knowledge,30%,472770,35.7,0.0455,478718306
15515,Identify and communicate power system emergencies....,Hydroelectric Production Managers,11-3051,Tier1_Knowledge,30%,234380,58.39,0.0556,474428871
16426,Conduct research studies to develop new concepts in the field of automotive engineering....,Automotive Engineers,17-2141,Tier1_Good,40%,286760,49.19,0.04,469438508
8923,Provide information concerning the circumstances of death to relatives of the deceased....,Coroners,13-1041,Tier1_Partial,30%,397770,37.7,0.05,467872985
8913,"Inquire into the cause, manner, and circumstances of human deaths and establish the identities of de...",Coroners,13-1041,Tier1_Knowledge,30%,397770,37.7,0.05,467872985
8915,"Complete death certificates, including the assignment of cause and manner of death....",Coroners,13-1041,Tier1_Knowledge,30%,397770,37.7,0.05,467872985
8912,"Perform medicolegal examinations and autopsies, conducting preliminary examinations of the body to i...",Coroners,13-1041,Tier1_Knowledge,30%,397770,37.7,0.05,467872985
8928,Arrange for the next of kin to be notified of deaths....,Coroners,13-1041,Tier1_Knowledge,30%,397770,37.7,0.05,467872985
8921,Interview persons present at death scenes to obtain information useful in determining the manner of ...,Coroners,13-1041,Tier1_Partial,30%,397770,37.7,0.05,467872985
8925,Confer with officials of public health and law enforcement agencies to coordinate interdepartmental ...,Coroners,13-1041,Tier1_Knowledge,30%,397770,37.7,0.05,467872985
16139,"Maintain or update business intelligence tools, databases, dashboards, systems, or methods....",Business Intelligence Analysts,15-2051,Tier1_Knowledge,30%,233440,54.13,0.0588,463819464
16140,Manage timely flow of business intelligence information to users....,Business Intelligence Analysts,15-2051,Tier1_Knowledge,30%,233440,54.13,0.0588,463819464
1324,Confer with network users about solutions to existing system problems....,Network and Computer Systems Administrators,15-1244,Tier1_Writing,30%,318570,46.54,0.05,462578931
21268,"Oversee payroll functions, such as maintaining timekeeping information and processing and submitting...",Administrative Services Managers,11-3012,Tier1_Knowledge,30%,254140,52.11,0.0556,459098827
21270,Represent work unit at meetings or conferences and serve as liaison for requests or complaints....,Administrative Services Managers,11-3012,Tier1_Writing,30%,254140,52.11,0.0556,459098827
19,"Direct or coordinate the supportive services department of a business, agency, or organization....",Administrative Services Managers,11-3012,Tier1_Knowledge,30%,254140,52.11,0.0556,459098827
30,Conduct classes to teach procedures to staff....,Administrative Services Managers,11-3012,Tier1_Knowledge,30%,254140,52.11,0.0556,459098827
23,"Acquire, distribute and store supplies....",Administrative Services Managers,11-3012,Tier1_Knowledge,30%,254140,52.11,0.0556,459098827
15476,"Inspect biomass gasification processes, equipment, and facilities for ways to maximize capacity and ...",Biomass Power Plant Managers,11-3051,Tier1_Knowledge,30%,234380,58.39,0.0526,449458930
15467,Adjust equipment controls to generate specified amounts of electrical power....,Biomass Power Plant Managers,11-3051,Tier1_Knowledge,30%,234380,58.39,0.0526,449458930
15475,"Operate controls to start, stop, or regulate biomass-fueled generators, generator units, boilers, en...",Biomass Power Plant Managers,11-3051,Tier1_Knowledge,30%,234380,58.39,0.0526,449458930
7522,"Consult with and advise physicians, educators, researchers, and others regarding medical application...","Medical Scientists, Except Epidemiologists",19-1042,Tier1_Good,40%,156300,48.36,0.0714,449200841
722,"Interview prospective clients to obtain data about their financial resources and needs, the physical...",Insurance Sales Agents,41-3021,Tier1_Knowledge,30%,469480,29.02,0.0526,447451010
726,"Ensure that policy requirements are fulfilled, including any necessary medical examinations and the ...",Insurance Sales Agents,41-3021,Tier1_Knowledge,30%,469480,29.02,0.0526,447451010
731,Develop marketing strategies to compete with other individuals or companies who sell insurance....,Insurance Sales Agents,41-3021,Tier1_Knowledge,30%,469480,29.02,0.0526,447451010
9587,Move and arrange furniture and turn mattresses....,Maids and Housekeeping Cleaners,37-2012,Tier1_Knowledge,30%,854910,16.66,0.05,444375379
9586,"Deliver television sets, ironing boards, baby cribs, and rollaway beds to guests' rooms....",Maids and Housekeeping Cleaners,37-2012,Tier1_Knowledge,30%,854910,16.66,0.05,444375379
19649,Analyze the financial impacts of sustainable manufacturing processes or sustainable product manufact...,Manufacturing Engineers,17-2112,Tier1_Knowledge,30%,350230,48.63,0.0417,442823807
18186,Train production personnel in new or existing methods....,Manufacturing Engineers,17-2112,Tier1_Knowledge,30%,350230,48.63,0.0417,442823807
19651,"Evaluate current or proposed manufacturing processes or practices for environmental sustainability, ...",Manufacturing Engineers,17-2112,Tier1_Knowledge,30%,350230,48.63,0.0417,442823807
18393,"Provide patients with information needed to promote health, reduce risk factors, or prevent disease ...",Nurse Practitioners,29-1171,Tier1_Knowledge,30%,307390,62.12,0.037,441308210
18401,"Keep abreast of regulatory processes and payer systems, such as Medicare, Medicaid, managed care, an...",Nurse Practitioners,29-1171,Tier1_Knowledge,30%,307390,62.12,0.037,441308210
18384,"Diagnose or treat chronic health care problems, such as high blood pressure and diabetes....",Nurse Practitioners,29-1171,Tier1_Knowledge,30%,307390,62.12,0.037,441308210
18394,"Recommend diagnostic or therapeutic interventions with attention to safety, cost, invasiveness, simp...",Nurse Practitioners,29-1171,Tier1_Knowledge,30%,307390,62.12,0.037,441308210
18380,Counsel patients about drug regimens and possible side effects or interactions with other substances...,Nurse Practitioners,29-1171,Tier1_Knowledge,30%,307390,62.12,0.037,441308210
18402,"Maintain current knowledge of state legal regulations for nurse practitioner practice, including rei...",Nurse Practitioners,29-1171,Tier1_Knowledge,30%,307390,62.12,0.037,441308210
18395,Recommend interventions to modify behavior associated with health risks....,Nurse Practitioners,29-1171,Tier1_Knowledge,30%,307390,62.12,0.037,441308210
18387,"Consult with, or refer patients to, appropriate specialists when conditions exceed the scope of prac...",Nurse Practitioners,29-1171,Tier1_Knowledge,30%,307390,62.12,0.037,441308210
18400,"Read current literature, talk with colleagues, or participate in professional organizations or confe...",Nurse Practitioners,29-1171,Tier1_Knowledge,30%,307390,62.12,0.037,441308210
18403,Maintain departmental policies and procedures in areas such as safety and infection control....,Nurse Practitioners,29-1171,Tier1_Knowledge,30%,307390,62.12,0.037,441308210
18390,"Perform primary care procedures such as suturing, splinting, administering immunizations, taking cul...",Nurse Practitioners,29-1171,Tier1_Knowledge,30%,307390,62.12,0.037,441308210
18398,Provide patients or caregivers with assistance in locating health care resources....,Nurse Practitioners,29-1171,Tier1_Knowledge,30%,307390,62.12,0.037,441308210
6108,Collaborate with colleagues to address teaching and research issues....,"Health Specialties Teachers, Postsecondary",25-1071,Tier1_Good,40%,229720,50.78,0.0455,441145935
6101,"Compile, administer, and grade examinations, or assign this work to others....","Health Specialties Teachers, Postsecondary",25-1071,Tier1_Good,40%,229720,50.78,0.0455,441145935
93,"Keep up with developments in area of expertise by reading current journals, books, or magazine artic...",Training and Development Specialists,13-1151,Tier1_Knowledge,30%,436610,31.66,0.05,431279865
17107,Admit patients for hospital stays....,Hospitalists,29-1229,Tier1_Knowledge,30%,315360,30.61,0.0714,430255559
17102,Prescribe medications or treatment regimens to hospital inpatients....,Hospitalists,29-1229,Tier1_Knowledge,30%,315360,30.61,0.0714,430255559
17282,Teach or train medical and clinical staff....,Urologists,29-1229,Tier1_Knowledge,30%,315360,30.61,0.0714,430255559
17285,"Refer patients to specialists when condition exceeds experience, expertise, or scope of practice....",Urologists,29-1229,Tier1_Knowledge,30%,315360,30.61,0.0714,430255559
17284,Provide urology consultation to physicians or other health care professionals....,Urologists,29-1229,Tier1_Knowledge,30%,315360,30.61,0.0714,430255559
17287,Treat urologic disorders using alternatives to traditional surgery such as extracorporeal shock wave...,Urologists,29-1229,Tier1_Knowledge,30%,315360,30.61,0.0714,430255559
17289,"Prescribe or administer antibiotics, antiseptics, or compresses to treat infection or injury....",Urologists,29-1229,Tier1_Knowledge,30%,315360,30.61,0.0714,430255559
17293,"Order and interpret the results of diagnostic tests, such as prostate specific antigen (PSA) screeni...",Urologists,29-1229,Tier1_Knowledge,30%,315360,30.61,0.0714,430255559
17295,Diagnose or treat diseases or disorders of genitourinary organs and tracts including erectile dysfun...,Urologists,29-1229,Tier1_Knowledge,30%,315360,30.61,0.0714,430255559
17097,Participate in continuing education activities to maintain or enhance knowledge and skills....,Hospitalists,29-1229,Tier1_Knowledge,30%,315360,30.61,0.0714,430255559
17104,Attend inpatient consultations in areas of specialty....,Hospitalists,29-1229,Tier1_Knowledge,30%,315360,30.61,0.0714,430255559
17096,"Refer patients to medical specialists, social services, or other professionals as appropriate....",Hospitalists,29-1229,Tier1_Knowledge,30%,315360,30.61,0.0714,430255559
23436,Select and order lumber or other required materials....,Carpenters,47-2031,Tier1_Knowledge,30%,697740,28.51,0.0345,428033174
23441,"Anchor and brace forms and other structures in place, using nails, bolts, anchor rods, steel cables,...",Carpenters,47-2031,Tier1_Knowledge,30%,697740,28.51,0.0345,428033174
23440,Erect scaffolding or ladders for assembling structures above ground level....,Carpenters,47-2031,Tier1_Knowledge,30%,697740,28.51,0.0345,428033174
8828,"Direct or coordinate activities of businesses or departments concerned with production, pricing, sal...",Chief Executives,11-1011,Tier1_Knowledge,30%,211850,99.24,0.0323,423192653
8836,Implement corrective action plans to solve organizational or departmental problems....,Chief Executives,11-1011,Tier1_Knowledge,30%,211850,99.24,0.0323,423192653
8847,Direct or coordinate activities of businesses involved with buying or selling investment products or...,Chief Executives,11-1011,Tier1_Knowledge,30%,211850,99.24,0.0323,423192653
8852,"Represent organizations or promote their objectives at official functions, or delegate representativ...",Chief Executives,11-1011,Tier1_Knowledge,30%,211850,99.24,0.0323,423192653
8838,"Direct non-merchandising departments, such as advertising, purchasing, credit, or accounting....",Chief Executives,11-1011,Tier1_Knowledge,30%,211850,99.24,0.0323,423192653
8833,"Preside over, or serve on, boards of directors, management committees, or other governing boards....",Chief Executives,11-1011,Tier1_Knowledge,30%,211850,99.24,0.0323,423192653
8831,Appoint department heads or managers and assign or delegate responsibilities to them....,Chief Executives,11-1011,Tier1_Knowledge,30%,211850,99.24,0.0323,423192653
3161,Record sales or delivery information on daily sales or delivery record....,Driver/Sales Workers,53-3031,Tier1_Knowledge,30%,417420,17.85,0.0909,422671903
3156,Inform regular customers of new products or services and price changes....,Driver/Sales Workers,53-3031,Tier1_Knowledge,30%,417420,17.85,0.0909,422671903
375,"Provide information to the patient about the proposed intervention, its material risks and expected ...",Physical Therapists,29-1123,Tier1_Good,40%,248630,48.57,0.0417,418633249
9591,"Care for established lawns by mulching, aerating, weeding, grubbing, removing thatch, or trimming or...",Landscaping and Groundskeeping Workers,37-3011,Tier1_Knowledge,30%,943430,18.31,0.0385,414580879
9611,Attach wires from planted trees to support stakes....,Landscaping and Groundskeeping Workers,37-3011,Tier1_Knowledge,30%,943430,18.31,0.0385,414580879
9602,"Plant seeds, bulbs, foliage, flowering plants, grass, ground covers, trees, or shrubs, and apply mul...",Landscaping and Groundskeeping Workers,37-3011,Tier1_Knowledge,30%,943430,18.31,0.0385,414580879
9603,Decorate gardens with stones or plants....,Landscaping and Groundskeeping Workers,37-3011,Tier1_Knowledge,30%,943430,18.31,0.0385,414580879
9604,"Maintain irrigation systems, including winterizing the systems and starting them up in spring....",Landscaping and Groundskeeping Workers,37-3011,Tier1_Knowledge,30%,943430,18.31,0.0385,414580879
9610,Plan or cultivate lawns or gardens....,Landscaping and Groundskeeping Workers,37-3011,Tier1_Knowledge,30%,943430,18.31,0.0385,414580879
9598,"Water lawns, trees, or plants, using portable sprinkler systems, hoses, or watering cans....",Landscaping and Groundskeeping Workers,37-3011,Tier1_Knowledge,30%,943430,18.31,0.0385,414580879
14740,"Implement updates, upgrades, and patches in a timely manner to limit loss of service....",Web Administrators,15-1299,Tier1_Knowledge,30%,439380,52.39,0.0286,410397993
14735,"Implement Web site security measures, such as firewalls or message encryption....",Web Administrators,15-1299,Tier1_Knowledge,30%,439380,52.39,0.0286,410397993
14746,Identify or address interoperability requirements....,Web Administrators,15-1299,Tier1_Knowledge,30%,439380,52.39,0.0286,410397993
14754,Develop or implement procedures for ongoing Web site revision....,Web Administrators,15-1299,Tier1_Knowledge,30%,439380,52.39,0.0286,410397993
14764,"Evaluate testing routines or procedures for adequacy, sufficiency, and effectiveness....",Web Administrators,15-1299,Tier1_Knowledge,30%,439380,52.39,0.0286,410397993
14752,"Inform Web site users of problems, problem resolutions, or application changes and updates....",Web Administrators,15-1299,Tier1_Writing,30%,439380,52.39,0.0286,410397993
14760,"Develop and implement marketing plans for home pages, including print advertising or advertisement r...",Web Administrators,15-1299,Tier1_Knowledge,30%,439380,52.39,0.0286,410397993
14748,"Identify, standardize, and communicate levels of access and security....",Web Administrators,15-1299,Tier1_Knowledge,30%,439380,52.39,0.0286,410397993
17786,"Demonstrate start-up, shut-down, maintenance, diagnostic, and safety procedures to thermal system ow...",Solar Thermal Installers and Technicians,47-2152,Tier1_Knowledge,30%,455940,30.27,0.0476,410095884
16563,Test or evaluate photovoltaic (PV) cells or modules....,Solar Energy Systems Engineers,17-2199,Tier1_Knowledge,30%,150750,56.61,0.0769,409629960
16373,Train users in task techniques or ergonomic principles....,Human Factors Engineers and Ergonomists,17-2112,Tier1_Knowledge,30%,350230,48.63,0.0385,408760438
16387,Inspect work sites to identify physical hazards....,Human Factors Engineers and Ergonomists,17-2112,Tier1_Knowledge,30%,350230,48.63,0.0385,408760438
16380,"Provide technical support to clients through activities, such as rearranging workplace fixtures to r...",Human Factors Engineers and Ergonomists,17-2112,Tier1_Knowledge,30%,350230,48.63,0.0385,408760438
16392,Assess the user-interface or usability characteristics of products....,Human Factors Engineers and Ergonomists,17-2112,Tier1_Knowledge,30%,350230,48.63,0.0385,408760438
15944,"Advise customers on import and export restrictions, tariff systems, insurance requirements, quotas, ...",Customs Brokers,13-1041,Tier1_Knowledge,30%,397770,37.7,0.0435,406846074
15935,Prepare papers for shippers to appeal duty charges....,Customs Brokers,13-1041,Tier1_Knowledge,30%,397770,37.7,0.0435,406846074
15938,Maintain relationships with customs brokers in other ports to expedite clearing of cargo....,Customs Brokers,13-1041,Tier1_Knowledge,30%,397770,37.7,0.0435,406846074
15946,Clear goods through customs and to their destinations for clients....,Customs Brokers,13-1041,Tier1_Knowledge,30%,397770,37.7,0.0435,406846074
15936,"Pay, or arrange for payment of, taxes and duties on shipments....",Customs Brokers,13-1041,Tier1_Knowledge,30%,397770,37.7,0.0435,406846074
15933,"Stay abreast of changes in import or export laws or regulations by reading current literature, atten...",Customs Brokers,13-1041,Tier1_Writing,30%,397770,37.7,0.0435,406846074
15939,Inform importers and exporters of steps to reduce duties and taxes....,Customs Brokers,13-1041,Tier1_Writing,30%,397770,37.7,0.0435,406846074
15926,Post bonds for the products being imported or assist clients in obtaining bonds....,Customs Brokers,13-1041,Tier1_Knowledge,30%,397770,37.7,0.0435,406846074
15930,"Arrange for transportation, warehousing, or product distribution of imported or exported products....",Customs Brokers,13-1041,Tier1_Knowledge,30%,397770,37.7,0.0435,406846074
15940,Confer with officials in various agencies to facilitate clearance of goods through customs and quara...,Customs Brokers,13-1041,Tier1_Writing,30%,397770,37.7,0.0435,406846074
45,Negotiate materials prices with suppliers....,Industrial Production Managers,11-3051,Tier1_Knowledge,30%,234380,58.39,0.0476,406653318
21339,Supervise subordinate employees....,Industrial Production Managers,11-3051,Tier1_Knowledge,30%,234380,58.39,0.0476,406653318
32,"Direct or coordinate production, processing, distribution, or marketing activities of industrial org...",Industrial Production Managers,11-3051,Tier1_Knowledge,30%,234380,58.39,0.0476,406653318
3759,"Interview individuals or family members to compile information on social, educational, criminal, ins...",Social and Human Service Assistants,21-1093,Tier1_Good,40%,424220,21.69,0.0526,402921477
21272,"Acquire, distribute and store supplies....",Facilities Managers,11-3013,Tier1_Knowledge,30%,141090,50.33,0.0909,402823750
21273,Conduct classes to teach procedures to staff....,Facilities Managers,11-3013,Tier1_Knowledge,30%,141090,50.33,0.0909,402823750
21275,Manage leasing of facility space....,Facilities Managers,11-3013,Tier1_Knowledge,30%,141090,50.33,0.0909,402823750
21274,"Dispose of, or oversee the disposal of, surplus or unclaimed property....",Facilities Managers,11-3013,Tier1_Knowledge,30%,141090,50.33,0.0909,402823750
17221,Develop or implement interventions to address behavioral causes of diseases....,Preventive Medicine Physicians,29-1229,Tier1_Knowledge,30%,315360,30.61,0.0667,401571855
17224,"Coordinate or integrate the resources of health care institutions, social service agencies, public s...",Preventive Medicine Physicians,29-1229,Tier1_Knowledge,30%,315360,30.61,0.0667,401571855
17211,Teach or train medical staff regarding preventive medicine issues....,Preventive Medicine Physicians,29-1229,Tier1_Knowledge,30%,315360,30.61,0.0667,401571855
17216,Evaluate the effectiveness of prescribed risk reduction measures or other interventions....,Preventive Medicine Physicians,29-1229,Tier1_Knowledge,30%,315360,30.61,0.0667,401571855
17217,Identify groups at risk for specific preventable diseases or injuries....,Preventive Medicine Physicians,29-1229,Tier1_Knowledge,30%,315360,30.61,0.0667,401571855
17209,"Prescribe orthotic and prosthetic applications and adaptive equipment, such as wheelchairs, bracing,...",Physical Medicine and Rehabilitation Physicians,29-1229,Tier1_Knowledge,30%,315360,30.61,0.0667,401571855
17202,"Diagnose or treat performance-related conditions, such as sports injuries or repetitive-motion injur...",Physical Medicine and Rehabilitation Physicians,29-1229,Tier1_Knowledge,30%,315360,30.61,0.0667,401571855
17196,Instruct interns and residents in the diagnosis and treatment of temporary or permanent physically d...,Physical Medicine and Rehabilitation Physicians,29-1229,Tier1_Knowledge,30%,315360,30.61,0.0667,401571855
17205,Coordinate physical medicine and rehabilitation services with other medical activities....,Physical Medicine and Rehabilitation Physicians,29-1229,Tier1_Knowledge,30%,315360,30.61,0.0667,401571855
21579,"Advise clients on aspects of capitalization, such as amounts, sources, or timing....",Financial and Investment Analysts,13-2051,Tier1_Knowledge,30%,340580,48.73,0.0385,398315122
21583,Collaborate with investment bankers to attract new corporate clients....,Financial and Investment Analysts,13-2051,Tier1_Knowledge,30%,340580,48.73,0.0385,398315122
21599,"Prepare plans of action for investment, using financial analyses....",Financial and Investment Analysts,13-2051,Tier1_Knowledge,30%,340580,48.73,0.0385,398315122
21602,"Recommend investments and investment timing to companies, investment firm staff, or the public....",Financial and Investment Analysts,13-2051,Tier1_Knowledge,30%,340580,48.73,0.0385,398315122
20189,"Recommend financial products, such as stocks, bonds, mutual funds, or insurance....",Personal Financial Advisors,13-2052,Tier1_Knowledge,30%,270480,49.11,0.0476,394702963
12918,"Open accounts for clients, and disburse funds from accounts to creditors as agent for clients....",Personal Financial Advisors,13-2052,Tier1_Knowledge,30%,270480,49.11,0.0476,394702963
12917,Devise debt liquidation plans that include payoff priorities and timelines....,Personal Financial Advisors,13-2052,Tier1_Knowledge,30%,270480,49.11,0.0476,394702963
12916,"Meet with clients' other advisors, such as attorneys, accountants, trust officers, or investment ban...",Personal Financial Advisors,13-2052,Tier1_Knowledge,30%,270480,49.11,0.0476,394702963
11364,Confer with department supervisors or other personnel to assess progress and discuss needed changes....,"Production, Planning, and Expediting Clerks",43-5061,Tier1_Knowledge,30%,385000,27.78,0.0588,392580424
11368,Requisition and maintain inventories of materials or supplies necessary to meet production demands....,"Production, Planning, and Expediting Clerks",43-5061,Tier1_Knowledge,30%,385000,27.78,0.0588,392580424
17301,"Provide airway management interventions including tracheal intubation, fiber optics, or ventilary su...",Anesthesiologist Assistants,29-1071,Tier1_Knowledge,30%,155540,64.07,0.0625,388652464
17297,"Provide clinical instruction, supervision or training to staff in areas such as anesthesia practices...",Anesthesiologist Assistants,29-1071,Tier1_Knowledge,30%,155540,64.07,0.0625,388652464
17296,"Verify availability of operating room supplies, medications, and gases....",Anesthesiologist Assistants,29-1071,Tier1_Knowledge,30%,155540,64.07,0.0625,388652464
17310,Control anesthesia levels during procedures....,Anesthesiologist Assistants,29-1071,Tier1_Knowledge,30%,155540,64.07,0.0625,388652464
17298,Collect samples or specimens for diagnostic testing....,Anesthesiologist Assistants,29-1071,Tier1_Knowledge,30%,155540,64.07,0.0625,388652464
17309,"Administer blood, blood products, or supportive fluids....",Anesthesiologist Assistants,29-1071,Tier1_Knowledge,30%,155540,64.07,0.0625,388652464
17307,"Assist anesthesiologists in performing anesthetic procedures, such as epidural or spinal injections....",Anesthesiologist Assistants,29-1071,Tier1_Knowledge,30%,155540,64.07,0.0625,388652464
427,Administer local anesthetic agents....,Dental Hygienists,29-1292,Tier1_Knowledge,30%,219070,45.32,0.0625,387201844
421,"Examine gums, using probes, to locate periodontal recessed gums and signs of gum disease....",Dental Hygienists,29-1292,Tier1_Knowledge,30%,219070,45.32,0.0625,387201844
23921,Attend continuing education courses to maintain or update skills....,Dental Hygienists,29-1292,Tier1_Knowledge,30%,219070,45.32,0.0625,387201844
18538,Maintain dental equipment and sharpen and sterilize dental instruments....,Dental Hygienists,29-1292,Tier1_Knowledge,30%,219070,45.32,0.0625,387201844
419,Feel lymph nodes under patient's chin to detect swelling or tenderness that could indicate presence ...,Dental Hygienists,29-1292,Tier1_Knowledge,30%,219070,45.32,0.0625,387201844
417,Feel and visually examine gums for sores and signs of disease....,Dental Hygienists,29-1292,Tier1_Knowledge,30%,219070,45.32,0.0625,387201844
16331,Conduct water quality studies to identify and characterize water pollutant sources....,Water/Wastewater Engineers,17-2051,Tier1_Knowledge,30%,355410,47.88,0.0357,379236686
17065,Provide allergy or immunology consultation or education to physicians or other health care providers...,Allergists and Immunologists,29-1229,Tier1_Knowledge,30%,315360,30.61,0.0625,376473614
17062,Engage in self-directed learning and continuing education activities....,Allergists and Immunologists,29-1229,Tier1_Knowledge,30%,315360,30.61,0.0625,376473614
17075,"Perform allergen provocation tests such as nasal, conjunctival, bronchial, oral, food, or medication...",Allergists and Immunologists,29-1229,Tier1_Knowledge,30%,315360,30.61,0.0625,376473614
17067,Conduct physical examinations of patients....,Allergists and Immunologists,29-1229,Tier1_Knowledge,30%,315360,30.61,0.0625,376473614
17070,Interpret diagnostic test results to make appropriate differential diagnoses....,Allergists and Immunologists,29-1229,Tier1_Knowledge,30%,315360,30.61,0.0625,376473614
17068,"Order or perform diagnostic tests such as skin pricks and intradermal, patch, or delayed hypersensit...",Allergists and Immunologists,29-1229,Tier1_Knowledge,30%,315360,30.61,0.0625,376473614
16268,Prepare appropriate formatting to data sets as requested....,Clinical Data Managers,15-2051,Tier1_Knowledge,30%,233440,54.13,0.0476,375472900
16284,"Process clinical data, including receipt, entry, verification, or filing of information....",Clinical Data Managers,15-2051,Tier1_Writing,30%,233440,54.13,0.0476,375472900
16274,"Track the flow of work forms, including in-house data flow or electronic forms transfer....",Clinical Data Managers,15-2051,Tier1_Knowledge,30%,233440,54.13,0.0476,375472900
2241,Create drink recipes....,Bartenders,35-3011,Tier1_Knowledge,30%,745610,16.12,0.05,375000076
2239,Plan bar menus....,Bartenders,35-3011,Tier1_Knowledge,30%,745610,16.12,0.05,375000076
2236,Arrange bottles and glasses to make attractive displays....,Bartenders,35-3011,Tier1_Knowledge,30%,745610,16.12,0.05,375000076
2238,Supervise the work of bar staff and other bartenders....,Bartenders,35-3011,Tier1_Knowledge,30%,745610,16.12,0.05,375000076
2240,"Prepare appetizers such as pickles, cheese, and cold meats....",Bartenders,35-3011,Tier1_Knowledge,30%,745610,16.12,0.05,375000076
2234,"Ask customers who become loud and obnoxious to leave, or physically remove them....",Bartenders,35-3011,Tier1_Knowledge,30%,745610,16.12,0.05,375000076
2232,Serve snacks or food items to customers seated at the bar....,Bartenders,35-3011,Tier1_Knowledge,30%,745610,16.12,0.05,375000076
2228,Take beverage orders from serving staff or directly from patrons....,Bartenders,35-3011,Tier1_Knowledge,30%,745610,16.12,0.05,375000076
2231,"Mix ingredients, such as liquor, soda, water, sugar, and bitters, to prepare cocktails and other dri...",Bartenders,35-3011,Tier1_Knowledge,30%,745610,16.12,0.05,375000076
2226,Attempt to limit problems and liability related to customers' excessive drinking by taking steps suc...,Bartenders,35-3011,Tier1_Knowledge,30%,745610,16.12,0.05,375000076
23221,Purchase or sell financial derivatives for customers....,"Securities, Commodities, and Financial Services Sales Agents",41-3031,Tier1_Knowledge,30%,472300,37.57,0.0333,369081669
23218,Negotiate prices or contracts for securities or commodities sales or purchases....,"Securities, Commodities, and Financial Services Sales Agents",41-3031,Tier1_Writing,30%,472300,37.57,0.0333,369081669
23194,Agree on buying or selling prices at optimal levels for clients....,"Securities, Commodities, and Financial Services Sales Agents",41-3031,Tier1_Knowledge,30%,472300,37.57,0.0333,369081669
23207,"Devise trading, option, or hedge strategies....","Securities, Commodities, and Financial Services Sales Agents",41-3031,Tier1_Knowledge,30%,472300,37.57,0.0333,369081669
23200,Discuss financial options with clients and keep them informed about transactions....,"Securities, Commodities, and Financial Services Sales Agents",41-3031,Tier1_Knowledge,30%,472300,37.57,0.0333,369081669
23197,Complete sales order tickets and submit for processing of client-requested transactions....,"Securities, Commodities, and Financial Services Sales Agents",41-3031,Tier1_Knowledge,30%,472300,37.57,0.0333,369081669
23219,Prepare and send requests for price quotations to all companies in a particular market....,"Securities, Commodities, and Financial Services Sales Agents",41-3031,Tier1_Knowledge,30%,472300,37.57,0.0333,369081669
23195,Keep accurate records of transactions....,"Securities, Commodities, and Financial Services Sales Agents",41-3031,Tier1_Knowledge,30%,472300,37.57,0.0333,369081669
1263,Evaluate possibility of losses due to catastrophe or excessive insurance....,Insurance Underwriters,13-2053,Tier1_Knowledge,30%,107820,38.4,0.1429,369077102
1264,Decrease value of policy when risk is substandard and specify applicable endorsements or apply ratin...,Insurance Underwriters,13-2053,Tier1_Knowledge,30%,107820,38.4,0.1429,369077102
11194,Set up banquet tables....,Dishwashers,35-9021,Tier1_Knowledge,30%,471670,16.19,0.0769,366544190
11196,Receive and store supplies....,Dishwashers,35-9021,Tier1_Knowledge,30%,471670,16.19,0.0769,366544190
91,Conduct special studies to develop and establish standard hour and related cost data or to reduce co...,Cost Estimators,13-1051,Tier1_Knowledge,30%,219530,37.05,0.0714,362525570
10835,"Investigate complaints and suspected violations regarding illegal dumping, pollution, pesticides, pr...",Environmental Compliance Inspectors,13-1041,Tier1_Knowledge,30%,397770,37.7,0.0385,359902296
10845,"Inform health professionals, property owners, and the public about harmful properties and related pr...",Environmental Compliance Inspectors,13-1041,Tier1_Writing,30%,397770,37.7,0.0385,359902296
10836,"Inspect waste pretreatment, treatment, and disposal facilities and systems for conformance to federa...",Environmental Compliance Inspectors,13-1041,Tier1_Knowledge,30%,397770,37.7,0.0385,359902296
10844,Evaluate label information for accuracy and conformance to regulatory requirements....,Environmental Compliance Inspectors,13-1041,Tier1_Knowledge,30%,397770,37.7,0.0385,359902296
10847,"Perform laboratory tests on samples collected, such as analyzing the content of contaminated wastewa...",Environmental Compliance Inspectors,13-1041,Tier1_Knowledge,30%,397770,37.7,0.0385,359902296
3408,Meet with applicants to obtain information for loan applications and to answer questions about the p...,Loan Officers,13-2072,Tier1_Excellent,50%,290530,35.66,0.0333,359157060
16424,Develop or implement operating methods or procedures....,Automotive Engineers,17-2141,Tier1_Knowledge,30%,286760,49.19,0.04,352078881
16421,"Read current literature, attend meetings or conferences, or talk with colleagues to stay abreast of ...",Automotive Engineers,17-2141,Tier1_Knowledge,30%,286760,49.19,0.04,352078881
985,"Provide current and prospective employees with information about policies, job duties, working condi...",Human Resources Managers,11-3121,Tier1_Writing,30%,215520,67.32,0.0385,348211354
984,"Allocate human resources, ensuring appropriate matches between personnel....",Human Resources Managers,11-3121,Tier1_Partial,30%,215520,67.32,0.0385,348211354
1003,"Oversee the evaluation, classification, and rating of occupations and job positions....",Human Resources Managers,11-3121,Tier1_Knowledge,30%,215520,67.32,0.0385,348211354
986,"Perform difficult staffing duties, including dealing with understaffing, refereeing disputes, firing...",Human Resources Managers,11-3121,Tier1_Knowledge,30%,215520,67.32,0.0385,348211354
999,Negotiate bargaining agreements and help interpret labor contracts....,Human Resources Managers,11-3121,Tier1_Writing,30%,215520,67.32,0.0385,348211354
996,Conduct exit interviews to identify reasons for employee termination....,Human Resources Managers,11-3121,Tier1_Knowledge,30%,215520,67.32,0.0385,348211354
23538,Tune automobile engines to ensure proper and efficient functioning....,Automotive Service Technicians and Mechanics,49-3023,Tier1_Knowledge,30%,688840,23.88,0.0333,342149583
23527,Review work orders and discuss work with supervisors....,Automotive Service Technicians and Mechanics,49-3023,Tier1_Knowledge,30%,688840,23.88,0.0333,342149583
16399,"Read current literature, attend meetings or conferences, or talk with colleagues to stay abreast of ...",Fuel Cell Engineers,17-2141,Tier1_Knowledge,30%,286760,49.19,0.0385,338537386
20859,"Collect data for energy conservation analyses, using jobsite observation, field inspections, or sub-...","Energy Engineers, Except Wind and Solar",17-2199,Tier1_Good,40%,150750,56.61,0.0476,338107269
20863,"Research renewable or alternative energy systems or technologies, such as solar thermal or photovolt...","Energy Engineers, Except Wind and Solar",17-2199,Tier1_Good,40%,150750,56.61,0.0476,338107269
7515,"Evaluate effects of drugs, gases, pesticides, parasites, and microorganisms at various levels....","Medical Scientists, Except Epidemiologists",19-1042,Tier1_Knowledge,30%,156300,48.36,0.0714,336900631
7516,"Teach principles of medicine and medical and laboratory procedures to physicians, residents, student...","Medical Scientists, Except Epidemiologists",19-1042,Tier1_Knowledge,30%,156300,48.36,0.0714,336900631
7519,"Investigate cause, progress, life cycle, or mode of transmission of diseases or parasites....","Medical Scientists, Except Epidemiologists",19-1042,Tier1_Knowledge,30%,156300,48.36,0.0714,336900631
7521,Study animal and human health and physiological processes....,"Medical Scientists, Except Epidemiologists",19-1042,Tier1_Knowledge,30%,156300,48.36,0.0714,336900631
6585,Prepare students for later grades by encouraging them to explore learning opportunities and to perse...,"Middle School Teachers, Except Special and Career/Technical Education",25-2022,Tier1_Knowledge,30%,620370,30.27,0.0286,334840276
6606,"Provide students with disabilities with assistive devices, supportive technology, and assistance acc...","Middle School Teachers, Except Special and Career/Technical Education",25-2022,Tier1_Knowledge,30%,620370,30.27,0.0286,334840276
6574,Adapt teaching methods and instructional materials to meet students' varying needs and interests....,"Middle School Teachers, Except Special and Career/Technical Education",25-2022,Tier1_Knowledge,30%,620370,30.27,0.0286,334840276
6582,Assign lessons and correct homework....,"Middle School Teachers, Except Special and Career/Technical Education",25-2022,Tier1_Knowledge,30%,620370,30.27,0.0286,334840276
6581,Prepare materials and classrooms for class activities....,"Middle School Teachers, Except Special and Career/Technical Education",25-2022,Tier1_Knowledge,30%,620370,30.27,0.0286,334840276
6588,"Guide and counsel students with adjustment or academic problems, or special academic interests....","Middle School Teachers, Except Special and Career/Technical Education",25-2022,Tier1_Knowledge,30%,620370,30.27,0.0286,334840276
6589,Meet with other professionals to discuss individual students' needs and progress....,"Middle School Teachers, Except Special and Career/Technical Education",25-2022,Tier1_Writing,30%,620370,30.27,0.0286,334840276
555,Assist dentist in management of medical or dental emergencies....,Dental Assistants,31-9091,Tier1_Knowledge,30%,375430,22.74,0.0625,332953850
18553,"Fabricate and fit orthodontic appliances and materials for patients, such as retainers, wires, or ba...",Dental Assistants,31-9091,Tier1_Knowledge,30%,375430,22.74,0.0625,332953850
554,Provide postoperative instructions prescribed by dentist....,Dental Assistants,31-9091,Tier1_Knowledge,30%,375430,22.74,0.0625,332953850
16552,"Test wind turbine components, using mechanical or electronic testing equipment....",Wind Energy Engineers,17-2199,Tier1_Knowledge,30%,150750,56.61,0.0625,332824342
6116,"Select and obtain materials and supplies, such as textbooks and laboratory equipment....","Health Specialties Teachers, Postsecondary",25-1071,Tier1_Knowledge,30%,229720,50.78,0.0455,330859451
6109,Supervise laboratory sessions....,"Health Specialties Teachers, Postsecondary",25-1071,Tier1_Knowledge,30%,229720,50.78,0.0455,330859451
6112,Advise students on academic and vocational curricula and on career issues....,"Health Specialties Teachers, Postsecondary",25-1071,Tier1_Writing,30%,229720,50.78,0.0455,330859451
6107,"Conduct research in a particular field of knowledge and publish findings in professional journals, b...","Health Specialties Teachers, Postsecondary",25-1071,Tier1_Partial,30%,229720,50.78,0.0455,330859451
6100,"Keep abreast of developments in the field by reading current literature, talking with colleagues, an...","Health Specialties Teachers, Postsecondary",25-1071,Tier1_Knowledge,30%,229720,50.78,0.0455,330859451
6117,Act as advisers to student organizations....,"Health Specialties Teachers, Postsecondary",25-1071,Tier1_Writing,30%,229720,50.78,0.0455,330859451
6099,"Initiate, facilitate, and moderate classroom discussions....","Health Specialties Teachers, Postsecondary",25-1071,Tier1_Knowledge,30%,229720,50.78,0.0455,330859451
1774,Purchase advertising space or time as required to promote client's product or agenda....,Public Relations Specialists,27-3031,Tier1_Knowledge,30%,280590,33.55,0.0556,326344876
1767,Confer with production or support personnel to produce or coordinate production of advertisements or...,Public Relations Specialists,27-3031,Tier1_Knowledge,30%,280590,33.55,0.0556,326344876
1771,Consult with advertising agencies or staff to arrange promotional campaigns in all types of media fo...,Public Relations Specialists,27-3031,Tier1_Knowledge,30%,280590,33.55,0.0556,326344876
19809,Coordinate public responses to environmental management incidents or conflicts....,Public Relations Specialists,27-3031,Tier1_Knowledge,30%,280590,33.55,0.0556,326344876
1769,"Study the objectives, promotional policies, or needs of organizations to develop public relations st...",Public Relations Specialists,27-3031,Tier1_Knowledge,30%,280590,33.55,0.0556,326344876
19811,Develop plans or materials to communicate organizational activities that are beneficial to the envir...,Public Relations Specialists,27-3031,Tier1_Knowledge,30%,280590,33.55,0.0556,326344876
11018,Audition and interview performers to match their attributes to specific roles or to increase the poo...,Talent Directors,27-2012,Tier1_Good,40%,145270,40.13,0.0667,323353200
23721,Maintain knowledge of first-aid procedures....,"Bus Drivers, School",53-3051,Tier1_Knowledge,30%,387920,22.62,0.0588,322084956
23728,"Regulate heating, lighting, and ventilation systems for student comfort....","Bus Drivers, School",53-3051,Tier1_Knowledge,30%,387920,22.62,0.0588,322084956
23722,Maintain order among students during trips to ensure safety....,"Bus Drivers, School",53-3051,Tier1_Knowledge,30%,387920,22.62,0.0588,322084956
23719,Follow safety rules as students board and exit buses or cross streets near bus stops....,"Bus Drivers, School",53-3051,Tier1_Knowledge,30%,387920,22.62,0.0588,322084956
236,"Counsel individuals, groups, families, or communities regarding issues including mental health, pove...","Child, Family, and School Social Workers",21-1021,Tier1_Writing,30%,382960,28.16,0.0476,320443421
250,"Serve as liaisons between students, homes, schools, family services, child guidance clinics, courts,...","Child, Family, and School Social Workers",21-1021,Tier1_Writing,30%,382960,28.16,0.0476,320443421
253,Recommend temporary foster care and advise foster or adoptive parents....,"Child, Family, and School Social Workers",21-1021,Tier1_Knowledge,30%,382960,28.16,0.0476,320443421
238,"Counsel students whose behavior, school progress, or mental or physical impairment indicate a need f...","Child, Family, and School Social Workers",21-1021,Tier1_Writing,30%,382960,28.16,0.0476,320443421
249,Evaluate personal characteristics and home conditions of foster home or adoption applicants....,"Child, Family, and School Social Workers",21-1021,Tier1_Knowledge,30%,382960,28.16,0.0476,320443421
255,Conduct social research....,"Child, Family, and School Social Workers",21-1021,Tier1_Partial,30%,382960,28.16,0.0476,320443421
252,Supervise other social workers....,"Child, Family, and School Social Workers",21-1021,Tier1_Knowledge,30%,382960,28.16,0.0476,320443421
256,"Lead group counseling sessions that provide support in such areas as grief, stress, or chemical depe...","Child, Family, and School Social Workers",21-1021,Tier1_Knowledge,30%,382960,28.16,0.0476,320443421
245,"Refer clients to community resources for services, such as job placement, debt counseling, legal aid...","Child, Family, and School Social Workers",21-1021,Tier1_Knowledge,30%,382960,28.16,0.0476,320443421
5057,Take food and drink orders and receive payment from customers....,"Cooks, Fast Food",35-2011,Tier1_Knowledge,30%,668230,14.5,0.0526,318218160
5066,"Prepare dough, following recipe....","Cooks, Fast Food",35-2011,Tier1_Knowledge,30%,668230,14.5,0.0526,318218160
5053,"Maintain sanitation, health, and safety standards in work areas....","Cooks, Fast Food",35-2011,Tier1_Knowledge,30%,668230,14.5,0.0526,318218160
5063,"Serve orders to customers at windows, counters, or tables....","Cooks, Fast Food",35-2011,Tier1_Knowledge,30%,668230,14.5,0.0526,318218160
5068,"Prepare and serve beverages, such as coffee or fountain drinks....","Cooks, Fast Food",35-2011,Tier1_Knowledge,30%,668230,14.5,0.0526,318218160
9872,Keep records of material or equipment usage or problems encountered....,Operating Engineers and Other Construction Equipment Operators,47-2073,Tier1_Knowledge,30%,469270,28.23,0.0385,317939810
9865,Test atmosphere for adequate oxygen or explosive conditions when working in confined spaces....,Operating Engineers and Other Construction Equipment Operators,47-2073,Tier1_Knowledge,30%,469270,28.23,0.0385,317939810
9851,"Adjust handwheels and depress pedals to control attachments, such as blades, buckets, scrapers, or s...",Operating Engineers and Other Construction Equipment Operators,47-2073,Tier1_Knowledge,30%,469270,28.23,0.0385,317939810
9864,"Select and fasten bulldozer blades or other attachments to tractors, using hitches....",Operating Engineers and Other Construction Equipment Operators,47-2073,Tier1_Knowledge,30%,469270,28.23,0.0385,317939810
9868,Signal operators to guide movement of tractor-drawn machines....,Operating Engineers and Other Construction Equipment Operators,47-2073,Tier1_Knowledge,30%,469270,28.23,0.0385,317939810
9874,Turn valves to control air or water output of compressors or pumps....,Operating Engineers and Other Construction Equipment Operators,47-2073,Tier1_Knowledge,30%,469270,28.23,0.0385,317939810
15415,Review and update standard operating procedures or quality assurance manuals....,Quality Control Systems Managers,11-3051,Tier1_Knowledge,30%,234380,58.39,0.037,316285914
15411,Collect and analyze production samples to evaluate quality....,Quality Control Systems Managers,11-3051,Tier1_Knowledge,30%,234380,58.39,0.037,316285914
15422,Identify critical points in the manufacturing process and specify sampling procedures to be used at ...,Quality Control Systems Managers,11-3051,Tier1_Knowledge,30%,234380,58.39,0.037,316285914
15426,Confer with marketing and sales departments to define client requirements and expectations....,Quality Control Systems Managers,11-3051,Tier1_Knowledge,30%,234380,58.39,0.037,316285914
20739,"Perform personnel functions, such as supervision of production workers, technicians, technologists, ...",Mechanical Engineers,17-2141,Tier1_Knowledge,30%,286760,49.19,0.0357,314356144
19631,Recommend the use of utility or energy services that minimize carbon footprints....,Mechanical Engineers,17-2141,Tier1_Knowledge,30%,286760,49.19,0.0357,314356144
1430,"Apply engineering principles or practices to emerging fields, such as robotics, waste management, or...",Mechanical Engineers,17-2141,Tier1_Knowledge,30%,286760,49.19,0.0357,314356144
20741,Provide technical customer service....,Mechanical Engineers,17-2141,Tier1_Knowledge,30%,286760,49.19,0.0357,314356144
365,Evaluate effects of treatment at various stages and adjust treatments to achieve maximum benefit....,Physical Therapists,29-1123,Tier1_Knowledge,30%,248630,48.57,0.0417,313974937
371,Obtain patients' informed consent to proposed interventions....,Physical Therapists,29-1123,Tier1_Knowledge,30%,248630,48.57,0.0417,313974937
382,Refer clients to community resources or services....,Physical Therapists,29-1123,Tier1_Knowledge,30%,248630,48.57,0.0417,313974937
383,Conduct or support research and apply research findings to practice....,Physical Therapists,29-1123,Tier1_Partial,30%,248630,48.57,0.0417,313974937
386,Direct group rehabilitation activities....,Physical Therapists,29-1123,Tier1_Knowledge,30%,248630,48.57,0.0417,313974937
18067,Coordinate recall or market withdrawal activities as necessary....,Regulatory Affairs Specialists,13-1041,Tier1_Knowledge,30%,397770,37.7,0.0333,311915323
18059,"Obtain and distribute updated information regarding domestic or international laws, guidelines, or s...",Regulatory Affairs Specialists,13-1041,Tier1_Knowledge,30%,397770,37.7,0.0333,311915323
18045,"Communicate with regulatory agencies regarding pre-submission strategies, potential regulatory pathw...",Regulatory Affairs Specialists,13-1041,Tier1_Knowledge,30%,397770,37.7,0.0333,311915323
21095,"Provide pre-, ongoing, and post-inspection follow-up assistance to governmental inspectors....",Regulatory Affairs Specialists,13-1041,Tier1_Knowledge,30%,397770,37.7,0.0333,311915323
18063,Recommend changes to company procedures in response to changes in regulations or standards....,Regulatory Affairs Specialists,13-1041,Tier1_Knowledge,30%,397770,37.7,0.0333,311915323
18060,Participate in internal or external audits....,Regulatory Affairs Specialists,13-1041,Tier1_Knowledge,30%,397770,37.7,0.0333,311915323
19557,"Specialize in regulatory issues related to agriculture, such as the cultivation of green biotechnolo...",Regulatory Affairs Specialists,13-1041,Tier1_Knowledge,30%,397770,37.7,0.0333,311915323
21096,Recommend adjudication of product complaints....,Regulatory Affairs Specialists,13-1041,Tier1_Knowledge,30%,397770,37.7,0.0333,311915323
5225,Enforce discipline and attendance rules....,"Education Administrators, Kindergarten through Secondary",11-9032,Tier1_Knowledge,30%,319630,50.03,0.0312,311849007
5212,"Confer with parents and staff to discuss educational activities, policies, and student behavior or l...","Education Administrators, Kindergarten through Secondary",11-9032,Tier1_Writing,30%,319630,50.03,0.0312,311849007
5215,"Counsel and provide guidance to students regarding personal, academic, vocational, or behavioral iss...","Education Administrators, Kindergarten through Secondary",11-9032,Tier1_Writing,30%,319630,50.03,0.0312,311849007
5217,Teach classes or courses to students....,"Education Administrators, Kindergarten through Secondary",11-9032,Tier1_Knowledge,30%,319630,50.03,0.0312,311849007
5214,Direct and coordinate school maintenance services and the use of school facilities....,"Education Administrators, Kindergarten through Secondary",11-9032,Tier1_Knowledge,30%,319630,50.03,0.0312,311849007
22394,"Distribute teaching materials, such as textbooks, workbooks, papers, and pencils, to students....","Substitute Teachers, Short-Term",25-3031,Tier1_Knowledge,30%,481300,18.5,0.0556,308673733
22402,"Supervise students during activities outside the classroom, such as recess, lunch, and field trips....","Substitute Teachers, Short-Term",25-3031,Tier1_Knowledge,30%,481300,18.5,0.0556,308673733
22404,"Teach a variety of subjects, such as English, mathematics, and social studies....","Substitute Teachers, Short-Term",25-3031,Tier1_Knowledge,30%,481300,18.5,0.0556,308673733
22391,"Attend professional meetings, educational conferences, or teacher training workshops to improve prof...","Substitute Teachers, Short-Term",25-3031,Tier1_Knowledge,30%,481300,18.5,0.0556,308673733
22405,"Teach social skills to students, such as communication, conflict resolution, and etiquette....","Substitute Teachers, Short-Term",25-3031,Tier1_Knowledge,30%,481300,18.5,0.0556,308673733
22397,Grade students' assignments and exams....,"Substitute Teachers, Short-Term",25-3031,Tier1_Knowledge,30%,481300,18.5,0.0556,308673733
22401,Restock teaching materials or supplies....,"Substitute Teachers, Short-Term",25-3031,Tier1_Knowledge,30%,481300,18.5,0.0556,308673733
22400,"Provide students with disabilities with assistive devices, supportive technology, or assistance acce...","Substitute Teachers, Short-Term",25-3031,Tier1_Knowledge,30%,481300,18.5,0.0556,308673733
22406,Tutor or assist students individually or in small groups....,"Substitute Teachers, Short-Term",25-3031,Tier1_Knowledge,30%,481300,18.5,0.0556,308673733
22392,Counsel students with adjustment or academic problems....,"Substitute Teachers, Short-Term",25-3031,Tier1_Writing,30%,481300,18.5,0.0556,308673733
9674,"Coordinate sales promotion activities, such as preparing merchandise displays and advertising copy....",First-Line Supervisors of Non-Retail Sales Workers,41-1012,Tier1_Knowledge,30%,219010,40.45,0.0556,307110423
9673,"Keep records pertaining to purchases, sales, and requisitions....",First-Line Supervisors of Non-Retail Sales Workers,41-1012,Tier1_Knowledge,30%,219010,40.45,0.0556,307110423
9663,"Confer with company officials to develop methods and procedures to increase sales, expand markets, a...",First-Line Supervisors of Non-Retail Sales Workers,41-1012,Tier1_Knowledge,30%,219010,40.45,0.0556,307110423
9672,Visit retailers and sales representatives to promote products and gather information....,First-Line Supervisors of Non-Retail Sales Workers,41-1012,Tier1_Partial,30%,219010,40.45,0.0556,307110423
9671,Analyze details of sales territories to assess their growth potential and to set quotas....,First-Line Supervisors of Non-Retail Sales Workers,41-1012,Tier1_Knowledge,30%,219010,40.45,0.0556,307110423
9667,Attend company meetings to exchange product information and coordinate work activities with other de...,First-Line Supervisors of Non-Retail Sales Workers,41-1012,Tier1_Knowledge,30%,219010,40.45,0.0556,307110423
9675,"Prepare rental or lease agreements, specifying charges and payment procedures for use of machinery, ...",First-Line Supervisors of Non-Retail Sales Workers,41-1012,Tier1_Knowledge,30%,219010,40.45,0.0556,307110423
20266,"Direct and supervise employees engaged in sales, inventory-taking, reconciling cash receipts, or per...",First-Line Supervisors of Non-Retail Sales Workers,41-1012,Tier1_Knowledge,30%,219010,40.45,0.0556,307110423
7214,Conduct own research in field of expertise....,Natural Sciences Managers,11-9121,Tier1_Partial,30%,100870,77.49,0.0625,304840236
7216,Advise or assist in obtaining patents or meeting other legal requirements....,Natural Sciences Managers,11-9121,Tier1_Writing,30%,100870,77.49,0.0625,304840236
1943,"Assist customers by answering simple questions, locating items, or referring them to the pharmacist ...",Pharmacy Technicians,29-2052,Tier1_Knowledge,30%,487920,20.9,0.0476,303012261
1958,Maintain and merchandise home healthcare products or services....,Pharmacy Technicians,29-2052,Tier1_Knowledge,30%,487920,20.9,0.0476,303012261
1956,"Deliver medications or pharmaceutical supplies to patients, nursing stations, or surgery....",Pharmacy Technicians,29-2052,Tier1_Knowledge,30%,487920,20.9,0.0476,303012261
1940,Maintain proper storage and security conditions for drugs....,Pharmacy Technicians,29-2052,Tier1_Knowledge,30%,487920,20.9,0.0476,303012261
3755,"Visit individuals in homes or attend group meetings to provide information on agency services, requi...",Social and Human Service Assistants,21-1093,Tier1_Partial,30%,424220,21.69,0.0526,302191108
3753,Provide information or refer individuals to public or private agencies or community services for ass...,Social and Human Service Assistants,21-1093,Tier1_Partial,30%,424220,21.69,0.0526,302191108
3758,Oversee day-to-day group activities of residents in institution....,Social and Human Service Assistants,21-1093,Tier1_Knowledge,30%,424220,21.69,0.0526,302191108
3764,Demonstrate use and care of equipment for tenant use....,Social and Human Service Assistants,21-1093,Tier1_Knowledge,30%,424220,21.69,0.0526,302191108
3768,"Inform tenants of facilities, such as laundries or playgrounds....",Social and Human Service Assistants,21-1093,Tier1_Writing,30%,424220,21.69,0.0526,302191108
18730,"Take and record temperature of food and food storage areas, such as refrigerators and freezers....",Food Preparation Workers,35-2021,Tier1_Knowledge,30%,888770,16.45,0.0323,294291816
18732,Inform supervisors when equipment is not working properly and when food and supplies are getting low...,Food Preparation Workers,35-2021,Tier1_Writing,30%,888770,16.45,0.0323,294291816
2216,Keep records of the quantities of food used....,Food Preparation Workers,35-2021,Tier1_Knowledge,30%,888770,16.45,0.0323,294291816
2200,"Portion and wrap food, or place it directly on plates for service to patrons....",Food Preparation Workers,35-2021,Tier1_Knowledge,30%,888770,16.45,0.0323,294291816
2209,"Prepare and serve a variety of beverages, such as coffee, tea, and soft drinks....",Food Preparation Workers,35-2021,Tier1_Knowledge,30%,888770,16.45,0.0323,294291816
2206,"Receive and store food supplies, equipment, and utensils in refrigerators, cupboards, and other stor...",Food Preparation Workers,35-2021,Tier1_Knowledge,30%,888770,16.45,0.0323,294291816
2214,Stir and strain soups and sauces....,Food Preparation Workers,35-2021,Tier1_Knowledge,30%,888770,16.45,0.0323,294291816
2215,Distribute food to waiters and waitresses to serve to customers....,Food Preparation Workers,35-2021,Tier1_Knowledge,30%,888770,16.45,0.0323,294291816
18733,"Operate cash register, handle money, and give correct change....",Food Preparation Workers,35-2021,Tier1_Knowledge,30%,888770,16.45,0.0323,294291816
20562,"Use masks, gloves, and safety glasses to protect patients and self from infectious diseases....","Dentists, General",29-1021,Tier1_Knowledge,30%,113490,83.07,0.05,294141566
20564,Manage business aspects such as employing or supervising staff or handling paperwork or insurance cl...,"Dentists, General",29-1021,Tier1_Knowledge,30%,113490,83.07,0.05,294141566
6943,Produce or evaluate dental health educational materials....,"Dentists, General",29-1021,Tier1_Knowledge,30%,113490,83.07,0.05,294141566
7219,"Meet with prospective tenants to show properties, explain terms of occupancy, and provide informatio...","Property, Real Estate, and Community Association Managers",11-9141,Tier1_Good,40%,296640,32.07,0.037,293148877
21149,Rotate and store food supplies....,"Cooks, Institution and Cafeteria",35-2012,Tier1_Knowledge,30%,448260,17.53,0.0588,288434743
9498,"Plan menus that are varied, nutritionally balanced, and appetizing, taking advantage of foods in sea...","Cooks, Institution and Cafeteria",35-2012,Tier1_Knowledge,30%,448260,17.53,0.0588,288434743
9495,Train new employees....,"Cooks, Institution and Cafeteria",35-2012,Tier1_Knowledge,30%,448260,17.53,0.0588,288434743
9493,Direct activities of one or more workers who assist in preparing and serving meals....,"Cooks, Institution and Cafeteria",35-2012,Tier1_Knowledge,30%,448260,17.53,0.0588,288434743
19618,"Develop systems that produce electricity with renewable energy sources, such as wind, solar, or biof...",Electrical Engineers,17-2071,Tier1_Knowledge,30%,188790,53.8,0.0455,288086675
680,Recommend and provide advice on a wide variety of products and services....,Counter and Rental Clerks,41-2021,Tier1_Knowledge,30%,398620,18.53,0.0625,288070715
682,"Greet customers and discuss the type, quality, and quantity of merchandise sought for rental....",Counter and Rental Clerks,41-2021,Tier1_Knowledge,30%,398620,18.53,0.0625,288070715
679,Prepare merchandise for display or for purchase or rental....,Counter and Rental Clerks,41-2021,Tier1_Knowledge,30%,398620,18.53,0.0625,288070715
688,Reserve items for requested times and keep records of items rented....,Counter and Rental Clerks,41-2021,Tier1_Knowledge,30%,398620,18.53,0.0625,288070715
681,Answer telephones to provide information and receive orders....,Counter and Rental Clerks,41-2021,Tier1_Partial,30%,398620,18.53,0.0625,288070715
692,Advise customers on use and care of merchandise....,Counter and Rental Clerks,41-2021,Tier1_Knowledge,30%,398620,18.53,0.0625,288070715
687,"Explain rental fees, policies, and procedures....",Counter and Rental Clerks,41-2021,Tier1_Knowledge,30%,398620,18.53,0.0625,288070715
23472,Fill pipes or plumbing fixtures with water or air and observe pressure gauges to detect and locate l...,"Plumbers, Pipefitters, and Steamfitters",47-2152,Tier1_Knowledge,30%,455940,30.27,0.0333,287067119
23482,Inspect work sites for obstructions or holes that could cause structural weakness....,"Plumbers, Pipefitters, and Steamfitters",47-2152,Tier1_Knowledge,30%,455940,30.27,0.0333,287067119
1135,"Recruit, interview, and hire or sign up volunteers and staff....",Social and Community Service Managers,11-9151,Tier1_Writing,30%,195490,37.61,0.0625,286742777
19674,"Develop catalysis or other green chemistry methods to synthesize nanomaterials, such as nanotubes, n...",Nanosystems Engineers,17-2199,Tier1_Good,40%,150750,56.61,0.04,284010106
23260,Review compiled data on operating costs and revenues to set rates....,Billing and Posting Clerks,43-3021,Tier1_Good,40%,417500,22.68,0.0357,281361600
10576,Direct activities of aircraft crews during flights....,"Airline Pilots, Copilots, and Flight Engineers",53-2011,Tier1_Knowledge,30%,99300,108.94,0.0417,281267250
10577,"Brief crews about flight details, such as destinations, duties, and responsibilities....","Airline Pilots, Copilots, and Flight Engineers",53-2011,Tier1_Partial,30%,99300,108.94,0.0417,281267250
10562,Use instrumentation to guide flights when visibility is poor....,"Airline Pilots, Copilots, and Flight Engineers",53-2011,Tier1_Knowledge,30%,99300,108.94,0.0417,281267250
10584,Evaluate other pilots or pilot-license applicants for proficiency....,"Airline Pilots, Copilots, and Flight Engineers",53-2011,Tier1_Knowledge,30%,99300,108.94,0.0417,281267250
10581,"Perform minor maintenance work, or arrange for major maintenance....","Airline Pilots, Copilots, and Flight Engineers",53-2011,Tier1_Knowledge,30%,99300,108.94,0.0417,281267250
10564,"Work as part of a flight team with other crew members, especially during takeoffs and landings....","Airline Pilots, Copilots, and Flight Engineers",53-2011,Tier1_Knowledge,30%,99300,108.94,0.0417,281267250
11341,"Obtain signed receipts for registered, certified, and insured mail, collect associated charges, and ...",Postal Service Mail Carriers,43-5052,Tier1_Knowledge,30%,336040,27.64,0.0476,275990612
11346,Sign for cash-on-delivery and registered mail before leaving the post office....,Postal Service Mail Carriers,43-5052,Tier1_Knowledge,30%,336040,27.64,0.0476,275990612
11360,Complete forms that notify publishers of address changes....,Postal Service Mail Carriers,43-5052,Tier1_Writing,30%,336040,27.64,0.0476,275990612
11355,Provide customers with change of address cards and other forms....,Postal Service Mail Carriers,43-5052,Tier1_Knowledge,30%,336040,27.64,0.0476,275990612
11354,Answer customers' questions about postal services and regulations....,Postal Service Mail Carriers,43-5052,Tier1_Knowledge,30%,336040,27.64,0.0476,275990612
18193,Conduct research on new photonics technologies....,Photonics Engineers,17-2199,Tier1_Good,40%,150750,56.61,0.0385,273086640
20304,"Position products, components, or parts for testing....","Inspectors, Testers, Sorters, Samplers, and Weighers",51-9061,Tier1_Knowledge,30%,591180,22.82,0.0323,271555291
20299,Notify supervisors or other personnel of production problems....,"Inspectors, Testers, Sorters, Samplers, and Weighers",51-9061,Tier1_Writing,30%,591180,22.82,0.0323,271555291
12486,Read dials or meters to verify that equipment is functioning at specified levels....,"Inspectors, Testers, Sorters, Samplers, and Weighers",51-9061,Tier1_Knowledge,30%,591180,22.82,0.0323,271555291
20618,Initiate sales campaigns to meet sales and production expectations....,"Sales Representatives, Wholesale and Manufacturing, Technical and Scientific Products",41-4011,Tier1_Knowledge,30%,293930,48.11,0.0303,267392931
11262,Consult with engineers regarding technical problems with products....,"Sales Representatives, Wholesale and Manufacturing, Technical and Scientific Products",41-4011,Tier1_Writing,30%,293930,48.11,0.0303,267392931
19825,"Inform customers about issues related to responsible use and disposal of products, such as waste red...","Sales Representatives, Wholesale and Manufacturing, Technical and Scientific Products",41-4011,Tier1_Knowledge,30%,293930,48.11,0.0303,267392931
19826,Present information to customers about the energy efficiency or environmental impact of scientific o...,"Sales Representatives, Wholesale and Manufacturing, Technical and Scientific Products",41-4011,Tier1_Knowledge,30%,293930,48.11,0.0303,267392931
20619,Verify accuracy of materials lists....,"Sales Representatives, Wholesale and Manufacturing, Technical and Scientific Products",41-4011,Tier1_Knowledge,30%,293930,48.11,0.0303,267392931
20613,Advise customers on product usage to improve production....,"Sales Representatives, Wholesale and Manufacturing, Technical and Scientific Products",41-4011,Tier1_Knowledge,30%,293930,48.11,0.0303,267392931
11237,"Answer customers' questions about products, prices, availability, or credit terms....","Sales Representatives, Wholesale and Manufacturing, Technical and Scientific Products",41-4011,Tier1_Knowledge,30%,293930,48.11,0.0303,267392931
11248,Provide customers with ongoing technical support....,"Sales Representatives, Wholesale and Manufacturing, Technical and Scientific Products",41-4011,Tier1_Knowledge,30%,293930,48.11,0.0303,267392931
11245,"Collaborate with colleagues to exchange information, such as selling strategies or marketing informa...","Sales Representatives, Wholesale and Manufacturing, Technical and Scientific Products",41-4011,Tier1_Writing,30%,293930,48.11,0.0303,267392931
11239,"Emphasize product features, based on analyses of customers' needs and on technical knowledge of prod...","Sales Representatives, Wholesale and Manufacturing, Technical and Scientific Products",41-4011,Tier1_Knowledge,30%,293930,48.11,0.0303,267392931
11240,Negotiate prices or terms of sales or service agreements....,"Sales Representatives, Wholesale and Manufacturing, Technical and Scientific Products",41-4011,Tier1_Writing,30%,293930,48.11,0.0303,267392931
20608,Prepare and submit sales contracts for orders....,"Sales Representatives, Wholesale and Manufacturing, Technical and Scientific Products",41-4011,Tier1_Knowledge,30%,293930,48.11,0.0303,267392931
20609,Contact new or existing customers to discuss how specific products or services can meet their needs....,"Sales Representatives, Wholesale and Manufacturing, Technical and Scientific Products",41-4011,Tier1_Knowledge,30%,293930,48.11,0.0303,267392931
5116,"Provide information about facilities, entertainment options, and rules and regulations....",Amusement and Recreation Attendants,39-3091,Tier1_Good,40%,371590,14.66,0.0588,266607519
16082,Assess existing facilities' needs for new or modified telecommunications systems....,Telecommunications Engineering Specialists,15-1241,Tier1_Knowledge,30%,177010,62.69,0.0385,266322166
16062,Supervise maintenance of telecommunications equipment....,Telecommunications Engineering Specialists,15-1241,Tier1_Knowledge,30%,177010,62.69,0.0385,266322166
16074,"Implement or perform preventive maintenance, backup, or recovery procedures....",Telecommunications Engineering Specialists,15-1241,Tier1_Knowledge,30%,177010,62.69,0.0385,266322166
16064,Provide user support by diagnosing network and device problems and implementing technical or procedu...,Telecommunications Engineering Specialists,15-1241,Tier1_Knowledge,30%,177010,62.69,0.0385,266322166
362,Provide patients with assistance in locating or holding jobs....,Occupational Therapists,29-1122,Tier1_Knowledge,30%,152280,47.28,0.0588,264274953
360,Advise on health risks in the workplace or on health-related transition to retirement....,Occupational Therapists,29-1122,Tier1_Writing,30%,152280,47.28,0.0588,264274953
361,Conduct research in occupational therapy....,Occupational Therapists,29-1122,Tier1_Partial,30%,152280,47.28,0.0588,264274953
356,Provide training and supervision in therapy techniques and objectives for students or nurses and oth...,Occupational Therapists,29-1122,Tier1_Knowledge,30%,152280,47.28,0.0588,264274953
2355,"Instruct children in safe behavior, such as seeking adult assistance when crossing the street and av...",Nannies,39-9011,Tier1_Knowledge,30%,520180,15.41,0.0526,263261455
2361,Supervise and assist with homework....,Nannies,39-9011,Tier1_Knowledge,30%,520180,15.41,0.0526,263261455
2353,Meet regularly with parents to discuss children's activities and development....,Nannies,39-9011,Tier1_Knowledge,30%,520180,15.41,0.0526,263261455
2354,Help prepare and serve nutritionally balanced meals and snacks for children....,Nannies,39-9011,Tier1_Knowledge,30%,520180,15.41,0.0526,263261455
8948,Stay informed of logistics technology advances and apply appropriate technology to improve logistics...,Logisticians,13-1081,Tier1_Knowledge,30%,235640,38.89,0.0455,259925487
8936,Protect and control proprietary materials....,Logisticians,13-1081,Tier1_Knowledge,30%,235640,38.89,0.0455,259925487
8935,"Collaborate with other departments as necessary to meet customer requirements, to take advantage of ...",Logisticians,13-1081,Tier1_Knowledge,30%,235640,38.89,0.0455,259925487
2728,Receive or prepare work orders....,"Dispatchers, Except Police, Fire, and Ambulance",43-5032,Tier1_Knowledge,30%,211000,23.5,0.0833,257842000
2729,Oversee all communications within specifically assigned territories....,"Dispatchers, Except Police, Fire, and Ambulance",43-5032,Tier1_Knowledge,30%,211000,23.5,0.0833,257842000
2725,"Relay work orders, messages, or information to or from work crews, supervisors, or field inspectors,...","Dispatchers, Except Police, Fire, and Ambulance",43-5032,Tier1_Knowledge,30%,211000,23.5,0.0833,257842000
2726,"Confer with customers or supervising personnel to address questions, problems, or requests for servi...","Dispatchers, Except Police, Fire, and Ambulance",43-5032,Tier1_Knowledge,30%,211000,23.5,0.0833,257842000
20864,Recommend best fuel for specific sites or circumstances....,"Energy Engineers, Except Wind and Solar",17-2199,Tier1_Knowledge,30%,150750,56.61,0.0476,253580451
20855,Conduct energy audits to evaluate energy use and to identify conservation and cost reduction measure...,"Energy Engineers, Except Wind and Solar",17-2199,Tier1_Knowledge,30%,150750,56.61,0.0476,253580451
20858,Verify energy bills and meter readings....,"Energy Engineers, Except Wind and Solar",17-2199,Tier1_Knowledge,30%,150750,56.61,0.0476,253580451
18165,Review or negotiate energy purchase agreements....,"Energy Engineers, Except Wind and Solar",17-2199,Tier1_Knowledge,30%,150750,56.61,0.0476,253580451
7798,"Direct and coordinate activities of nurses, students, assistants, specialists, therapists, and other...",General Internal Medicine Physicians,29-1216,Tier1_Knowledge,30%,66640,113.63,0.0526,248690379
7796,Immunize patients to protect them from preventable diseases....,General Internal Medicine Physicians,29-1216,Tier1_Knowledge,30%,66640,113.63,0.0526,248690379
7799,Provide consulting services to other doctors caring for patients with special or difficult problems....,General Internal Medicine Physicians,29-1216,Tier1_Knowledge,30%,66640,113.63,0.0526,248690379
7795,Refer patient to medical specialist or other practitioner when necessary....,General Internal Medicine Physicians,29-1216,Tier1_Knowledge,30%,66640,113.63,0.0526,248690379
7792,Make diagnoses when different illnesses occur together or in situations where the diagnosis may be o...,General Internal Medicine Physicians,29-1216,Tier1_Knowledge,30%,66640,113.63,0.0526,248690379
7789,"Manage and treat common health problems, such as infections, influenza or pneumonia, as well as seri...",General Internal Medicine Physicians,29-1216,Tier1_Knowledge,30%,66640,113.63,0.0526,248690379
7794,"Advise patients and community members concerning diet, activity, hygiene, and disease prevention....",General Internal Medicine Physicians,29-1216,Tier1_Knowledge,30%,66640,113.63,0.0526,248690379
7787,"Prescribe or administer medication, therapy, and other specialized medical care to treat or prevent ...",General Internal Medicine Physicians,29-1216,Tier1_Knowledge,30%,66640,113.63,0.0526,248690379
7785,"Treat internal disorders, such as hypertension, heart disease, diabetes, or problems of the lung, br...",General Internal Medicine Physicians,29-1216,Tier1_Knowledge,30%,66640,113.63,0.0526,248690379
572,"Develop, implement, and revise departmental policies and procedures....",First-Line Supervisors of Police and Detectives,33-1012,Tier1_Knowledge,30%,153130,50.95,0.05,243421573
582,Direct release or transfer of prisoners....,First-Line Supervisors of Police and Detectives,33-1012,Tier1_Knowledge,30%,153130,50.95,0.05,243421573
575,Discipline staff for violation of department rules and regulations....,First-Line Supervisors of Police and Detectives,33-1012,Tier1_Knowledge,30%,153130,50.95,0.05,243421573
568,Train staff in proper police work procedures....,First-Line Supervisors of Police and Detectives,33-1012,Tier1_Knowledge,30%,153130,50.95,0.05,243421573
565,"Inform personnel of changes in regulations and policies, implications of new or amended laws, and ne...",First-Line Supervisors of Police and Detectives,33-1012,Tier1_Writing,30%,153130,50.95,0.05,243421573
566,"Supervise and coordinate the investigation of criminal cases, offering guidance and expertise to inv...",First-Line Supervisors of Police and Detectives,33-1012,Tier1_Knowledge,30%,153130,50.95,0.05,243421573
21139,"Direct shows, productions, and plays....",Talent Directors,27-2012,Tier1_Knowledge,30%,145270,40.13,0.0667,242514900
11027,"Locate performers or extras for crowd and background scenes, and stand-ins or photo doubles for acto...",Talent Directors,27-2012,Tier1_Knowledge,30%,145270,40.13,0.0667,242514900
3906,Collaborate with promotions directors to produce on-air station promotions....,Media Technical Directors/Managers,27-2012,Tier1_Knowledge,30%,145270,40.13,0.0667,242514900
21140,Teach acting classes....,Talent Directors,27-2012,Tier1_Knowledge,30%,145270,40.13,0.0667,242514900
11025,Hire and supervise workers who help locate people with specified attributes and talents....,Talent Directors,27-2012,Tier1_Knowledge,30%,145270,40.13,0.0667,242514900
11023,"Negotiate contract agreements with performers, with agents, or between performers and agents or prod...",Talent Directors,27-2012,Tier1_Writing,30%,145270,40.13,0.0667,242514900
11022,Attend or view productions to maintain knowledge of available actors....,Talent Directors,27-2012,Tier1_Knowledge,30%,145270,40.13,0.0667,242514900
11021,"Serve as liaisons between directors, actors, and agents....",Talent Directors,27-2012,Tier1_Knowledge,30%,145270,40.13,0.0667,242514900
21436,Supervise claims adjusters to ensure that adjusters have followed proper methods....,"Claims Adjusters, Examiners, and Investigators",13-1031,Tier1_Knowledge,30%,305020,36.92,0.0345,242312937
21435,Present cases and participate in their discussion at claim committee meetings....,"Claims Adjusters, Examiners, and Investigators",13-1031,Tier1_Writing,30%,305020,36.92,0.0345,242312937
21433,"Contact or interview claimants, doctors, medical specialists, or employers to get additional informa...","Claims Adjusters, Examiners, and Investigators",13-1031,Tier1_Writing,30%,305020,36.92,0.0345,242312937
21431,Collect evidence to support contested claims in court....,"Claims Adjusters, Examiners, and Investigators",13-1031,Tier1_Knowledge,30%,305020,36.92,0.0345,242312937
21432,Confer with legal counsel on claims requiring litigation....,"Claims Adjusters, Examiners, and Investigators",13-1031,Tier1_Writing,30%,305020,36.92,0.0345,242312937
21421,Interview or correspond with agents and claimants to correct errors or omissions and to investigate ...,"Claims Adjusters, Examiners, and Investigators",13-1031,Tier1_Knowledge,30%,305020,36.92,0.0345,242312937
21440,Communicate with reinsurance brokers to obtain information necessary for processing claims....,"Claims Adjusters, Examiners, and Investigators",13-1031,Tier1_Partial,30%,305020,36.92,0.0345,242312937
21442,Obtain credit information from banks and other credit services....,"Claims Adjusters, Examiners, and Investigators",13-1031,Tier1_Writing,30%,305020,36.92,0.0345,242312937
21445,Negotiate claim settlements or recommend litigation when settlement cannot be negotiated....,"Claims Adjusters, Examiners, and Investigators",13-1031,Tier1_Knowledge,30%,305020,36.92,0.0345,242312937
11402,"Compile, sort, and verify the accuracy of data before it is entered....",Data Entry Keyers,43-9021,Tier1_Good,40%,135280,19.16,0.1111,239612746
23581,"Test pipes, lines, components, and connections for leaks....","Heating, Air Conditioning, and Refrigeration Mechanics and Installers",49-9021,Tier1_Knowledge,30%,396870,28.75,0.0333,237328260
23552,"Test electrical circuits or components for continuity, using electrical test equipment....","Heating, Air Conditioning, and Refrigeration Mechanics and Installers",49-9021,Tier1_Knowledge,30%,396870,28.75,0.0333,237328260
3128,"Regulate machine flow, speed, or temperature....",Packaging and Filling Machine Operators and Tenders,51-9111,Tier1_Knowledge,30%,383860,19.67,0.05,235576417
3138,Start machine by engaging controls....,Packaging and Filling Machine Operators and Tenders,51-9111,Tier1_Knowledge,30%,383860,19.67,0.05,235576417
2118,Supervise and coordinate work of other correctional service officers....,Correctional Officers and Jailers,33-3012,Tier1_Knowledge,30%,365380,27.87,0.037,235343694
2104,Inspect mail for the presence of contraband....,Correctional Officers and Jailers,33-3012,Tier1_Knowledge,30%,365380,27.87,0.037,235343694
15252,Conduct head counts to ensure that each prisoner is present....,Correctional Officers and Jailers,33-3012,Tier1_Knowledge,30%,365380,27.87,0.037,235343694
2102,Guard facility entrances to screen visitors....,Correctional Officers and Jailers,33-3012,Tier1_Knowledge,30%,365380,27.87,0.037,235343694
2116,"Investigate crimes that have occurred within an institution, or assist police in their investigation...",Correctional Officers and Jailers,33-3012,Tier1_Knowledge,30%,365380,27.87,0.037,235343694
15255,"Record information, such as prisoner identification, charges, and incidents of inmate disturbance, k...",Correctional Officers and Jailers,33-3012,Tier1_Knowledge,30%,365380,27.87,0.037,235343694
15260,"Counsel inmates and respond to legitimate questions, concerns, and requests....",Correctional Officers and Jailers,33-3012,Tier1_Writing,30%,365380,27.87,0.037,235343694
15258,Participate in required job training....,Correctional Officers and Jailers,33-3012,Tier1_Knowledge,30%,365380,27.87,0.037,235343694
2108,"Conduct fire, safety, and sanitation inspections....",Correctional Officers and Jailers,33-3012,Tier1_Knowledge,30%,365380,27.87,0.037,235343694
2107,"Use weapons, handcuffs, and physical force to maintain discipline and order among prisoners....",Correctional Officers and Jailers,33-3012,Tier1_Knowledge,30%,365380,27.87,0.037,235343694
15617,Negotiate for water rights with communities or water facilities to meet water supply demands....,Water Resource Specialists,11-9121,Tier1_Writing,30%,100870,77.49,0.0476,232259227
15622,"Recommend new or revised policies, procedures, or regulations to support water resource or conservat...",Water Resource Specialists,11-9121,Tier1_Knowledge,30%,100870,77.49,0.0476,232259227
15633,Analyze storm water systems to identify opportunities for water resource improvements....,Water Resource Specialists,11-9121,Tier1_Knowledge,30%,100870,77.49,0.0476,232259227
15625,"Identify methods for distributing purified wastewater into rivers, streams, or oceans....",Water Resource Specialists,11-9121,Tier1_Knowledge,30%,100870,77.49,0.0476,232259227
15631,"Conduct, or oversee the conduct of, investigations on matters such as water storage, wastewater disc...",Water Resource Specialists,11-9121,Tier1_Knowledge,30%,100870,77.49,0.0476,232259227
15628,Develop plans to protect watershed health or rehabilitate watersheds....,Water Resource Specialists,11-9121,Tier1_Knowledge,30%,100870,77.49,0.0476,232259227
15627,Identify and characterize specific causes or sources of water pollution....,Water Resource Specialists,11-9121,Tier1_Knowledge,30%,100870,77.49,0.0476,232259227
15615,Supervise teams of workers who capture water from wells and rivers....,Water Resource Specialists,11-9121,Tier1_Knowledge,30%,100870,77.49,0.0476,232259227
23986,Review research literature....,Operations Research Analysts,15-2031,Tier1_Good,40%,107760,43.89,0.0588,231471523
16352,"Read current literature, attend meetings or conferences, or talk with colleagues to stay abreast of ...",Radio Frequency Identification Device Specialists,17-2072,Tier1_Good,40%,93940,61.34,0.0476,228296030
261,"Counsel clients and patients in individual and group sessions to help them overcome dependencies, re...",Healthcare Social Workers,21-1022,Tier1_Knowledge,30%,185940,32.74,0.0588,223453504
271,Conduct social research to advance knowledge in the social work field....,Healthcare Social Workers,21-1022,Tier1_Partial,30%,185940,32.74,0.0588,223453504
269,Develop or advise on social policy and assist in community development....,Healthcare Social Workers,21-1022,Tier1_Knowledge,30%,185940,32.74,0.0588,223453504
15227,Plan discharge from care facility to home or other care facility....,Healthcare Social Workers,21-1022,Tier1_Knowledge,30%,185940,32.74,0.0588,223453504
260,"Refer patient, client, or family to community resources to assist in recovery from mental or physica...",Healthcare Social Workers,21-1022,Tier1_Knowledge,30%,185940,32.74,0.0588,223453504
17281,Diagnose or treat disorders of the musculoskeletal system....,Sports Medicine Physicians,29-1229,Tier1_Knowledge,30%,315360,30.61,0.037,223095475
17259,Participate in continuing education activities to improve and maintain knowledge and skills....,Sports Medicine Physicians,29-1229,Tier1_Knowledge,30%,315360,30.61,0.037,223095475
17273,Order and interpret the results of laboratory tests and diagnostic imaging procedures....,Sports Medicine Physicians,29-1229,Tier1_Knowledge,30%,315360,30.61,0.037,223095475
17265,"Record athletes' medical histories, and perform physical examinations....",Sports Medicine Physicians,29-1229,Tier1_Knowledge,30%,315360,30.61,0.037,223095475
17270,Provide education and counseling on illness and injury prevention....,Sports Medicine Physicians,29-1229,Tier1_Writing,30%,315360,30.61,0.037,223095475
17280,"Examine, evaluate and treat athletes who have been injured or who have medical problems such as exer...",Sports Medicine Physicians,29-1229,Tier1_Knowledge,30%,315360,30.61,0.037,223095475
17269,"Inform coaches, trainers, or other interested parties regarding the medical conditions of athletes....",Sports Medicine Physicians,29-1229,Tier1_Knowledge,30%,315360,30.61,0.037,223095475
17261,"Advise athletes on ways that substances, such as herbal remedies, could affect drug testing results....",Sports Medicine Physicians,29-1229,Tier1_Knowledge,30%,315360,30.61,0.037,223095475
17262,Conduct research in the prevention or treatment of injuries or medical conditions related to sports ...,Sports Medicine Physicians,29-1229,Tier1_Partial,30%,315360,30.61,0.037,223095475
17279,"Advise coaches, trainers, or physical therapists on the proper use of exercises and other therapeuti...",Sports Medicine Physicians,29-1229,Tier1_Knowledge,30%,315360,30.61,0.037,223095475
17266,Supervise the rehabilitation of injured athletes....,Sports Medicine Physicians,29-1229,Tier1_Knowledge,30%,315360,30.61,0.037,223095475
17263,"Advise athletes, trainers, or coaches to alter or cease sports practices that are potentially harmfu...",Sports Medicine Physicians,29-1229,Tier1_Knowledge,30%,315360,30.61,0.037,223095475
23952,Supervise students or assistants....,Speech-Language Pathologists,29-1127,Tier1_Knowledge,30%,178790,45.87,0.0435,222499335
1883,Provide communication instruction to dialect speakers or students with limited English proficiency....,Speech-Language Pathologists,29-1127,Tier1_Knowledge,30%,178790,45.87,0.0435,222499335
18531,Consult with and refer clients to additional medical or educational services....,Speech-Language Pathologists,29-1127,Tier1_Knowledge,30%,178790,45.87,0.0435,222499335
18530,Supervise or collaborate with therapy team....,Speech-Language Pathologists,29-1127,Tier1_Knowledge,30%,178790,45.87,0.0435,222499335
11178,Run cash registers....,Dining Room and Cafeteria Attendants and Bartender Helpers,35-9011,Tier1_Knowledge,30%,522010,15.71,0.0435,222490648
11172,Locate items requested by customers....,Dining Room and Cafeteria Attendants and Bartender Helpers,35-9011,Tier1_Knowledge,30%,522010,15.71,0.0435,222490648
11174,Serve food to customers when waiters or waitresses need assistance....,Dining Room and Cafeteria Attendants and Bartender Helpers,35-9011,Tier1_Knowledge,30%,522010,15.71,0.0435,222490648
23929,Greet and seat customers....,Dining Room and Cafeteria Attendants and Bartender Helpers,35-9011,Tier1_Knowledge,30%,522010,15.71,0.0435,222490648
11183,Mix and prepare flavors for mixed drinks....,Dining Room and Cafeteria Attendants and Bartender Helpers,35-9011,Tier1_Knowledge,30%,522010,15.71,0.0435,222490648
16519,Investigate mechanical failures or unexpected maintenance problems....,Robotics Engineers,17-2199,Tier1_Knowledge,30%,150750,56.61,0.0417,221882895
7230,"Maintain contact with insurance carriers, fire and police departments, and other agencies to ensure ...","Property, Real Estate, and Community Association Managers",11-9141,Tier1_Knowledge,30%,296640,32.07,0.037,219861658
7236,Act as liaisons between on-site managers or tenants and owners....,"Property, Real Estate, and Community Association Managers",11-9141,Tier1_Knowledge,30%,296640,32.07,0.037,219861658
7243,Contract with architectural firms to draw up detailed plans for new structures....,"Property, Real Estate, and Community Association Managers",11-9141,Tier1_Knowledge,30%,296640,32.07,0.037,219861658
15685,"Negotiate prices and terms with suppliers, vendors, or freight forwarders....",Supply Chain Managers,11-3071,Tier1_Knowledge,30%,213000,49.05,0.0333,217311120
21356,Advise sales and billing departments of transportation charges for customers' accounts....,"Transportation, Storage, and Distribution Managers",11-3071,Tier1_Knowledge,30%,213000,49.05,0.0333,217311120
21364,"Negotiate with carriers, warehouse operators, or insurance company representatives for services and ...","Transportation, Storage, and Distribution Managers",11-3071,Tier1_Writing,30%,213000,49.05,0.0333,217311120
21367,Plan or implement improvements to internal or external systems or processes....,"Transportation, Storage, and Distribution Managers",11-3071,Tier1_Knowledge,30%,213000,49.05,0.0333,217311120
19545,"Locate or select biodegradable, non-toxic, or other environmentally friendly raw materials for manuf...",Supply Chain Managers,11-3071,Tier1_Knowledge,30%,213000,49.05,0.0333,217311120
19546,"Review or update supply chain practices in accordance with new or changing environmental policies, s...",Supply Chain Managers,11-3071,Tier1_Knowledge,30%,213000,49.05,0.0333,217311120
20944,Implement new or improved supply chain processes to improve efficiency or performance....,Supply Chain Managers,11-3071,Tier1_Knowledge,30%,213000,49.05,0.0333,217311120
23592,"Mark or tag material with proper job number, piece marks, and other identifying marks as required....","Welders, Cutters, Solderers, and Brazers",51-4121,Tier1_Knowledge,30%,424040,24.52,0.0333,216267185
23607,Set up and use ladders and scaffolding as necessary to complete work....,"Welders, Cutters, Solderers, and Brazers",51-4121,Tier1_Knowledge,30%,424040,24.52,0.0333,216267185
21643,Inform individuals and groups about the financial assistance available to college or university stud...,Loan Officers,13-2072,Tier1_Writing,30%,290530,35.66,0.0333,215494236
3411,"Obtain and compile copies of loan applicants' credit histories, corporate financial statements, and ...",Loan Officers,13-2072,Tier1_Partial,30%,290530,35.66,0.0333,215494236
21647,Review billing for accuracy....,Loan Officers,13-2072,Tier1_Knowledge,30%,290530,35.66,0.0333,215494236
3423,"Set credit policies, credit lines, procedures and standards in conjunction with senior managers....",Loan Officers,13-2072,Tier1_Knowledge,30%,290530,35.66,0.0333,215494236
21635,Assist in selection of financial award candidates using electronic databases to certify loan eligibi...,Loan Officers,13-2072,Tier1_Knowledge,30%,290530,35.66,0.0333,215494236
3422,Supervise loan personnel....,Loan Officers,13-2072,Tier1_Knowledge,30%,290530,35.66,0.0333,215494236
3416,Submit applications to credit analysts for verification and recommendation....,Loan Officers,13-2072,Tier1_Knowledge,30%,290530,35.66,0.0333,215494236
21641,"Counsel clients on personal and family financial problems, such as excessive spending or borrowing o...",Loan Officers,13-2072,Tier1_Knowledge,30%,290530,35.66,0.0333,215494236
3421,"Market bank products to individuals and firms, promoting bank services that may meet customers' need...",Loan Officers,13-2072,Tier1_Knowledge,30%,290530,35.66,0.0333,215494236
21640,Contact borrowers with delinquent accounts to obtain payment in full or to negotiate repayment plans...,Loan Officers,13-2072,Tier1_Knowledge,30%,290530,35.66,0.0333,215494236
21639,Contact applicants or creditors to resolve questions about applications or to assist with completion...,Loan Officers,13-2072,Tier1_Knowledge,30%,290530,35.66,0.0333,215494236
3415,Stay abreast of new types of loans and other financial services and products to better meet customer...,Loan Officers,13-2072,Tier1_Knowledge,30%,290530,35.66,0.0333,215494236
17336,"Teach cane skills, including cane use with a guide, diagonal techniques, and two-point touches....","Low Vision Therapists, Orientation and Mobility Specialists, and Vision Rehabilitation Therapists",29-1122,Tier1_Knowledge,30%,152280,47.28,0.0476,213936867
17337,"Refer clients to services, such as eye care, health care, rehabilitation, and counseling, to enhance...","Low Vision Therapists, Orientation and Mobility Specialists, and Vision Rehabilitation Therapists",29-1122,Tier1_Knowledge,30%,152280,47.28,0.0476,213936867
17340,"Obtain, distribute, or maintain low vision devices....","Low Vision Therapists, Orientation and Mobility Specialists, and Vision Rehabilitation Therapists",29-1122,Tier1_Knowledge,30%,152280,47.28,0.0476,213936867
17339,"Participate in professional development activities, such as reading literature, continuing education...","Low Vision Therapists, Orientation and Mobility Specialists, and Vision Rehabilitation Therapists",29-1122,Tier1_Knowledge,30%,152280,47.28,0.0476,213936867
17338,"Provide consultation, support, or education to groups such as parents and teachers....","Low Vision Therapists, Orientation and Mobility Specialists, and Vision Rehabilitation Therapists",29-1122,Tier1_Knowledge,30%,152280,47.28,0.0476,213936867
16540,"Provide scientific or technical guidance or expertise to scientists, engineers, technologists, techn...",Nanosystems Engineers,17-2199,Tier1_Knowledge,30%,150750,56.61,0.04,213007579
16533,"Synthesize, process, or characterize nanomaterials, using advanced tools or techniques....",Nanosystems Engineers,17-2199,Tier1_Partial,30%,150750,56.61,0.04,213007579
16541,"Engineer production processes for specific nanotechnology applications, such as electroplating, nano...",Nanosystems Engineers,17-2199,Tier1_Knowledge,30%,150750,56.61,0.04,213007579
19669,Apply nanotechnology to improve the performance or reduce the environmental impact of energy product...,Nanosystems Engineers,17-2199,Tier1_Knowledge,30%,150750,56.61,0.04,213007579
16535,"Provide technical guidance or support to customers on topics such as nanosystem start-up, maintenanc...",Nanosystems Engineers,17-2199,Tier1_Knowledge,30%,150750,56.61,0.04,213007579
23257,"Update manuals when rates, rules, or regulations are amended....",Billing and Posting Clerks,43-3021,Tier1_Knowledge,30%,417500,22.68,0.0357,211021200
23244,Contact customers to obtain or relay account information....,Billing and Posting Clerks,43-3021,Tier1_Knowledge,30%,417500,22.68,0.0357,211021200
23241,"Perform bookkeeping work, including posting data or keeping other records concerning costs of goods ...",Billing and Posting Clerks,43-3021,Tier1_Knowledge,30%,417500,22.68,0.0357,211021200
23238,Verify accuracy of billing data and revise any errors....,Billing and Posting Clerks,43-3021,Tier1_Knowledge,30%,417500,22.68,0.0357,211021200
4560,Teach proper breathing techniques used during physical exertion....,Exercise Trainers and Group Fitness Instructors,39-9031,Tier1_Knowledge,30%,303620,22.2,0.05,210299357
4570,Advise clients about proper clothing and shoes....,Exercise Trainers and Group Fitness Instructors,39-9031,Tier1_Knowledge,30%,303620,22.2,0.05,210299357
4569,"Administer emergency first aid, wrap injuries, treat minor chronic disabilities, or refer injured pe...",Exercise Trainers and Group Fitness Instructors,39-9031,Tier1_Knowledge,30%,303620,22.2,0.05,210299357
4568,"Provide students with information and resources regarding nutrition, weight control, and lifestyle i...",Exercise Trainers and Group Fitness Instructors,39-9031,Tier1_Knowledge,30%,303620,22.2,0.05,210299357
4563,Maintain fitness equipment....,Exercise Trainers and Group Fitness Instructors,39-9031,Tier1_Knowledge,30%,303620,22.2,0.05,210299357
4559,Observe participants and inform them of corrective measures necessary for skill improvement....,Exercise Trainers and Group Fitness Instructors,39-9031,Tier1_Knowledge,30%,303620,22.2,0.05,210299357
4562,"Teach and demonstrate use of gymnastic and training equipment, such as trampolines and weights....",Exercise Trainers and Group Fitness Instructors,39-9031,Tier1_Knowledge,30%,303620,22.2,0.05,210299357
4577,Advise participants in use of heat or ultraviolet treatments and hot baths....,Exercise Trainers and Group Fitness Instructors,39-9031,Tier1_Writing,30%,303620,22.2,0.05,210299357
18978,"Maintain or coordinate the maintenance of network peripherals, such as printers....",Computer Network Architects,15-1241,Tier1_Knowledge,30%,177010,62.69,0.0303,209829585
18965,Develop and implement solutions for network problems....,Computer Network Architects,15-1241,Tier1_Knowledge,30%,177010,62.69,0.0303,209829585
18968,Develop disaster recovery plans....,Computer Network Architects,15-1241,Tier1_Knowledge,30%,177010,62.69,0.0303,209829585
18756,Maintain a safe play environment....,Childcare Workers,39-9011,Tier1_Knowledge,30%,520180,15.41,0.0417,208415319
18763,"Provide care for children with physical, developmental, or mental health disabilities....",Childcare Workers,39-9011,Tier1_Knowledge,30%,520180,15.41,0.0417,208415319
18764,"Perform general personnel functions, such as supervision, training, and scheduling....",Childcare Workers,39-9011,Tier1_Knowledge,30%,520180,15.41,0.0417,208415319
18757,"Communicate with children's parents or guardians about daily activities, behaviors, and related issu...",Childcare Workers,39-9011,Tier1_Writing,30%,520180,15.41,0.0417,208415319
2331,"Support children's emotional and social development, encouraging understanding of others and positiv...",Childcare Workers,39-9011,Tier1_Knowledge,30%,520180,15.41,0.0417,208415319
2338,"Instruct children in health and personal habits, such as eating, resting, and toilet habits....",Childcare Workers,39-9011,Tier1_Knowledge,30%,520180,15.41,0.0417,208415319
18760,Regulate children's rest periods....,Childcare Workers,39-9011,Tier1_Knowledge,30%,520180,15.41,0.0417,208415319
18759,Create developmentally appropriate lesson plans....,Childcare Workers,39-9011,Tier1_Knowledge,30%,520180,15.41,0.0417,208415319
14662,Visit beta testing sites to evaluate software performance....,Software Quality Assurance Analysts and Testers,15-1253,Tier1_Knowledge,30%,199800,49.33,0.0333,205007587
14664,Conduct historical analyses of test results....,Software Quality Assurance Analysts and Testers,15-1253,Tier1_Knowledge,30%,199800,49.33,0.0333,205007587
18188,"Analyze, fabricate, or test fiber-optic links....",Photonics Engineers,17-2199,Tier1_Knowledge,30%,150750,56.61,0.0385,204814980
18206,"Train operators, engineers, or other personnel....",Photonics Engineers,17-2199,Tier1_Knowledge,30%,150750,56.61,0.0385,204814980
18205,"Read current literature, talk with colleagues, continue education, or participate in professional or...",Photonics Engineers,17-2199,Tier1_Knowledge,30%,150750,56.61,0.0385,204814980
18204,"Oversee or provide expertise on manufacturing, assembly, or fabrication processes....",Photonics Engineers,17-2199,Tier1_Knowledge,30%,150750,56.61,0.0385,204814980
18596,"Promote the university by participating in community, state, and national events or meetings, and by...","Education Administrators, Postsecondary",11-9033,Tier1_Knowledge,30%,176420,49.98,0.037,203781566
18593,"Advise students on issues such as course selection, progress toward graduation, and career decisions...","Education Administrators, Postsecondary",11-9033,Tier1_Knowledge,30%,176420,49.98,0.037,203781566
5235,"Recruit, hire, train, and terminate departmental personnel....","Education Administrators, Postsecondary",11-9033,Tier1_Knowledge,30%,176420,49.98,0.037,203781566
5246,Consult with government regulatory and licensing agencies to ensure the institution's conformance wi...,"Education Administrators, Postsecondary",11-9033,Tier1_Knowledge,30%,176420,49.98,0.037,203781566
5248,Teach courses within their department....,"Education Administrators, Postsecondary",11-9033,Tier1_Knowledge,30%,176420,49.98,0.037,203781566
5258,"Plan and promote sporting events and social, cultural, and recreational activities....","Education Administrators, Postsecondary",11-9033,Tier1_Knowledge,30%,176420,49.98,0.037,203781566
5242,"Appoint individuals to faculty positions, and evaluate their performance....","Education Administrators, Postsecondary",11-9033,Tier1_Knowledge,30%,176420,49.98,0.037,203781566
5249,"Participate in student recruitment, selection, and admission, making admissions recommendations when...","Education Administrators, Postsecondary",11-9033,Tier1_Knowledge,30%,176420,49.98,0.037,203781566
5259,"Direct and participate in institutional fundraising activities, and encourage alumni participation i...","Education Administrators, Postsecondary",11-9033,Tier1_Knowledge,30%,176420,49.98,0.037,203781566
2988,"Examine and adjust protective guards, loose bolts, and specified safety devices....",Bus and Truck Mechanics and Diesel Engine Specialists,49-3031,Tier1_Knowledge,30%,287230,29.15,0.0385,200946108
2991,"Attach test instruments to equipment, and read dials and gauges to diagnose malfunctions....",Bus and Truck Mechanics and Diesel Engine Specialists,49-3031,Tier1_Knowledge,30%,287230,29.15,0.0385,200946108
11152,Place food servings on plates or trays according to orders or instructions....,"Food Servers, Nonrestaurant",35-3041,Tier1_Knowledge,30%,271780,16.57,0.0714,200722731
11157,"Prepare food items, such as sandwiches, salads, soups, or beverages....","Food Servers, Nonrestaurant",35-3041,Tier1_Knowledge,30%,271780,16.57,0.0714,200722731
5120,Keep informed of shut-down and emergency evacuation procedures....,Amusement and Recreation Attendants,39-3091,Tier1_Writing,30%,371590,14.66,0.0588,199955639
5119,Sell tickets and collect fees from customers....,Amusement and Recreation Attendants,39-3091,Tier1_Knowledge,30%,371590,14.66,0.0588,199955639
5130,"Direct patrons to rides, seats, or attractions....",Amusement and Recreation Attendants,39-3091,Tier1_Knowledge,30%,371590,14.66,0.0588,199955639
5128,"Verify, collect, or punch tickets before admitting patrons to venues, such as amusement parks and ri...",Amusement and Recreation Attendants,39-3091,Tier1_Knowledge,30%,371590,14.66,0.0588,199955639
5123,Announce or describe amusement park attractions to patrons to entice customers to games and other en...,Amusement and Recreation Attendants,39-3091,Tier1_Knowledge,30%,371590,14.66,0.0588,199955639
5134,"Maintain inventories of equipment, storing and retrieving items and assembling and disassembling equ...",Amusement and Recreation Attendants,39-3091,Tier1_Knowledge,30%,371590,14.66,0.0588,199955639
5132,Sell and serve refreshments to customers....,Amusement and Recreation Attendants,39-3091,Tier1_Knowledge,30%,371590,14.66,0.0588,199955639
413,Use a variety of testing techniques to assist doctors in cardiac or pulmonary research or to diagnos...,Respiratory Therapists,29-1126,Tier1_Good,40%,136420,38.68,0.0455,199556168
5005,Maintain inventories of supplies....,Cleaners of Vehicles and Equipment,53-7061,Tier1_Knowledge,30%,373960,16.96,0.05,197881682
22980,Inform and educate the public on fire prevention....,Firefighters,33-2011,Tier1_Knowledge,30%,332240,28.62,0.0333,197781143
22987,Administer first aid and cardiopulmonary resuscitation to injured persons or provide emergency medic...,Firefighters,33-2011,Tier1_Knowledge,30%,332240,28.62,0.0333,197781143
22971,Maintain contact with fire dispatchers at all times to notify them of the need for additional firefi...,Firefighters,33-2011,Tier1_Knowledge,30%,332240,28.62,0.0333,197781143
22972,Collaborate with other firefighters as a member of a firefighting crew....,Firefighters,33-2011,Tier1_Knowledge,30%,332240,28.62,0.0333,197781143
22973,Patrol burned areas after fires to locate and eliminate hot spots that may restart fires....,Firefighters,33-2011,Tier1_Knowledge,30%,332240,28.62,0.0333,197781143
17677,"Read current literature, talk with colleagues, continue education, or participate in professional or...",Patient Representatives,29-2099,Tier1_Knowledge,30%,174060,23.46,0.0769,196005485
17671,Refer patients to appropriate health care services or resources....,Patient Representatives,29-2099,Tier1_Knowledge,30%,174060,23.46,0.0769,196005485
2305,Operate cash registers to accept payments for food and beverages....,"Hosts and Hostesses, Restaurant, Lounge, and Coffee Shop",35-9031,Tier1_Knowledge,30%,427150,14.61,0.05,194708639
2312,Confer with other staff to help plan establishments' menus....,"Hosts and Hostesses, Restaurant, Lounge, and Coffee Shop",35-9031,Tier1_Knowledge,30%,427150,14.61,0.05,194708639
2306,"Prepare cash receipts after establishments close, and make bank deposits....","Hosts and Hostesses, Restaurant, Lounge, and Coffee Shop",35-9031,Tier1_Knowledge,30%,427150,14.61,0.05,194708639
2304,"Direct patrons to coatrooms and waiting areas, such as lounges....","Hosts and Hostesses, Restaurant, Lounge, and Coffee Shop",35-9031,Tier1_Knowledge,30%,427150,14.61,0.05,194708639
18749,Assign patrons to tables suitable for their needs and according to rotation so that servers receive ...,"Hosts and Hostesses, Restaurant, Lounge, and Coffee Shop",35-9031,Tier1_Knowledge,30%,427150,14.61,0.05,194708639
2307,Supervise and coordinate activities of dining room staff to ensure that patrons receive prompt and c...,"Hosts and Hostesses, Restaurant, Lounge, and Coffee Shop",35-9031,Tier1_Knowledge,30%,427150,14.61,0.05,194708639
2303,Inform patrons of establishment specialties and features....,"Hosts and Hostesses, Restaurant, Lounge, and Coffee Shop",35-9031,Tier1_Knowledge,30%,427150,14.61,0.05,194708639
2296,Provide guests with menus....,"Hosts and Hostesses, Restaurant, Lounge, and Coffee Shop",35-9031,Tier1_Knowledge,30%,427150,14.61,0.05,194708639
2297,Greet guests and seat them at tables or in waiting areas....,"Hosts and Hostesses, Restaurant, Lounge, and Coffee Shop",35-9031,Tier1_Knowledge,30%,427150,14.61,0.05,194708639
18750,"Speak with patrons to ensure satisfaction with food and service, to respond to complaints, or to mak...","Hosts and Hostesses, Restaurant, Lounge, and Coffee Shop",35-9031,Tier1_Knowledge,30%,427150,14.61,0.05,194708639
18751,Answer telephone calls and respond to inquiries or transfer calls....,"Hosts and Hostesses, Restaurant, Lounge, and Coffee Shop",35-9031,Tier1_Partial,30%,427150,14.61,0.05,194708639
18754,Take and prepare to-go orders....,"Hosts and Hostesses, Restaurant, Lounge, and Coffee Shop",35-9031,Tier1_Knowledge,30%,427150,14.61,0.05,194708639
18713,"Interview survivors, witnesses, suspects, and other law enforcement personnel....",Police Identification and Records Officers,33-3021,Tier1_Writing,30%,110790,44.99,0.0625,194393242
21036,"Analyze and process evidence at crime scenes, during autopsies, or in the laboratory, wearing protec...",Police Identification and Records Officers,33-3021,Tier1_Knowledge,30%,110790,44.99,0.0625,194393242
18711,Serve as technical advisor and coordinate with other law enforcement workers or legal personnel to e...,Police Identification and Records Officers,33-3021,Tier1_Knowledge,30%,110790,44.99,0.0625,194393242
16852,"Research policies, practices, or procedures for climate or environmental management....",Climate Change Policy Analysts,19-2041,Tier1_Good,40%,84930,38.49,0.0714,194269367
16846,"Gather and review climate-related studies from government agencies, research laboratories, and other...",Climate Change Policy Analysts,19-2041,Tier1_Good,40%,84930,38.49,0.0714,194269367
11517,"Erect scaffolding or swing gates, or set up ladders, to work above ground level....","Painters, Construction and Maintenance",47-2141,Tier1_Knowledge,30%,224180,23.4,0.0588,192552158
11513,"Apply primers or sealers to prepare new surfaces, such as bare wood or metal, for finish coats....","Painters, Construction and Maintenance",47-2141,Tier1_Knowledge,30%,224180,23.4,0.0588,192552158
21049,Develop Web sites....,Computer Programmers,15-1251,Tier1_Knowledge,30%,109870,47.44,0.0588,191319604
23990,"Counsel individuals or groups to help them understand and overcome personal, social, or behavioral p...","Educational, Guidance, and Career Counselors and Advisors",21-1012,Tier1_Writing,30%,342350,31.32,0.0286,191165110
5611,Prepare students for later educational experiences by encouraging them to explore learning opportuni...,"Educational, Guidance, and Career Counselors and Advisors",21-1012,Tier1_Knowledge,30%,342350,31.32,0.0286,191165110
18626,Identify cases of domestic abuse or other family problems and encourage students or parents to seek ...,"Educational, Guidance, and Career Counselors and Advisors",21-1012,Tier1_Knowledge,30%,342350,31.32,0.0286,191165110
23991,Refer students to outside counseling services....,"Educational, Guidance, and Career Counselors and Advisors",21-1012,Tier1_Writing,30%,342350,31.32,0.0286,191165110
5640,"Sponsor extracurricular activities, such as clubs, student organizations, and academic contests....","Educational, Guidance, and Career Counselors and Advisors",21-1012,Tier1_Knowledge,30%,342350,31.32,0.0286,191165110
5639,Refer qualified counselees to employers or employment services for job placement....,"Educational, Guidance, and Career Counselors and Advisors",21-1012,Tier1_Writing,30%,342350,31.32,0.0286,191165110
18633,Establish contacts with employers to create internship and employment opportunities for students....,"Educational, Guidance, and Career Counselors and Advisors",21-1012,Tier1_Knowledge,30%,342350,31.32,0.0286,191165110
5634,"Provide students with disabilities with assistive devices, supportive technology, and assistance acc...","Educational, Guidance, and Career Counselors and Advisors",21-1012,Tier1_Knowledge,30%,342350,31.32,0.0286,191165110
18630,"Attend meetings, educational conferences, and training workshops, and serve on committees....","Educational, Guidance, and Career Counselors and Advisors",21-1012,Tier1_Knowledge,30%,342350,31.32,0.0286,191165110
15863,"Interview key staff or tour facilities to identify efficiency-improvement, cost-reduction, or servic...",Logistics Engineers,13-1081,Tier1_Knowledge,30%,235640,38.89,0.0333,190612024
15875,"Conduct logistics studies or analyses, such as time studies, zero-base analyses, rate analyses, netw...",Logistics Engineers,13-1081,Tier1_Knowledge,30%,235640,38.89,0.0333,190612024
15877,"Provide logistics technology or information for effective and efficient support of product, equipmen...",Logistics Engineers,13-1081,Tier1_Knowledge,30%,235640,38.89,0.0333,190612024
9737,Interview and investigate applicants for public assistance to gather information pertinent to their ...,"Eligibility Interviewers, Government Programs",43-4061,Tier1_Good,40%,156260,24.76,0.0588,189353294
1033,Prepare bid awards requiring board approval....,Purchasing Managers,11-3061,Tier1_Knowledge,30%,81240,67.07,0.0556,188890582
1036,Arrange for disposal of surplus materials....,Purchasing Managers,11-3061,Tier1_Knowledge,30%,81240,67.07,0.0556,188890582
1026,Analyze market and delivery systems to assess present and future material availability....,Purchasing Managers,11-3061,Tier1_Knowledge,30%,81240,67.07,0.0556,188890582
1022,Prepare and process requisitions and purchase orders for supplies and equipment....,Purchasing Managers,11-3061,Tier1_Knowledge,30%,81240,67.07,0.0556,188890582
1025,Review purchase order claims and contracts for conformance to company policy....,Purchasing Managers,11-3061,Tier1_Knowledge,30%,81240,67.07,0.0556,188890582
21039,Develop cost reduction strategies and savings plans....,Purchasing Managers,11-3061,Tier1_Knowledge,30%,81240,67.07,0.0556,188890582
1032,"Direct and coordinate activities of personnel engaged in buying, selling, and distributing materials...",Purchasing Managers,11-3061,Tier1_Knowledge,30%,81240,67.07,0.0556,188890582
11294,Answer questions and advise customers regarding loans and transactions....,Loan Interviewers and Clerks,43-4131,Tier1_Good,40%,173100,23.53,0.0556,188265099
20012,Arrange for sale or lease of excess storage or transport capacity to minimize losses or inefficienci...,Logistics Analysts,13-1081,Tier1_Knowledge,30%,235640,38.89,0.0323,184463249
15883,Enter logistics-related data into databases....,Logistics Analysts,13-1081,Tier1_Knowledge,30%,235640,38.89,0.0323,184463249
15890,Track product flow from origin to final delivery....,Logistics Analysts,13-1081,Tier1_Knowledge,30%,235640,38.89,0.0323,184463249
15881,Identify opportunities for inventory reductions....,Logistics Analysts,13-1081,Tier1_Knowledge,30%,235640,38.89,0.0323,184463249
22852,Administer first aid treatment or life support care to sick or injured persons in prehospital settin...,Emergency Medical Technicians,29-2042,Tier1_Knowledge,30%,177980,19.88,0.0833,183988605
22855,Comfort and reassure patients....,Emergency Medical Technicians,29-2042,Tier1_Knowledge,30%,177980,19.88,0.0833,183988605
22861,"Maintain vehicles and medical and communication equipment, and replenish first aid equipment and sup...",Emergency Medical Technicians,29-2042,Tier1_Knowledge,30%,177980,19.88,0.0833,183988605
22860,"Immobilize patient for placement on stretcher and ambulance transport, using backboard or other spin...",Emergency Medical Technicians,29-2042,Tier1_Knowledge,30%,177980,19.88,0.0833,183988605
3149,Advise passengers to be seated and orderly while on vehicles....,"Bus Drivers, Transit and Intercity",53-3052,Tier1_Writing,30%,148980,27.61,0.0714,183337342
3150,"Regulate heating, lighting, and ventilating systems for passenger comfort....","Bus Drivers, Transit and Intercity",53-3052,Tier1_Knowledge,30%,148980,27.61,0.0714,183337342
5351,"Plan or develop applications or modifications for electronic properties used in components, products...","Electronics Engineers, Except Computer",17-2072,Tier1_Knowledge,30%,93940,61.34,0.05,179783124
21079,Make travel arrangements for attorneys....,Legal Secretaries and Administrative Assistants,43-6012,Tier1_Knowledge,30%,154540,26.03,0.0714,179296425
773,Submit articles and information from searches to attorneys for review and approval for use....,Legal Secretaries and Administrative Assistants,43-6012,Tier1_Knowledge,30%,154540,26.03,0.0714,179296425
770,"Attend legal meetings, such as client interviews, hearings, or depositions, and take notes....",Legal Secretaries and Administrative Assistants,43-6012,Tier1_Knowledge,30%,154540,26.03,0.0714,179296425
769,"Assist attorneys in collecting information such as employment, medical, and other records....",Legal Secretaries and Administrative Assistants,43-6012,Tier1_Knowledge,30%,154540,26.03,0.0714,179296425
23324,"Compare information from application to criteria for policy reinstatement, and approve reinstatement...",Insurance Claims and Policy Processing Clerks,43-9041,Tier1_Good,40%,229070,23.29,0.04,177550141
23332,Interview clients and take their calls to provide customer service and obtain information on claims....,Insurance Claims and Policy Processing Clerks,43-9041,Tier1_Good,40%,229070,23.29,0.04,177550141
18474,Maintain laboratory instruments to ensure proper working order and troubleshoot malfunctions when ne...,Chemists,19-2031,Tier1_Knowledge,30%,83250,40.46,0.0833,175151340
282,Develop or advise on social policy or assist in community development....,Mental Health and Substance Abuse Social Workers,21-1023,Tier1_Knowledge,30%,125910,28.88,0.0769,174541478
273,"Counsel clients in individual or group sessions to assist them in dealing with substance abuse, ment...",Mental Health and Substance Abuse Social Workers,21-1023,Tier1_Knowledge,30%,125910,28.88,0.0769,174541478
278,"Counsel or aid family members to assist them in understanding, dealing with, or supporting the clien...",Mental Health and Substance Abuse Social Workers,21-1023,Tier1_Knowledge,30%,125910,28.88,0.0769,174541478
3112,"Confer with engineering, supervisory, or manufacturing personnel to exchange technical information....",Machinists,51-4041,Tier1_Writing,30%,298790,27.0,0.0345,173586687
3114,"Establish work procedures for fabricating new structural products, using a variety of metalworking m...",Machinists,51-4041,Tier1_Knowledge,30%,298790,27.0,0.0345,173586687
3109,Advise clients about the materials being used for finished products....,Machinists,51-4041,Tier1_Knowledge,30%,298790,27.0,0.0345,173586687
22827,Operate fluoroscope to aid physician to view and guide wire or catheter through blood vessels to are...,Radiologic Technologists and Technicians,29-2034,Tier1_Knowledge,30%,223460,37.34,0.0333,173555125
22813,"Set up examination rooms, ensuring that all necessary equipment is ready....",Radiologic Technologists and Technicians,29-2034,Tier1_Knowledge,30%,223460,37.34,0.0333,173555125
22811,Take thorough and accurate patient medical histories....,Radiologic Technologists and Technicians,29-2034,Tier1_Knowledge,30%,223460,37.34,0.0333,173555125
22812,"Make exposures necessary for the requested procedures, rejecting and repeating work that does not me...",Radiologic Technologists and Technicians,29-2034,Tier1_Knowledge,30%,223460,37.34,0.0333,173555125
22817,Provide assistance to physicians or other technologists in the performance of more complex procedure...,Radiologic Technologists and Technicians,29-2034,Tier1_Knowledge,30%,223460,37.34,0.0333,173555125
22821,Provide assistance in dressing or changing seriously ill or injured patients or patients with disabi...,Radiologic Technologists and Technicians,29-2034,Tier1_Knowledge,30%,223460,37.34,0.0333,173555125
22825,Assist with on-the-job training of new employees or students or provide input to supervisors regardi...,Radiologic Technologists and Technicians,29-2034,Tier1_Knowledge,30%,223460,37.34,0.0333,173555125
22815,Transport patients to or from exam rooms....,Radiologic Technologists and Technicians,29-2034,Tier1_Knowledge,30%,223460,37.34,0.0333,173555125
3015,"Adjust and maintain industrial machinery, using control and regulating devices....","Mobile Heavy Equipment Mechanics, Except Engines",49-3042,Tier1_Knowledge,30%,180270,30.76,0.05,173007282
3006,"Examine parts for damage or excessive wear, using micrometers and gauges....","Mobile Heavy Equipment Mechanics, Except Engines",49-3042,Tier1_Knowledge,30%,180270,30.76,0.05,173007282
3002,Operate and inspect machines or heavy equipment to diagnose defects....,"Mobile Heavy Equipment Mechanics, Except Engines",49-3042,Tier1_Knowledge,30%,180270,30.76,0.05,173007282
16491,"Demonstrate miniaturized systems that contain components, such as microsensors, microactuators, or i...",Microsystems Engineers,17-2199,Tier1_Knowledge,30%,150750,56.61,0.0323,171780306
16486,"Develop or implement microelectromechanical systems (MEMS) processing tools, fixtures, gages, dies, ...",Microsystems Engineers,17-2199,Tier1_Knowledge,30%,150750,56.61,0.0323,171780306
16353,Provide technical support for radio frequency identification device (RFID) technology....,Radio Frequency Identification Device Specialists,17-2072,Tier1_Knowledge,30%,93940,61.34,0.0476,171222022
16357,Analyze radio frequency identification device (RFID)-related supply chain data....,Radio Frequency Identification Device Specialists,17-2072,Tier1_Knowledge,30%,93940,61.34,0.0476,171222022
1099,"Establish and enforce nutritional standards for dining establishments, based on accepted industry st...",Food Service Managers,11-9051,Tier1_Knowledge,30%,244230,31.4,0.0357,170905176
1101,Create specialty dishes and develop recipes to be used in dining facilities....,Food Service Managers,11-9051,Tier1_Knowledge,30%,244230,31.4,0.0357,170905176
1098,"Greet guests, escort them to their seats, and present them with menus and wine lists....",Food Service Managers,11-9051,Tier1_Knowledge,30%,244230,31.4,0.0357,170905176
1085,Keep records required by government agencies regarding sanitation or food subsidies....,Food Service Managers,11-9051,Tier1_Knowledge,30%,244230,31.4,0.0357,170905176
1095,"Assess staffing needs and recruit staff, using methods such as newspaper advertisements or attendanc...",Food Service Managers,11-9051,Tier1_Knowledge,30%,244230,31.4,0.0357,170905176
1303,Train users and answer questions....,Database Administrators,15-1242,Tier1_Good,40%,73180,50.3,0.0556,170141874
344,"Provide patients undergoing eye surgeries, such as cataract and laser vision correction, with pre- a...",Optometrists,29-1041,Tier1_Knowledge,30%,41890,64.82,0.1,169435332
339,"Prescribe, supply, fit and adjust eyeglasses, contact lenses, and other vision aids....",Optometrists,29-1041,Tier1_Writing,30%,41890,64.82,0.1,169435332
22887,Release information to persons or agencies according to regulations....,Medical Records Specialists,29-2072,Tier1_Writing,30%,187910,24.16,0.0588,166641241
22879,Consult classification manuals to locate information about disease processes....,Medical Records Specialists,29-2072,Tier1_Partial,30%,187910,24.16,0.0588,166641241
22884,Process and prepare business or government forms....,Medical Records Specialists,29-2072,Tier1_Knowledge,30%,187910,24.16,0.0588,166641241
2517,"Compile employee time, production, and payroll data from time sheets and other records....",Payroll and Timekeeping Clerks,43-3051,Tier1_Good,40%,156950,26.58,0.0476,165280009
21187,Teach residents or medical students about pediatric topics....,"Pediatricians, General",29-1221,Tier1_Knowledge,30%,42960,101.03,0.0588,159312662
7821,"Prescribe or administer treatment, therapy, medication, vaccination, and other specialized medical c...","Pediatricians, General",29-1221,Tier1_Knowledge,30%,42960,101.03,0.0588,159312662
7823,"Advise patients, parents or guardians, and community members concerning diet, activity, hygiene, and...","Pediatricians, General",29-1221,Tier1_Knowledge,30%,42960,101.03,0.0588,159312662
7829,"Direct and coordinate activities of nurses, students, assistants, specialists, therapists, and other...","Pediatricians, General",29-1221,Tier1_Knowledge,30%,42960,101.03,0.0588,159312662
7828,Refer patient to medical specialist or other practitioner when necessary....,"Pediatricians, General",29-1221,Tier1_Knowledge,30%,42960,101.03,0.0588,159312662
7830,Provide consulting services to other physicians....,"Pediatricians, General",29-1221,Tier1_Writing,30%,42960,101.03,0.0588,159312662
17423,"Attach electrodes to patients, using adhesives....",Neurodiagnostic Technologists,29-2099,Tier1_Knowledge,30%,174060,23.46,0.0625,159254456
11144,Meet with sales representatives to negotiate prices or order supplies....,Chefs and Head Cooks,35-1011,Tier1_Writing,30%,182320,29.32,0.0476,158841351
11142,"Meet with customers to discuss menus for special occasions, such as weddings, parties, or banquets....",Chefs and Head Cooks,35-1011,Tier1_Knowledge,30%,182320,29.32,0.0476,158841351
21301,Plan security for special and high-risk events....,Security Managers,11-3013,Tier1_Knowledge,30%,141090,50.33,0.0357,158252188
21286,"Communicate security status, updates, and actual or potential problems, using established protocols....",Security Managers,11-3013,Tier1_Knowledge,30%,141090,50.33,0.0357,158252188
21304,"Purchase security-related supplies, equipment, or technology....",Security Managers,11-3013,Tier1_Knowledge,30%,141090,50.33,0.0357,158252188
21290,"Create or implement security standards, policies, and procedures....",Security Managers,11-3013,Tier1_Knowledge,30%,141090,50.33,0.0357,158252188
7679,"Read news, read or record public service and promotional announcements, or perform other on-air duti...",Media Programming Directors,27-2012,Tier1_Knowledge,30%,145270,40.13,0.0435,158161891
7675,Prepare copy and edit tape so that material is ready for broadcasting....,Media Programming Directors,27-2012,Tier1_Knowledge,30%,145270,40.13,0.0435,158161891
7683,Conduct interviews for broadcasts....,Media Programming Directors,27-2012,Tier1_Writing,30%,145270,40.13,0.0435,158161891
7682,"Cue announcers, actors, performers, and guests....",Media Programming Directors,27-2012,Tier1_Knowledge,30%,145270,40.13,0.0435,158161891
21241,"Manage special events, such as sponsorship of races, parties introducing new products, or other acti...",Public Relations Managers,11-2032,Tier1_Knowledge,30%,76060,66.6,0.05,158046595
21244,Respond to requests for information about employers' activities or status....,Public Relations Managers,11-2032,Tier1_Writing,30%,76060,66.6,0.05,158046595
21240,Manage in-house communication courses....,Public Relations Managers,11-2032,Tier1_Knowledge,30%,76060,66.6,0.05,158046595
6867,Interpret and enforce provisions of state education codes and rules and regulations of state educati...,Instructional Coordinators,25-9031,Tier1_Knowledge,30%,210850,35.92,0.0333,157533626
22437,Adapt instructional content or delivery methods for different levels or types of learners....,Instructional Coordinators,25-9031,Tier1_Knowledge,30%,210850,35.92,0.0333,157533626
22441,"Define instructional, learning, or performance objectives....",Instructional Coordinators,25-9031,Tier1_Knowledge,30%,210850,35.92,0.0333,157533626
6877,Advise and teach students....,Instructional Coordinators,25-9031,Tier1_Knowledge,30%,210850,35.92,0.0333,157533626
20776,"Assist customers, such as responding to customer complaints and updating them about back-ordered par...",Parts Salespersons,41-2022,Tier1_Knowledge,30%,265060,18.0,0.0526,156692312
2435,"Discuss use and features of various parts, based on knowledge of machines or equipment....",Parts Salespersons,41-2022,Tier1_Writing,30%,265060,18.0,0.0526,156692312
2432,Advise customers on substitution or modification of parts when identical replacements are not availa...,Parts Salespersons,41-2022,Tier1_Knowledge,30%,265060,18.0,0.0526,156692312
2433,"Examine returned parts for defects, and exchange defective parts or refund money....",Parts Salespersons,41-2022,Tier1_Knowledge,30%,265060,18.0,0.0526,156692312
2429,Prepare sales slips or sales contracts....,Parts Salespersons,41-2022,Tier1_Knowledge,30%,265060,18.0,0.0526,156692312
20775,"Fill customer orders from stock, and place orders when requested items are out of stock....",Parts Salespersons,41-2022,Tier1_Knowledge,30%,265060,18.0,0.0526,156692312
20777,"Locate and label parts, and maintain inventory of stock....",Parts Salespersons,41-2022,Tier1_Knowledge,30%,265060,18.0,0.0526,156692312
19863,"Conduct environmental hazard inspections to identify or quantify problems, such as asbestos, poor ai...",Construction and Building Inspectors,47-4011,Tier1_Knowledge,30%,137210,34.67,0.0526,156232217
19867,"Sample and test air to identify gasses, such as bromine, ozone, or sulfur dioxide, or particulates, ...",Construction and Building Inspectors,47-4011,Tier1_Knowledge,30%,137210,34.67,0.0526,156232217
2483,"Trace delinquent customers to new addresses by inquiring at post offices, telephone companies, credi...",Bill and Account Collectors,43-3011,Tier1_Knowledge,30%,165020,22.14,0.0667,151987380
2482,Negotiate credit extensions when necessary....,Bill and Account Collectors,43-3011,Tier1_Writing,30%,165020,22.14,0.0667,151987380
18559,Answer customer questions regarding problems with their accounts....,Bill and Account Collectors,43-3011,Tier1_Knowledge,30%,165020,22.14,0.0667,151987380
2472,Receive payments and post amounts paid to customer accounts....,Bill and Account Collectors,43-3011,Tier1_Knowledge,30%,165020,22.14,0.0667,151987380
2475,"Locate and notify customers of delinquent accounts by mail, telephone, or personal visits to solicit...",Bill and Account Collectors,43-3011,Tier1_Knowledge,30%,165020,22.14,0.0667,151987380
2477,Advise customers of necessary actions and strategies for debt repayment....,Bill and Account Collectors,43-3011,Tier1_Knowledge,30%,165020,22.14,0.0667,151987380
20409,Transport patients to the hospital or within the hospital....,Respiratory Therapists,29-1126,Tier1_Knowledge,30%,136420,38.68,0.0455,149667126
411,Demonstrate respiratory care procedures to trainees or other healthcare personnel....,Respiratory Therapists,29-1126,Tier1_Knowledge,30%,136420,38.68,0.0455,149667126
414,Make emergency visits to resolve equipment problems....,Respiratory Therapists,29-1126,Tier1_Knowledge,30%,136420,38.68,0.0455,149667126
8420,"Inspect and test power lines and auxiliary equipment to locate and identify problems, using reading ...",Electrical Power-Line Installers and Repairers,49-9051,Tier1_Knowledge,30%,123680,44.5,0.0435,149319402
8433,"Lay underground cable directly in trenches, or string it through conduit running through the trenche...",Electrical Power-Line Installers and Repairers,49-9051,Tier1_Knowledge,30%,123680,44.5,0.0435,149319402
21164,Contact customers to collect payments on delinquent accounts....,Credit Analysts,13-2041,Tier1_Knowledge,30%,67370,38.93,0.0909,148779418
1253,Confer with credit association and other business representatives to exchange credit information....,Credit Analysts,13-2041,Tier1_Writing,30%,67370,38.93,0.0909,148779418
17555,Validate known intelligence with data from other sources....,Intelligence Analysts,33-3021,Tier1_Knowledge,30%,110790,44.99,0.0476,148109137
17548,"Gather intelligence information by field observation, confidential information sources, or public re...",Intelligence Analysts,33-3021,Tier1_Knowledge,30%,110790,44.99,0.0476,148109137
17556,Collaborate with representatives from other government and intelligence organizations to share infor...,Intelligence Analysts,33-3021,Tier1_Knowledge,30%,110790,44.99,0.0476,148109137
23997,Identify gaps in information....,Intelligence Analysts,33-3021,Tier1_Knowledge,30%,110790,44.99,0.0476,148109137
17559,Study communication code languages or foreign languages to translate intelligence....,Intelligence Analysts,33-3021,Tier1_Partial,30%,110790,44.99,0.0476,148109137
17557,"Develop defense plans or tactics, using intelligence and other information....",Intelligence Analysts,33-3021,Tier1_Knowledge,30%,110790,44.99,0.0476,148109137
17558,"Interview, interrogate, or interact with witnesses or crime suspects to collect human intelligence....",Intelligence Analysts,33-3021,Tier1_Writing,30%,110790,44.99,0.0476,148109137
17553,Prepare plans to intercept foreign communications transmissions....,Intelligence Analysts,33-3021,Tier1_Knowledge,30%,110790,44.99,0.0476,148109137
17549,"Gather, analyze, correlate, or evaluate information from a variety of resources, such as law enforce...",Intelligence Analysts,33-3021,Tier1_Knowledge,30%,110790,44.99,0.0476,148109137
15589,Develop advertising and other informational materials to be used in subject recruitment....,Clinical Research Coordinators,11-9121,Tier1_Knowledge,30%,100870,77.49,0.0303,147801326
15587,"Perform specific protocol procedures such as interviewing subjects, taking vital signs, and performi...",Clinical Research Coordinators,11-9121,Tier1_Writing,30%,100870,77.49,0.0303,147801326
15582,Solicit industry-sponsored trials through contacts and professional organizations....,Clinical Research Coordinators,11-9121,Tier1_Writing,30%,100870,77.49,0.0303,147801326
15607,Communicate with laboratories or investigators regarding laboratory findings....,Clinical Research Coordinators,11-9121,Tier1_Writing,30%,100870,77.49,0.0303,147801326
15606,Contact outside health care providers and communicate with subjects to obtain follow-up information....,Clinical Research Coordinators,11-9121,Tier1_Writing,30%,100870,77.49,0.0303,147801326
15605,"Direct the requisition, collection, labeling, storage, or shipment of specimens....",Clinical Research Coordinators,11-9121,Tier1_Knowledge,30%,100870,77.49,0.0303,147801326
15609,"Code, evaluate, or interpret collected study data....",Clinical Research Coordinators,11-9121,Tier1_Knowledge,30%,100870,77.49,0.0303,147801326
15603,"Identify protocol problems, inform investigators of problems, or assist in problem resolution effort...",Clinical Research Coordinators,11-9121,Tier1_Knowledge,30%,100870,77.49,0.0303,147801326
15602,Inform patients or caregivers about study aspects and outcomes to be expected....,Clinical Research Coordinators,11-9121,Tier1_Knowledge,30%,100870,77.49,0.0303,147801326
15588,Interpret protocols and advise treating physicians on appropriate dosage modifications or treatment ...,Clinical Research Coordinators,11-9121,Tier1_Knowledge,30%,100870,77.49,0.0303,147801326
11063,"Recommend measures to help protect workers from potentially hazardous work methods, processes, or ma...",Occupational Health and Safety Specialists,19-5011,Tier1_Knowledge,30%,128430,40.34,0.0455,146948205
11078,Collect samples of hazardous materials or arrange for sample collection....,Occupational Health and Safety Specialists,19-5011,Tier1_Knowledge,30%,128430,40.34,0.0455,146948205
11077,Conduct audits at hazardous waste sites or industrial sites or participate in hazardous waste site i...,Occupational Health and Safety Specialists,19-5011,Tier1_Knowledge,30%,128430,40.34,0.0455,146948205
11065,"Investigate the adequacy of ventilation, exhaust equipment, lighting, or other conditions that could...",Occupational Health and Safety Specialists,19-5011,Tier1_Knowledge,30%,128430,40.34,0.0455,146948205
11068,Collaborate with engineers or physicians to institute control or remedial measures for hazardous or ...,Occupational Health and Safety Specialists,19-5011,Tier1_Knowledge,30%,128430,40.34,0.0455,146948205
16116,Test software systems or applications for software enhancements or new products....,Data Warehousing Specialists,15-1243,Tier1_Knowledge,30%,64770,65.37,0.0556,146779183
16122,"Select methods, techniques, or criteria for data warehousing evaluative procedures....",Data Warehousing Specialists,15-1243,Tier1_Knowledge,30%,64770,65.37,0.0556,146779183
16131,Create or implement metadata processes and frameworks....,Data Warehousing Specialists,15-1243,Tier1_Knowledge,30%,64770,65.37,0.0556,146779183
16118,Provide or coordinate troubleshooting support for data warehouses....,Data Warehousing Specialists,15-1243,Tier1_Knowledge,30%,64770,65.37,0.0556,146779183
2188,Plan work on orders so that items served together are finished at the same time....,"Cooks, Short Order",35-2015,Tier1_Knowledge,30%,150420,17.12,0.0909,146083528
2192,"Complete orders from steam tables, placing food on plates and serving customers at tables or counter...","Cooks, Short Order",35-2015,Tier1_Knowledge,30%,150420,17.12,0.0909,146083528
15983,Provide application or analytical support to researchers or traders on issues such as valuations or ...,Financial Quantitative Analysts,13-2099,Tier1_Partial,30%,127450,38.55,0.0476,145992154
19572,Analyze pricing or risks of carbon trading products....,Financial Quantitative Analysts,13-2099,Tier1_Knowledge,30%,127450,38.55,0.0476,145992154
6476,Serve meals and snacks in accordance with nutritional guidelines....,"Preschool Teachers, Except Special Education",25-2011,Tier1_Knowledge,30%,445080,17.85,0.0294,145808208
6481,"Arrange indoor and outdoor space to facilitate creative play, motor-skill activities, and safety....","Preschool Teachers, Except Special Education",25-2011,Tier1_Knowledge,30%,445080,17.85,0.0294,145808208
6478,Adapt teaching methods and instructional materials to meet students' varying needs and interests....,"Preschool Teachers, Except Special Education",25-2011,Tier1_Knowledge,30%,445080,17.85,0.0294,145808208
6494,"Provide students with disabilities with assistive devices, supportive technology, and assistance acc...","Preschool Teachers, Except Special Education",25-2011,Tier1_Knowledge,30%,445080,17.85,0.0294,145808208
6477,"Assimilate arriving children to the school environment by greeting them, helping them remove outerwe...","Preschool Teachers, Except Special Education",25-2011,Tier1_Knowledge,30%,445080,17.85,0.0294,145808208
6491,Meet with other professionals to discuss individual students' needs and progress....,"Preschool Teachers, Except Special Education",25-2011,Tier1_Writing,30%,445080,17.85,0.0294,145808208
6480,Demonstrate activities to children....,"Preschool Teachers, Except Special Education",25-2011,Tier1_Knowledge,30%,445080,17.85,0.0294,145808208
6474,Prepare materials and classrooms for class activities....,"Preschool Teachers, Except Special Education",25-2011,Tier1_Knowledge,30%,445080,17.85,0.0294,145808208
6475,Teach proper eating habits and personal hygiene....,"Preschool Teachers, Except Special Education",25-2011,Tier1_Knowledge,30%,445080,17.85,0.0294,145808208
16843,"Present climate-related information at public interest, governmental, or other meetings....",Climate Change Policy Analysts,19-2041,Tier1_Writing,30%,84930,38.49,0.0714,145702025
16849,"Provide analytical support for policy briefs related to renewable energy, energy efficiency, or clim...",Climate Change Policy Analysts,19-2041,Tier1_Partial,30%,84930,38.49,0.0714,145702025
16848,Review existing policies or legislation to identify environmental impacts....,Climate Change Policy Analysts,19-2041,Tier1_Knowledge,30%,84930,38.49,0.0714,145702025
20412,Counsel clients about the deaths of their pets or about euthanasia decisions for their pets....,Veterinarians,29-1131,Tier1_Knowledge,30%,80630,60.34,0.0476,144566365
4112,Educate the public about diseases that can be spread from animals to humans....,Veterinarians,29-1131,Tier1_Knowledge,30%,80630,60.34,0.0476,144566365
4122,"Inspect and test horses, sheep, poultry, or other animals to detect the presence of communicable dis...",Veterinarians,29-1131,Tier1_Knowledge,30%,80630,60.34,0.0476,144566365
4121,"Specialize in a particular type of treatment, such as dentistry, pathology, nutrition, surgery, micr...",Veterinarians,29-1131,Tier1_Knowledge,30%,80630,60.34,0.0476,144566365
18533,"Attend lectures, conferences, or continuing education courses....",Veterinarians,29-1131,Tier1_Knowledge,30%,80630,60.34,0.0476,144566365
18532,"Advise animal owners regarding sanitary measures, feeding, general care, medical conditions, or trea...",Veterinarians,29-1131,Tier1_Writing,30%,80630,60.34,0.0476,144566365
4124,Research diseases to which animals could be susceptible....,Veterinarians,29-1131,Tier1_Partial,30%,80630,60.34,0.0476,144566365
7178,"Communicate with dispatchers concerning delays, unsafe sites, accidents, equipment breakdowns, or ot...",Refuse and Recyclable Material Collectors,53-7081,Tier1_Writing,30%,139180,23.24,0.0714,144168211
7180,"Tag garbage or recycling containers to inform customers of problems, such as excess garbage or inclu...",Refuse and Recyclable Material Collectors,53-7081,Tier1_Knowledge,30%,139180,23.24,0.0714,144168211
3363,"Research employee benefit and health and safety practices, and recommend changes or modifications to...","Compensation, Benefits, and Job Analysis Specialists",13-1141,Tier1_Good,40%,102370,37.03,0.0455,143359693
2559,"Receive mortgage, loan, or public utility bill payments, verifying payment dates and amounts due....",Tellers,43-3071,Tier1_Knowledge,30%,339340,18.91,0.0357,143005632
2557,Arrange monies received in cash boxes and coin dispensers according to denomination....,Tellers,43-3071,Tier1_Knowledge,30%,339340,18.91,0.0357,143005632
21076,Answer telephones and assist customers with their questions....,Tellers,43-3071,Tier1_Knowledge,30%,339340,18.91,0.0357,143005632
2568,"Count, verify, and post armored car deposits....",Tellers,43-3071,Tier1_Knowledge,30%,339340,18.91,0.0357,143005632
2571,"Obtain and process information required for the provision of services, such as opening accounts, sav...",Tellers,43-3071,Tier1_Knowledge,30%,339340,18.91,0.0357,143005632
2555,Identify transaction mistakes when debits and credits do not balance....,Tellers,43-3071,Tier1_Knowledge,30%,339340,18.91,0.0357,143005632
1017,Train instructors and supervisors in techniques and skills for training and dealing with employees....,Training and Development Managers,11-3131,Tier1_Knowledge,30%,44960,61.1,0.0833,142846912
643,Demonstrate and sell hair care products and cosmetics....,"Hairdressers, Hairstylists, and Cosmetologists",39-5012,Tier1_Knowledge,30%,295460,16.95,0.0455,142046424
642,Operate cash registers to receive payments from patrons....,"Hairdressers, Hairstylists, and Cosmetologists",39-5012,Tier1_Knowledge,30%,295460,16.95,0.0455,142046424
20899,"Order, display, and maintain supplies....","Hairdressers, Hairstylists, and Cosmetologists",39-5012,Tier1_Knowledge,30%,295460,16.95,0.0455,142046424
648,Administer therapeutic medication and advise patron to seek medical treatment for chronic or contagi...,"Hairdressers, Hairstylists, and Cosmetologists",39-5012,Tier1_Knowledge,30%,295460,16.95,0.0455,142046424
644,Develop new styles and techniques....,"Hairdressers, Hairstylists, and Cosmetologists",39-5012,Tier1_Knowledge,30%,295460,16.95,0.0455,142046424
9741,"Prepare applications and forms for applicants for such purposes as school enrollment, employment, an...","Eligibility Interviewers, Government Programs",43-4061,Tier1_Knowledge,30%,156260,24.76,0.0588,142014971
9747,Investigate claimants for the possibility of fraud or abuse....,"Eligibility Interviewers, Government Programs",43-4061,Tier1_Knowledge,30%,156260,24.76,0.0588,142014971
9742,"Refer applicants to job openings or to interviews with other staff, in accordance with administrativ...","Eligibility Interviewers, Government Programs",43-4061,Tier1_Knowledge,30%,156260,24.76,0.0588,142014971
9743,Provide social workers with pertinent information gathered during applicant interviews....,"Eligibility Interviewers, Government Programs",43-4061,Tier1_Writing,30%,156260,24.76,0.0588,142014971
9735,"Initiate procedures to grant, modify, deny, or terminate assistance, or refer applicants to other ag...","Eligibility Interviewers, Government Programs",43-4061,Tier1_Knowledge,30%,156260,24.76,0.0588,142014971
9734,"Interpret and explain information such as eligibility requirements, application details, payment met...","Eligibility Interviewers, Government Programs",43-4061,Tier1_Knowledge,30%,156260,24.76,0.0588,142014971
9733,Interview benefits recipients at specified intervals to certify their eligibility for continuing ben...,"Eligibility Interviewers, Government Programs",43-4061,Tier1_Writing,30%,156260,24.76,0.0588,142014971
11918,"Measure or weigh flour or other ingredients to prepare batters, doughs, fillings, or icings, using s...",Bakers,51-3011,Tier1_Knowledge,30%,231890,17.62,0.0556,141644596
18082,Identify and prioritize energy-saving measures....,Energy Auditors,47-4011,Tier1_Knowledge,30%,137210,34.67,0.0476,141352958
18075,"Analyze energy bills, including utility rates or tariffs, to gather historical energy usage data....",Energy Auditors,47-4011,Tier1_Knowledge,30%,137210,34.67,0.0476,141352958
18078,Collect and analyze field data related to energy usage....,Energy Auditors,47-4011,Tier1_Knowledge,30%,137210,34.67,0.0476,141352958
18072,Perform tests such as blower-door tests to locate air leaks....,Energy Auditors,47-4011,Tier1_Knowledge,30%,137210,34.67,0.0476,141352958
11292,Interview loan applicants to obtain personal and financial data and to assist in completing applicat...,Loan Interviewers and Clerks,43-4131,Tier1_Writing,30%,173100,23.53,0.0556,141198824
11308,Establish credit limits and grant extensions of credit on overdue accounts....,Loan Interviewers and Clerks,43-4131,Tier1_Knowledge,30%,173100,23.53,0.0556,141198824
11306,Order property insurance or mortgage insurance policies to ensure protection against loss on mortgag...,Loan Interviewers and Clerks,43-4131,Tier1_Knowledge,30%,173100,23.53,0.0556,141198824
11295,"Contact customers by mail, telephone, or in person concerning acceptance or rejection of application...",Loan Interviewers and Clerks,43-4131,Tier1_Knowledge,30%,173100,23.53,0.0556,141198824
11305,Submit loan applications with recommendation for underwriting approval....,Loan Interviewers and Clerks,43-4131,Tier1_Knowledge,30%,173100,23.53,0.0556,141198824
21658,Train users and answer questions....,Database Architects,15-1243,Tier1_Good,40%,64770,65.37,0.04,140908016
8664,Adapt teaching methods and instructional materials to meet students' varying needs and interests....,Self-Enrichment Teachers,25-3021,Tier1_Knowledge,30%,308520,21.92,0.0333,140665375
8671,Prepare students for further development by encouraging them to explore learning opportunities and t...,Self-Enrichment Teachers,25-3021,Tier1_Knowledge,30%,308520,21.92,0.0333,140665375
8672,Prepare materials and classrooms for class activities....,Self-Enrichment Teachers,25-3021,Tier1_Knowledge,30%,308520,21.92,0.0333,140665375
8673,Enforce policies and rules governing students....,Self-Enrichment Teachers,25-3021,Tier1_Knowledge,30%,308520,21.92,0.0333,140665375
8680,Meet with other instructors to discuss individual students and their progress....,Self-Enrichment Teachers,25-3021,Tier1_Knowledge,30%,308520,21.92,0.0333,140665375
8679,"Attend professional meetings, conferences, and workshops to maintain and improve professional compet...",Self-Enrichment Teachers,25-3021,Tier1_Knowledge,30%,308520,21.92,0.0333,140665375
8685,Assign and grade class work and homework....,Self-Enrichment Teachers,25-3021,Tier1_Knowledge,30%,308520,21.92,0.0333,140665375
8677,Participate in publicity planning and student recruitment....,Self-Enrichment Teachers,25-3021,Tier1_Knowledge,30%,308520,21.92,0.0333,140665375
18359,Discharge patients from post-anesthesia care....,Nurse Anesthetists,29-1151,Tier1_Knowledge,30%,50350,107.31,0.0417,140479521
18369,Obtain informed consent from patients for anesthesia procedures....,Nurse Anesthetists,29-1151,Tier1_Knowledge,30%,50350,107.31,0.0417,140479521
18376,"Read current literature, talk with colleagues, and participate in professional organizations or conf...",Nurse Anesthetists,29-1151,Tier1_Knowledge,30%,50350,107.31,0.0417,140479521
18368,Develop anesthesia care plans....,Nurse Anesthetists,29-1151,Tier1_Knowledge,30%,50350,107.31,0.0417,140479521
18363,"Perform or manage regional anesthetic techniques, such as local, spinal, epidural, caudal, nerve blo...",Nurse Anesthetists,29-1151,Tier1_Knowledge,30%,50350,107.31,0.0417,140479521
18365,"Respond to emergency situations by providing airway management, administering emergency fluids or dr...",Nurse Anesthetists,29-1151,Tier1_Knowledge,30%,50350,107.31,0.0417,140479521
18371,Calibrate and test anesthesia equipment....,Nurse Anesthetists,29-1151,Tier1_Knowledge,30%,50350,107.31,0.0417,140479521
10968,Provide assistance to faculty members or staff with laboratory or field research....,"Teaching Assistants, Postsecondary",25-9044,Tier1_Good,40%,155010,21.6,0.05,139291986
23384,"Provide information and advice to the public regarding the selection, purchase, and care of products...","Farmworkers and Laborers, Crop, Nursery, and Greenhouse",45-2092,Tier1_Good,40%,261690,17.16,0.037,138377020
23032,Provide information to lab personnel concerning the source of an item of evidence and tests to be pe...,Detectives and Criminal Investigators,33-3021,Tier1_Good,40%,110790,44.99,0.0333,138235194
2397,Serve as liaison between park or recreation administrators and activity instructors....,Recreation Workers,39-9032,Tier1_Knowledge,30%,309640,17.01,0.0417,136941386
2394,"Meet with staff to discuss rules, regulations, and work-related problems....",Recreation Workers,39-9032,Tier1_Knowledge,30%,309640,17.01,0.0417,136941386
2383,Administer first aid according to prescribed procedures and notify emergency medical personnel when ...,Recreation Workers,39-9032,Tier1_Knowledge,30%,309640,17.01,0.0417,136941386
2388,Complete and maintain time and attendance forms and inventory lists....,Recreation Workers,39-9032,Tier1_Knowledge,30%,309640,17.01,0.0417,136941386
2386,"Explain principles, techniques, and safety procedures to participants in recreational activities and...",Recreation Workers,39-9032,Tier1_Knowledge,30%,309640,17.01,0.0417,136941386
2393,"Direct special activities or events, such as aquatics, gymnastics, or performing arts....",Recreation Workers,39-9032,Tier1_Knowledge,30%,309640,17.01,0.0417,136941386
16199,Balance and adjust gameplay experiences to ensure the critical and commercial success of the product...,Video Game Designers,15-1255,Tier1_Knowledge,30%,111400,47.16,0.0417,136594224
16208,"Devise missions, challenges, or puzzles to be encountered in game play....",Video Game Designers,15-1255,Tier1_Knowledge,30%,111400,47.16,0.0417,136594224
8217,Train new workers....,"Postal Service Mail Sorters, Processors, and Processing Machine Operators",43-5053,Tier1_Knowledge,30%,111930,27.18,0.0714,135597758
8220,Search directories to find correct addresses for redirected mail....,"Postal Service Mail Sorters, Processors, and Processing Machine Operators",43-5053,Tier1_Knowledge,30%,111930,27.18,0.0714,135597758
2615,Issue room keys and escort instructions to bellhops....,"Hotel, Motel, and Resort Desk Clerks",43-4081,Tier1_Knowledge,30%,261430,16.48,0.05,134421032
18569,"Prepare for basic food service, such as setting up continental breakfast or coffee and tea supplies....","Hotel, Motel, and Resort Desk Clerks",43-4081,Tier1_Knowledge,30%,261430,16.48,0.05,134421032
2625,Deposit guests' valuables in hotel safes or safe-deposit boxes....,"Hotel, Motel, and Resort Desk Clerks",43-4081,Tier1_Knowledge,30%,261430,16.48,0.05,134421032
18566,"Perform bookkeeping activities, such as balancing accounts and conducting nightly audits....","Hotel, Motel, and Resort Desk Clerks",43-4081,Tier1_Knowledge,30%,261430,16.48,0.05,134421032
1967,Prepare dressings or bandages and apply or assist with their application following surgery....,Surgical Technologists,29-2055,Tier1_Knowledge,30%,113890,30.21,0.0625,134184059
1965,"Prepare, care for, and dispose of tissue specimens taken for laboratory analysis....",Surgical Technologists,29-2055,Tier1_Knowledge,30%,113890,30.21,0.0625,134184059
22868,Comfort and reassure patients....,Paramedics,29-2043,Tier1_Knowledge,30%,99530,28.08,0.0769,134150515
22865,Administer first aid treatment or life support care to sick or injured persons in prehospital settin...,Paramedics,29-2043,Tier1_Knowledge,30%,99530,28.08,0.0769,134150515
22864,"Administer drugs, orally or by injection, or perform intravenous procedures....",Paramedics,29-2043,Tier1_Knowledge,30%,99530,28.08,0.0769,134150515
22876,Perform emergency pharmacological interventions....,Paramedics,29-2043,Tier1_Knowledge,30%,99530,28.08,0.0769,134150515
7324,"Direct and participate in formal and informal meetings with bank directors, trustees, senior managem...",Financial Examiners,13-2061,Tier1_Good,40%,62830,43.46,0.0588,133638375
16044,Advise businesses or agencies on ways to improve fraud detection....,"Fraud Examiners, Investigators and Analysts",13-2099,Tier1_Writing,30%,127450,38.55,0.0435,133297184
16049,Interview witnesses or suspects and take statements....,"Fraud Examiners, Investigators and Analysts",13-2099,Tier1_Writing,30%,127450,38.55,0.0435,133297184
16055,Coordinate investigative efforts with law enforcement officers and attorneys....,"Fraud Examiners, Investigators and Analysts",13-2099,Tier1_Knowledge,30%,127450,38.55,0.0435,133297184
16048,"Lead, or participate in, fraud investigation teams....","Fraud Examiners, Investigators and Analysts",13-2099,Tier1_Knowledge,30%,127450,38.55,0.0435,133297184
16047,Recommend actions in fraud cases....,"Fraud Examiners, Investigators and Analysts",13-2099,Tier1_Knowledge,30%,127450,38.55,0.0435,133297184
16040,Negotiate with responsible parties to arrange for recovery of losses due to fraud....,"Fraud Examiners, Investigators and Analysts",13-2099,Tier1_Knowledge,30%,127450,38.55,0.0435,133297184
16036,Train others in fraud detection and prevention techniques....,"Fraud Examiners, Investigators and Analysts",13-2099,Tier1_Knowledge,30%,127450,38.55,0.0435,133297184
23329,"Process, prepare, and submit business or government forms, such as submitting applications for cover...",Insurance Claims and Policy Processing Clerks,43-9041,Tier1_Knowledge,30%,229070,23.29,0.04,133162606
23327,Notify insurance agent and accounting department of policy cancellation....,Insurance Claims and Policy Processing Clerks,43-9041,Tier1_Writing,30%,229070,23.29,0.04,133162606
23337,Enter insurance- and claims-related information into database systems....,Insurance Claims and Policy Processing Clerks,43-9041,Tier1_Writing,30%,229070,23.29,0.04,133162606
23322,Correspond with insured or agent to obtain information or to inform them of account status or change...,Insurance Claims and Policy Processing Clerks,43-9041,Tier1_Partial,30%,229070,23.29,0.04,133162606
23319,Process and record new insurance policies and claims....,Insurance Claims and Policy Processing Clerks,43-9041,Tier1_Knowledge,30%,229070,23.29,0.04,133162606
23317,Contact insured or other involved persons to obtain missing information....,Insurance Claims and Policy Processing Clerks,43-9041,Tier1_Writing,30%,229070,23.29,0.04,133162606
23315,Post or attach information to claim file....,Insurance Claims and Policy Processing Clerks,43-9041,Tier1_Knowledge,30%,229070,23.29,0.04,133162606
8799,"Inspect meat products for defects, bruises or blemishes and remove them along with any excess fat....","Meat, Poultry, and Fish Cutters and Trimmers",51-3022,Tier1_Knowledge,30%,141090,18.13,0.0833,133014008
7068,"Waterproof or restore concrete surfaces, using appropriate compounds....",Cement Masons and Concrete Finishers,47-2051,Tier1_Knowledge,30%,205230,26.28,0.0385,129442666
7059,"Wet surface to prepare for bonding, fill holes and cracks with grout or slurry, and smooth, using tr...",Cement Masons and Concrete Finishers,47-2051,Tier1_Knowledge,30%,205230,26.28,0.0385,129442666
7061,"Apply hardening and sealing compounds to cure surface of concrete, and waterproof or restore surface...",Cement Masons and Concrete Finishers,47-2051,Tier1_Knowledge,30%,205230,26.28,0.0385,129442666
7055,Direct the casting of the concrete and supervise laborers who use shovels or special tools to spread...,Cement Masons and Concrete Finishers,47-2051,Tier1_Knowledge,30%,205230,26.28,0.0385,129442666
2627,"Ask questions in accordance with instructions to obtain various specified information, such as perso...","Interviewers, Except Eligibility and Loan",43-4111,Tier1_Knowledge,30%,157310,21.07,0.0625,129266346
2630,Review data obtained from interview for completeness and accuracy....,"Interviewers, Except Eligibility and Loan",43-4111,Tier1_Knowledge,30%,157310,21.07,0.0625,129266346
2636,"Perform patient services, such as answering the telephone or assisting patients with financial or me...","Interviewers, Except Eligibility and Loan",43-4111,Tier1_Knowledge,30%,157310,21.07,0.0625,129266346
2640,Meet with supervisor daily to submit completed assignments and discuss progress....,"Interviewers, Except Eligibility and Loan",43-4111,Tier1_Knowledge,30%,157310,21.07,0.0625,129266346
1758,"Explain and demonstrate the use of sports and training equipment, such as trampolines or weights....",Coaches and Scouts,27-2022,Tier1_Knowledge,30%,250940,22.08,0.037,128035164
20110,Teach instructional courses and advise students....,Coaches and Scouts,27-2022,Tier1_Knowledge,30%,250940,22.08,0.037,128035164
1747,"Adjust coaching techniques, based on the strengths and weaknesses of athletes....",Coaches and Scouts,27-2022,Tier1_Knowledge,30%,250940,22.08,0.037,128035164
20115,"Counsel student athletes on academic, athletic, and personal issues....",Coaches and Scouts,27-2022,Tier1_Writing,30%,250940,22.08,0.037,128035164
20111,Contact the parents of players to provide information and answer questions....,Coaches and Scouts,27-2022,Tier1_Partial,30%,250940,22.08,0.037,128035164
21651,Test changes to database applications or systems....,Database Administrators,15-1242,Tier1_Knowledge,30%,73180,50.3,0.0556,127606405
21650,Provide technical support to junior staff or clients....,Database Administrators,15-1242,Tier1_Knowledge,30%,73180,50.3,0.0556,127606405
5664,"Compile, administer, and grade examinations, or assign this work to others....","Business Teachers, Postsecondary",25-1011,Tier1_Good,40%,81780,46.76,0.04,127275850
5673,Collaborate with colleagues to address teaching and research issues....,"Business Teachers, Postsecondary",25-1011,Tier1_Good,40%,81780,46.76,0.04,127275850
5088,"Anesthetize and inoculate animals, according to instructions....",Animal Caretakers,39-2021,Tier1_Knowledge,30%,277300,16.09,0.0455,126551653
5091,Train animals to perform certain tasks....,Animal Caretakers,39-2021,Tier1_Knowledge,30%,277300,16.09,0.0455,126551653
5087,"Adjust controls to regulate specified temperature and humidity of animal quarters, nurseries, or exh...",Animal Caretakers,39-2021,Tier1_Knowledge,30%,277300,16.09,0.0455,126551653
5089,"Transfer animals between enclosures to facilitate breeding, birthing, shipping, or rearrangement of ...",Animal Caretakers,39-2021,Tier1_Knowledge,30%,277300,16.09,0.0455,126551653
5084,Discuss with clients their pets' grooming needs....,Animal Caretakers,39-2021,Tier1_Knowledge,30%,277300,16.09,0.0455,126551653
21150,Advise pet owners on how to care for their pets' health....,Animal Caretakers,39-2021,Tier1_Writing,30%,277300,16.09,0.0455,126551653
5076,"Respond to questions from patrons, and provide information about animals, such as behavior, habitat,...",Animal Caretakers,39-2021,Tier1_Partial,30%,277300,16.09,0.0455,126551653
5078,"Collect and record animal information, such as weight, size, physical condition, treatments received...",Animal Caretakers,39-2021,Tier1_Knowledge,30%,277300,16.09,0.0455,126551653
5080,Exercise animals to maintain their physical and mental health....,Animal Caretakers,39-2021,Tier1_Knowledge,30%,277300,16.09,0.0455,126551653
5077,"Provide treatment to sick or injured animals, or contact veterinarians to secure treatment....",Animal Caretakers,39-2021,Tier1_Writing,30%,277300,16.09,0.0455,126551653
2521,Issue and record adjustments to pay related to previous errors or retroactive increases....,Payroll and Timekeeping Clerks,43-3051,Tier1_Knowledge,30%,156950,26.58,0.0476,123960007
18562,Process paperwork for new employees and enter employee information into the payroll system....,Payroll and Timekeeping Clerks,43-3051,Tier1_Writing,30%,156950,26.58,0.0476,123960007
2522,Keep informed about changes in tax and deduction laws that apply to the payroll process....,Payroll and Timekeeping Clerks,43-3051,Tier1_Writing,30%,156950,26.58,0.0476,123960007
18563,"Keep track of leave time, such as vacation, personal, and sick leave, for employees....",Payroll and Timekeeping Clerks,43-3051,Tier1_Knowledge,30%,156950,26.58,0.0476,123960007
20902,Train employees on organizations' timekeeping systems....,Payroll and Timekeeping Clerks,43-3051,Tier1_Knowledge,30%,156950,26.58,0.0476,123960007
18995,"Identify the causes of networking problems, using diagnostic testing software and equipment....",Computer Network Support Specialists,15-1231,Tier1_Knowledge,30%,146450,35.26,0.0385,123931848
19011,Research hardware or software products to meet technical networking or security needs....,Computer Network Support Specialists,15-1231,Tier1_Partial,30%,146450,35.26,0.0385,123931848
19014,Train users in procedures related to network applications software or related systems....,Computer Network Support Specialists,15-1231,Tier1_Knowledge,30%,146450,35.26,0.0385,123931848
15223,"Conduct applied research on environmental topics, such as waste control or treatment or pollution ab...","Environmental Scientists and Specialists, Including Health",19-2041,Tier1_Good,40%,84930,38.49,0.0455,123625961
22531,Arrange financing for productions....,Producers and Directors,27-2012,Tier1_Knowledge,30%,145270,40.13,0.0333,121257450
22534,"Negotiate with parties, including independent producers and the distributors and broadcasters who wi...",Producers and Directors,27-2012,Tier1_Writing,30%,145270,40.13,0.0333,121257450
22530,Resolve personnel problems that arise during the production process by acting as liaisons between di...,Producers and Directors,27-2012,Tier1_Knowledge,30%,145270,40.13,0.0333,121257450
22527,Conduct meetings with staff to discuss production progress and to ensure production objectives are a...,Producers and Directors,27-2012,Tier1_Knowledge,30%,145270,40.13,0.0333,121257450
22516,"Communicate to actors the approach, characterization, and movement needed for each scene in such a w...",Producers and Directors,27-2012,Tier1_Writing,30%,145270,40.13,0.0333,121257450
4595,"Attend sales meetings, industry trade shows, and training seminars to gather information, promote pr...",Advertising Sales Agents,41-3011,Tier1_Good,40%,97470,29.55,0.05,119817922
17525,Assist physicians or registered nurses in the conduct of endoscopic procedures....,Endoscopy Technicians,31-9099,Tier1_Knowledge,30%,103650,22.14,0.0833,119330172
17522,Prepare suites or rooms according to endoscopic procedure requirements....,Endoscopy Technicians,31-9099,Tier1_Knowledge,30%,103650,22.14,0.0833,119330172
17529,"Read current literature, talk with colleagues, or participate in professional organizations or confe...",Endoscopy Technicians,31-9099,Tier1_Knowledge,30%,103650,22.14,0.0833,119330172
17527,"Collect specimens from patients, using standard medical procedures....",Endoscopy Technicians,31-9099,Tier1_Knowledge,30%,103650,22.14,0.0833,119330172
17528,Conduct in-service training sessions to disseminate information regarding equipment or instruments....,Endoscopy Technicians,31-9099,Tier1_Knowledge,30%,103650,22.14,0.0833,119330172
17520,Maintain inventories of endoscopic equipment and supplies....,Endoscopy Technicians,31-9099,Tier1_Knowledge,30%,103650,22.14,0.0833,119330172
7886,"Use complementary aids, such as infrared lamps, wet compresses, ice, and whirlpool baths to promote ...",Massage Therapists,31-9011,Tier1_Knowledge,30%,96040,27.86,0.0714,119258630
7885,Refer clients to other types of therapists when necessary....,Massage Therapists,31-9011,Tier1_Knowledge,30%,96040,27.86,0.0714,119258630
7887,Treat clients in professional settings or travel to clients' offices and homes....,Massage Therapists,31-9011,Tier1_Knowledge,30%,96040,27.86,0.0714,119258630
7882,Provide clients with guidance and information about techniques for postural improvement and stretchi...,Massage Therapists,31-9011,Tier1_Knowledge,30%,96040,27.86,0.0714,119258630
4881,"Perform roadside landscaping work, such as clearing weeds and brush, and planting and trimming trees...",Highway Maintenance Workers,47-4051,Tier1_Knowledge,30%,151750,23.59,0.0526,117567594
435,"Operate ultrasound equipment to produce and record images of the motion, shape, and composition of b...",Diagnostic Medical Sonographers,29-2032,Tier1_Knowledge,30%,86460,42.95,0.05,115859858
449,"Perform medical procedures, such as administering oxygen, inserting and removing airways, taking vit...",Diagnostic Medical Sonographers,29-2032,Tier1_Knowledge,30%,86460,42.95,0.05,115859858
446,"Maintain stock and supplies, preparing supplies for special examinations and ordering supplies when ...",Diagnostic Medical Sonographers,29-2032,Tier1_Knowledge,30%,86460,42.95,0.05,115859858
1214,"Coordinate services for events, such as accommodation and transportation for participants, facilitie...","Meeting, Convention, and Event Planners",13-1121,Tier1_Knowledge,30%,134670,28.58,0.0476,114366381
1211,Confer with staff at a chosen event site to coordinate details....,"Meeting, Convention, and Event Planners",13-1121,Tier1_Knowledge,30%,134670,28.58,0.0476,114366381
1219,"Negotiate contracts with such service providers and suppliers as hotels, convention centers, and spe...","Meeting, Convention, and Event Planners",13-1121,Tier1_Knowledge,30%,134670,28.58,0.0476,114366381
21247,Compile or develop materials to submit to granting or other funding organizations....,Fundraising Managers,11-2033,Tier1_Good,40%,36920,59.36,0.0625,113961702
21248,"Conduct research to identify the goals, net worth, charitable donation history, or other data relate...",Fundraising Managers,11-2033,Tier1_Good,40%,36920,59.36,0.0625,113961702
22418,"Explain use of library facilities, resources, equipment, and services, and provide information about...",Librarians and Media Collections Specialists,25-4022,Tier1_Good,40%,131830,30.92,0.0333,113046159
20639,"Lay out, measure, and mark dimensions and reference lines on material, such as roofing panels, using...",Sheet Metal Workers,47-2211,Tier1_Knowledge,30%,117470,29.26,0.0526,112883971
6275,"Compile, administer, and grade examinations, or assign this work to others....","Art, Drama, and Music Teachers, Postsecondary",25-1121,Tier1_Good,40%,97890,38.55,0.0357,112139987
6278,Collaborate with colleagues to address teaching and research issues....,"Art, Drama, and Music Teachers, Postsecondary",25-1121,Tier1_Good,40%,97890,38.55,0.0357,112139987
9195,"Gather information from doctors, schools, social workers, juvenile counselors, law enforcement perso...",Marriage and Family Therapists,21-1013,Tier1_Good,40%,65870,30.66,0.0667,112019049
17956,"Test water sources for factors, such as flow volume and contaminant presence....",Geothermal Technicians,49-9099,Tier1_Knowledge,30%,183690,23.39,0.0417,111709237
16795,"Analyze large molecular datasets, such as raw microarray data, genomic sequence data, or proteomics ...",Bioinformatics Scientists,19-1029,Tier1_Good,40%,59710,44.87,0.05,111454208
16790,Create novel computational approaches and analytical tools as required by research goals....,Bioinformatics Scientists,19-1029,Tier1_Good,40%,59710,44.87,0.05,111454208
17019,"Travel to students' homes, libraries, or schools to conduct tutoring sessions....",Tutors,25-3041,Tier1_Knowledge,30%,174660,19.27,0.0526,110536615
9694,Provide information needed for the development of custom-made machinery....,Sales Engineers,41-9031,Tier1_Good,40%,56690,58.42,0.04,110217696
11849,"Measure signal strength at utility poles, using electronic test equipment....",Telecommunications Line Installers and Repairers,49-9052,Tier1_Knowledge,30%,98360,33.9,0.0526,109508847
11853,"String cables between structures and lines from poles, towers, or trenches, and pull lines to proper...",Telecommunications Line Installers and Repairers,49-9052,Tier1_Knowledge,30%,98360,33.9,0.0526,109508847
11855,"Lay underground cable directly in trenches, or string it through conduits running through trenches....",Telecommunications Line Installers and Repairers,49-9052,Tier1_Knowledge,30%,98360,33.9,0.0526,109508847
21687,Communicate with network personnel or Web site hosting agencies to address hardware or software issu...,Web and Digital Interface Designers,15-1255,Tier1_Writing,30%,111400,47.16,0.0333,109275379
21708,Register Web sites with search engines to increase Web site traffic....,Web and Digital Interface Designers,15-1255,Tier1_Knowledge,30%,111400,47.16,0.0333,109275379
21695,Develop or implement procedures for ongoing Web site revision....,Web and Digital Interface Designers,15-1255,Tier1_Knowledge,30%,111400,47.16,0.0333,109275379
21705,Perform or direct Web site updates....,Web and Digital Interface Designers,15-1255,Tier1_Knowledge,30%,111400,47.16,0.0333,109275379
14630,"Develop and interpret organizational goals, policies, and procedures....",Computer and Information Research Scientists,15-1221,Tier1_Knowledge,30%,38480,67.74,0.0667,108436024
23291,Research information in the municipal archives upon request of public officials or private citizens....,"Court, Municipal, and License Clerks",43-4031,Tier1_Good,40%,170010,22.93,0.0333,108113666
23286,"Search files and contact witnesses, attorneys, or litigants to obtain information for the court....","Court, Municipal, and License Clerks",43-4031,Tier1_Good,40%,170010,22.93,0.0333,108113666
3371,"Consult with, or serve as, technical liaison between business, industry, government, and union offic...","Compensation, Benefits, and Job Analysis Specialists",13-1141,Tier1_Writing,30%,102370,37.03,0.0455,107519769
3370,"Observe, interview, and survey employees and conduct focus group meetings to collect job, organizati...","Compensation, Benefits, and Job Analysis Specialists",13-1141,Tier1_Knowledge,30%,102370,37.03,0.0455,107519769
3351,"Evaluate job positions, determining classification, exempt or non-exempt status, and salary....","Compensation, Benefits, and Job Analysis Specialists",13-1141,Tier1_Knowledge,30%,102370,37.03,0.0455,107519769
3364,"Analyze organizational, occupational, and industrial data to facilitate organizational functions and...","Compensation, Benefits, and Job Analysis Specialists",13-1141,Tier1_Knowledge,30%,102370,37.03,0.0455,107519769
3365,Advise staff of individuals' qualifications....,"Compensation, Benefits, and Job Analysis Specialists",13-1141,Tier1_Writing,30%,102370,37.03,0.0455,107519769
737,Collect payment for transportation and accommodations from customer....,Travel Agents,41-3041,Tier1_Knowledge,30%,59150,23.29,0.125,107453073
10912,Teach physics to students....,Physicists,19-2012,Tier1_Knowledge,30%,21340,79.95,0.1,106462699
16112,Create and enforce database development standards....,Database Architects,15-1243,Tier1_Knowledge,30%,64770,65.37,0.04,105681012
16111,"Demonstrate database technical functionality, such as performance, security and reliability....",Database Architects,15-1243,Tier1_Knowledge,30%,64770,65.37,0.04,105681012
16100,"Set up database clusters, backup, or recovery processes....",Database Architects,15-1243,Tier1_Knowledge,30%,64770,65.37,0.04,105681012
16099,Provide technical support to junior staff or clients....,Database Architects,15-1243,Tier1_Knowledge,30%,64770,65.37,0.04,105681012
21653,"Develop methods for integrating different products so they work properly together, such as customizi...",Database Architects,15-1243,Tier1_Knowledge,30%,64770,65.37,0.04,105681012
298,Prepare detailed storyboards showing sequence and timing of story development for television product...,Art Directors,27-1011,Tier1_Knowledge,30%,50370,53.38,0.0625,104861273
293,Attend photo shoots and printing sessions to ensure that the products needed are obtained....,Art Directors,27-1011,Tier1_Knowledge,30%,50370,53.38,0.0625,104861273
9639,"Verify that first aid kits and other emergency equipment, including fire extinguishers and oxygen bo...",Flight Attendants,53-2031,Tier1_Knowledge,30%,130110,32.27,0.04,104811412
9637,"Announce and demonstrate safety and emergency procedures, such as the use of oxygen masks, seat belt...",Flight Attendants,53-2031,Tier1_Knowledge,30%,130110,32.27,0.04,104811412
9642,"Prepare passengers and aircraft for landing, following procedures....",Flight Attendants,53-2031,Tier1_Knowledge,30%,130110,32.27,0.04,104811412
9640,Administer first aid to passengers in distress....,Flight Attendants,53-2031,Tier1_Knowledge,30%,130110,32.27,0.04,104811412
9658,Heat and serve prepared foods....,Flight Attendants,53-2031,Tier1_Knowledge,30%,130110,32.27,0.04,104811412
9652,Conduct periodic trips through the cabin to ensure passenger comfort and to distribute reading mater...,Flight Attendants,53-2031,Tier1_Knowledge,30%,130110,32.27,0.04,104811412
9651,Greet passengers boarding aircraft and direct them to assigned seats....,Flight Attendants,53-2031,Tier1_Knowledge,30%,130110,32.27,0.04,104811412
9647,Inspect passenger tickets to verify information and to obtain destination information....,Flight Attendants,53-2031,Tier1_Knowledge,30%,130110,32.27,0.04,104811412
20879,Attend lectures given by the supervising instructor....,"Teaching Assistants, Postsecondary",25-9044,Tier1_Knowledge,30%,155010,21.6,0.05,104468990
10965,Teach undergraduate-level courses....,"Teaching Assistants, Postsecondary",25-9044,Tier1_Knowledge,30%,155010,21.6,0.05,104468990
10960,Prepare or proctor examinations....,"Teaching Assistants, Postsecondary",25-9044,Tier1_Knowledge,30%,155010,21.6,0.05,104468990
20878,Tutor or mentor students who need additional instruction....,"Teaching Assistants, Postsecondary",25-9044,Tier1_Knowledge,30%,155010,21.6,0.05,104468990
10962,Meet with supervisors to discuss students' grades or to complete required grade-related paperwork....,"Teaching Assistants, Postsecondary",25-9044,Tier1_Writing,30%,155010,21.6,0.05,104468990
10973,Assist faculty members or staff with student conferences....,"Teaching Assistants, Postsecondary",25-9044,Tier1_Knowledge,30%,155010,21.6,0.05,104468990
23395,"Move containerized shrubs, plants, and trees, using wheelbarrows or tractors....","Farmworkers and Laborers, Crop, Nursery, and Greenhouse",45-2092,Tier1_Knowledge,30%,261690,17.16,0.037,103782765
23372,Set up and operate irrigation equipment....,"Farmworkers and Laborers, Crop, Nursery, and Greenhouse",45-2092,Tier1_Knowledge,30%,261690,17.16,0.037,103782765
23370,"Harvest plants, and transplant or pot and label them....","Farmworkers and Laborers, Crop, Nursery, and Greenhouse",45-2092,Tier1_Knowledge,30%,261690,17.16,0.037,103782765
23378,Inform farmers or farm managers of crop progress....,"Farmworkers and Laborers, Crop, Nursery, and Greenhouse",45-2092,Tier1_Knowledge,30%,261690,17.16,0.037,103782765
23381,"Regulate greenhouse conditions, and indoor and outdoor irrigation systems....","Farmworkers and Laborers, Crop, Nursery, and Greenhouse",45-2092,Tier1_Knowledge,30%,261690,17.16,0.037,103782765
23392,"Participate in the inspection, grading, sorting, storage, and post-harvest treatment of crops....","Farmworkers and Laborers, Crop, Nursery, and Greenhouse",45-2092,Tier1_Knowledge,30%,261690,17.16,0.037,103782765
23387,"Record information about crops, such as pesticide use, yields, or costs....","Farmworkers and Laborers, Crop, Nursery, and Greenhouse",45-2092,Tier1_Knowledge,30%,261690,17.16,0.037,103782765
23383,Feel plants' leaves and note their coloring to detect the presence of insects or disease....,"Farmworkers and Laborers, Crop, Nursery, and Greenhouse",45-2092,Tier1_Knowledge,30%,261690,17.16,0.037,103782765
23389,"Maintain inventory, ordering materials as required....","Farmworkers and Laborers, Crop, Nursery, and Greenhouse",45-2092,Tier1_Knowledge,30%,261690,17.16,0.037,103782765
23041,Notify command of situation and request assistance....,Detectives and Criminal Investigators,33-3021,Tier1_Writing,30%,110790,44.99,0.0333,103676396
23035,Prepare and serve search and arrest warrants....,Detectives and Criminal Investigators,33-3021,Tier1_Knowledge,30%,110790,44.99,0.0333,103676396
23026,"Preserve, process, and analyze items of evidence obtained from crime scenes and suspects, placing th...",Detectives and Criminal Investigators,33-3021,Tier1_Knowledge,30%,110790,44.99,0.0333,103676396
23037,"Identify case issues and evidence needed, based on analysis of charges, complaints, or allegations o...",Detectives and Criminal Investigators,33-3021,Tier1_Knowledge,30%,110790,44.99,0.0333,103676396
23044,"Notify, or request notification of, medical examiner or district attorney representative....",Detectives and Criminal Investigators,33-3021,Tier1_Knowledge,30%,110790,44.99,0.0333,103676396
23025,"Prepare charges or responses to charges, or information for court cases, according to formalized pro...",Detectives and Criminal Investigators,33-3021,Tier1_Knowledge,30%,110790,44.99,0.0333,103676396
23023,"Secure deceased body and obtain evidence from it, preventing bystanders from tampering with it prior...",Detectives and Criminal Investigators,33-3021,Tier1_Knowledge,30%,110790,44.99,0.0333,103676396
23048,Collaborate with other offices and agencies to exchange information and coordinate activities....,Detectives and Criminal Investigators,33-3021,Tier1_Knowledge,30%,110790,44.99,0.0333,103676396
1780,"Verify facts, dates, and statistics, using standard reference sources....",Editors,27-3041,Tier1_Knowledge,30%,95480,36.18,0.0476,102647002
1794,Arrange for copyright permissions....,Editors,27-3041,Tier1_Knowledge,30%,95480,36.18,0.0476,102647002
12678,"Examine completed work to detect defects and verify conformance to work orders, and adjust machinery...","Paper Goods Machine Setters, Operators, and Tenders",51-9196,Tier1_Knowledge,30%,96950,23.75,0.0714,102628500
12679,"Start machines and move controls to regulate tension on pressure rolls, to synchronize speed of mach...","Paper Goods Machine Setters, Operators, and Tenders",51-9196,Tier1_Knowledge,30%,96950,23.75,0.0714,102628500
12684,"Stamp products with information such as dates, using hand stamps or automatic stamping devices....","Paper Goods Machine Setters, Operators, and Tenders",51-9196,Tier1_Writing,30%,96950,23.75,0.0714,102628500
6459,"Advise students on course selection, career decisions, and other academic and vocational concerns....","Career/Technical Education Teachers, Postsecondary",25-1194,Tier1_Knowledge,30%,111150,29.56,0.05,102510533
6462,Review enrollment applications and correspond with applicants to obtain additional information....,"Career/Technical Education Teachers, Postsecondary",25-1194,Tier1_Knowledge,30%,111150,29.56,0.05,102510533
6452,Provide individualized instruction and tutorial or remedial instruction....,"Career/Technical Education Teachers, Postsecondary",25-1194,Tier1_Knowledge,30%,111150,29.56,0.05,102510533
3975,"Arrange for typing, duplication, and distribution of material....",Technical Writers,27-3042,Tier1_Knowledge,30%,55530,44.07,0.0667,101803815
3973,Interview production and engineering personnel and read journals and other material to become famili...,Technical Writers,27-3042,Tier1_Knowledge,30%,55530,44.07,0.0667,101803815
16802,Supervise technical personnel and postdoctoral research fellows....,Molecular and Cellular Biologists,19-1029,Tier1_Good,40%,59710,44.87,0.0455,101322008
16800,Coordinate molecular or cellular research activities with scientists specializing in other fields....,Molecular and Cellular Biologists,19-1029,Tier1_Good,40%,59710,44.87,0.0455,101322008
16816,"Conduct applied research aimed at improvements in areas such as disease testing, crop quality, pharm...",Molecular and Cellular Biologists,19-1029,Tier1_Good,40%,59710,44.87,0.0455,101322008
2019,"Assist patients to dress, undress, or put on and remove supportive devices, such as braces, splints,...",Physical Therapist Assistants,31-2021,Tier1_Knowledge,30%,108010,31.5,0.0476,101097360
2014,"Fit patients for orthopedic braces, prostheses, or supportive devices, such as crutches....",Physical Therapist Assistants,31-2021,Tier1_Knowledge,30%,108010,31.5,0.0476,101097360
2022,Prepare treatment areas and electrotherapy equipment for use by physiotherapists....,Physical Therapist Assistants,31-2021,Tier1_Knowledge,30%,108010,31.5,0.0476,101097360
2020,"Administer traction to relieve neck or back pain, using intermittent or static traction equipment....",Physical Therapist Assistants,31-2021,Tier1_Knowledge,30%,108010,31.5,0.0476,101097360
2013,Secure patients into or onto therapy equipment....,Physical Therapist Assistants,31-2021,Tier1_Knowledge,30%,108010,31.5,0.0476,101097360
18925,Compile or develop materials to submit to granting or other funding organizations....,Fundraisers,13-1131,Tier1_Good,40%,105930,31.97,0.0357,100629868
18926,"Conduct research to identify the goals, net worth, charitable donation history, or other data relate...",Fundraisers,13-1131,Tier1_Good,40%,105930,31.97,0.0357,100629868
7329,"Confer with officials of real estate, securities, or financial institution industries to exchange vi...",Financial Examiners,13-2061,Tier1_Writing,30%,62830,43.46,0.0588,100228781
20190,Provide regulatory compliance training to employees....,Financial Examiners,13-2061,Tier1_Knowledge,30%,62830,43.46,0.0588,100228781
7327,Resolve problems concerning the overall financial integrity of banking institutions including loan i...,Financial Examiners,13-2061,Tier1_Knowledge,30%,62830,43.46,0.0588,100228781
7974,Record work activities performed....,Pest Control Workers,37-2021,Tier1_Knowledge,30%,96110,21.51,0.0769,99231653
7978,"Direct, or assist other workers in, treatment or extermination processes to eliminate or control rod...",Pest Control Workers,37-2021,Tier1_Knowledge,30%,96110,21.51,0.0769,99231653
11957,"Examine electronic components for defects or completeness of laser-beam trimming, using microscopes....",Computer Numerically Controlled Tool Operators,51-9161,Tier1_Knowledge,30%,176950,24.02,0.037,98230057
11954,Set up future jobs while machines are operating....,Computer Numerically Controlled Tool Operators,51-9161,Tier1_Knowledge,30%,176950,24.02,0.037,98230057
11943,Input initial part dimensions into machine control panels....,Computer Numerically Controlled Tool Operators,51-9161,Tier1_Knowledge,30%,176950,24.02,0.037,98230057
11948,Control coolant systems....,Computer Numerically Controlled Tool Operators,51-9161,Tier1_Knowledge,30%,176950,24.02,0.037,98230057
2455,"Accompany buyers during visits to and inspections of property, advising them on the suitability and ...",Real Estate Sales Agents,41-9022,Tier1_Knowledge,30%,190600,27.08,0.0303,97598289
2465,Contact utility companies for service hookups to clients' property....,Real Estate Sales Agents,41-9022,Tier1_Knowledge,30%,190600,27.08,0.0303,97598289
2468,Solicit and compile listings of available rental properties....,Real Estate Sales Agents,41-9022,Tier1_Partial,30%,190600,27.08,0.0303,97598289
2458,"Advise clients on market conditions, prices, mortgages, legal requirements, and related matters....",Real Estate Sales Agents,41-9022,Tier1_Knowledge,30%,190600,27.08,0.0303,97598289
21155,Contact previous clients for prospecting of referral business....,Real Estate Sales Agents,41-9022,Tier1_Knowledge,30%,190600,27.08,0.0303,97598289
2466,Conduct seminars and training sessions for sales agents to improve sales techniques....,Real Estate Sales Agents,41-9022,Tier1_Knowledge,30%,190600,27.08,0.0303,97598289
2460,"Review property listings, trade journals, and relevant literature, and attend conventions, seminars,...",Real Estate Sales Agents,41-9022,Tier1_Knowledge,30%,190600,27.08,0.0303,97598289
2462,Contact property owners and advertise services to solicit property sales listings....,Real Estate Sales Agents,41-9022,Tier1_Writing,30%,190600,27.08,0.0303,97598289
2470,Rent or lease properties on behalf of clients....,Real Estate Sales Agents,41-9022,Tier1_Knowledge,30%,190600,27.08,0.0303,97598289
2456,Advise sellers on how to make homes more appealing to potential buyers....,Real Estate Sales Agents,41-9022,Tier1_Writing,30%,190600,27.08,0.0303,97598289
23740,Maintain knowledge of first-aid procedures....,Shuttle Drivers and Chauffeurs,53-3053,Tier1_Knowledge,30%,229630,17.63,0.0385,97161046
23741,Notify dispatchers or company mechanics of vehicle problems....,Shuttle Drivers and Chauffeurs,53-3053,Tier1_Writing,30%,229630,17.63,0.0385,97161046
23753,"Regulate heating, lighting, and ventilation systems for passenger comfort....",Shuttle Drivers and Chauffeurs,53-3053,Tier1_Knowledge,30%,229630,17.63,0.0385,97161046
23750,"Provide passengers with information or advice about the local area, points of interest, hotels, or r...",Shuttle Drivers and Chauffeurs,53-3053,Tier1_Writing,30%,229630,17.63,0.0385,97161046
5043,"Instruct participants in skiing, swimming, or other recreational activities and provide safety preca...","Lifeguards, Ski Patrol, and Other Recreational Protective Service Workers",33-9092,Tier1_Knowledge,30%,143590,16.21,0.0667,96827906
5040,Contact emergency medical personnel in case of serious injury....,"Lifeguards, Ski Patrol, and Other Recreational Protective Service Workers",33-9092,Tier1_Writing,30%,143590,16.21,0.0667,96827906
2945,"Remove damaged panels, and identify the family and properties of the plastic used on a vehicle....",Automotive Body and Related Repairers,49-3021,Tier1_Knowledge,30%,155220,24.85,0.04,96276136
9524,Inventory stock to ensure that supplies and equipment are available in adequate amounts....,First-Line Supervisors of Housekeeping and Janitorial Workers,37-1011,Tier1_Knowledge,30%,174660,22.85,0.0385,95783544
9512,"Direct activities for stopping the spread of infections in facilities, such as hospitals....",First-Line Supervisors of Housekeeping and Janitorial Workers,37-1011,Tier1_Knowledge,30%,174660,22.85,0.0385,95783544
9517,Coordinate activities with other departments to ensure that services are provided in an efficient an...,First-Line Supervisors of Housekeeping and Janitorial Workers,37-1011,Tier1_Knowledge,30%,174660,22.85,0.0385,95783544
9516,"Investigate complaints about service and equipment, and take corrective action....",First-Line Supervisors of Housekeeping and Janitorial Workers,37-1011,Tier1_Knowledge,30%,174660,22.85,0.0385,95783544
9529,"Select and order or purchase new equipment, supplies, or furnishings....",First-Line Supervisors of Housekeeping and Janitorial Workers,37-1011,Tier1_Knowledge,30%,174660,22.85,0.0385,95783544
9526,"Confer with staff to resolve performance and personnel problems, and to discuss company policies....",First-Line Supervisors of Housekeeping and Janitorial Workers,37-1011,Tier1_Knowledge,30%,174660,22.85,0.0385,95783544
9534,"Advise managers, desk clerks, or admitting personnel of rooms ready for occupancy....",First-Line Supervisors of Housekeeping and Janitorial Workers,37-1011,Tier1_Knowledge,30%,174660,22.85,0.0385,95783544
9521,"Instruct staff in work policies and procedures, and the use and maintenance of equipment....",First-Line Supervisors of Housekeeping and Janitorial Workers,37-1011,Tier1_Knowledge,30%,174660,22.85,0.0385,95783544
5683,Provide professional consulting services to government or industry....,"Business Teachers, Postsecondary",25-1011,Tier1_Writing,30%,81780,46.76,0.04,95456887
5682,Act as advisers to student organizations....,"Business Teachers, Postsecondary",25-1011,Tier1_Writing,30%,81780,46.76,0.04,95456887
21108,Mentor new faculty....,"Business Teachers, Postsecondary",25-1011,Tier1_Knowledge,30%,81780,46.76,0.04,95456887
5672,"Select and obtain materials and supplies, such as textbooks....","Business Teachers, Postsecondary",25-1011,Tier1_Knowledge,30%,81780,46.76,0.04,95456887
5671,Advise students on academic and vocational curricula and career issues....,"Business Teachers, Postsecondary",25-1011,Tier1_Writing,30%,81780,46.76,0.04,95456887
5681,"Conduct research in a particular field of knowledge and publish findings in professional journals, b...","Business Teachers, Postsecondary",25-1011,Tier1_Partial,30%,81780,46.76,0.04,95456887
5667,"Initiate, facilitate, and moderate classroom discussions....","Business Teachers, Postsecondary",25-1011,Tier1_Knowledge,30%,81780,46.76,0.04,95456887
5670,"Keep abreast of developments in the field by reading current literature, talking with colleagues, an...","Business Teachers, Postsecondary",25-1011,Tier1_Knowledge,30%,81780,46.76,0.04,95456887
12338,"Inspect equipment or units to detect leaks or malfunctions, shutting equipment down, if necessary....",Chemical Equipment Operators and Tenders,51-9011,Tier1_Knowledge,30%,127410,27.45,0.0435,94886105
12334,Observe safety precautions to prevent fires or explosions....,Chemical Equipment Operators and Tenders,51-9011,Tier1_Knowledge,30%,127410,27.45,0.0435,94886105
12333,"Adjust controls to regulate temperature, pressure, feed, or flow of liquids or gases and times of pr...",Chemical Equipment Operators and Tenders,51-9011,Tier1_Knowledge,30%,127410,27.45,0.0435,94886105
12343,Notify maintenance engineers of equipment malfunctions....,Chemical Equipment Operators and Tenders,51-9011,Tier1_Writing,30%,127410,27.45,0.0435,94886105
16622,"Identify defects in solid materials, using ultrasonic testing techniques....",Non-Destructive Testing Specialists,17-3029,Tier1_Knowledge,30%,64410,37.21,0.0625,93471148
9337,Compile information on content and context of information to be translated and on intended audience....,Interpreters and Translators,27-3091,Tier1_Excellent,50%,53360,28.58,0.0588,93295880
3741,"Conduct research, or assist in the conduct of research, including the collection of information and ...",Biological Technicians,19-4021,Tier1_Good,40%,76190,25.0,0.0588,93220706
3190,Patrol parking areas to prevent vehicle damage and vehicle or property thefts....,Parking Attendants,53-6021,Tier1_Knowledge,30%,134650,16.63,0.0667,93151947
3191,"Park and retrieve automobiles for customers in parking lots, storage garages, or new car lots....",Parking Attendants,53-6021,Tier1_Knowledge,30%,134650,16.63,0.0667,93151947
3192,Greet customers and open their car doors....,Parking Attendants,53-6021,Tier1_Knowledge,30%,134650,16.63,0.0667,93151947
3196,Inspect vehicles to detect any damage....,Parking Attendants,53-6021,Tier1_Knowledge,30%,134650,16.63,0.0667,93151947
3189,"Direct motorists to parking areas or parking spaces, using hand signals or flashlights as necessary....",Parking Attendants,53-6021,Tier1_Knowledge,30%,134650,16.63,0.0667,93151947
7359,Prepare or assist in preparing simple to complex tax returns for individuals or small businesses....,Tax Preparers,13-2082,Tier1_Knowledge,30%,73570,24.31,0.0833,93001308
7361,Interview clients to obtain additional information on taxable income and deductible expenses and all...,Tax Preparers,13-2082,Tier1_Knowledge,30%,73570,24.31,0.0833,93001308
7363,Furnish taxpayers with sufficient information and advice to ensure correct tax form completion....,Tax Preparers,13-2082,Tier1_Knowledge,30%,73570,24.31,0.0833,93001308
7360,"Use all appropriate adjustments, deductions, and credits to keep clients' taxes to a minimum....",Tax Preparers,13-2082,Tier1_Knowledge,30%,73570,24.31,0.0833,93001308
20364,Explain federal and state tax laws to individuals and companies....,Tax Preparers,13-2082,Tier1_Knowledge,30%,73570,24.31,0.0833,93001308
16830,Search scientific literature to select and modify methods and procedures most appropriate for geneti...,Geneticists,19-1029,Tier1_Good,40%,59710,44.87,0.0417,92878507
16827,Attend clinical and research conferences and read scientific literature to keep abreast of technolog...,Geneticists,19-1029,Tier1_Good,40%,59710,44.87,0.0417,92878507
15221,"Process and review environmental permits, licenses, or related materials....","Environmental Scientists and Specialists, Including Health",19-2041,Tier1_Knowledge,30%,84930,38.49,0.0455,92719471
1514,Conduct environmental audits or inspections or investigations of violations....,"Environmental Scientists and Specialists, Including Health",19-2041,Tier1_Knowledge,30%,84930,38.49,0.0455,92719471
22188,Conduct research to develop or improve diagnostic or therapeutic counseling techniques....,Clinical and Counseling Psychologists,19-3033,Tier1_Good,40%,72190,46.07,0.0333,92235334
22179,Maintain current knowledge of relevant research....,Clinical and Counseling Psychologists,19-3033,Tier1_Good,40%,72190,46.07,0.0333,92235334
11758,"Examine systems to locate problems, such as loose connections or broken insulation....",Security and Fire Alarm Systems Installers,49-2098,Tier1_Knowledge,30%,81510,28.51,0.0625,90630154
11769,Keep informed of new products and developments....,Security and Fire Alarm Systems Installers,49-2098,Tier1_Knowledge,30%,81510,28.51,0.0625,90630154
9275,"Select themes, lighting, colors, or props to be used....",Merchandise Displayers and Window Trimmers,27-1026,Tier1_Knowledge,30%,192480,17.96,0.0417,89880461
9277,Instruct sales staff in color coordination of clothing racks or counter displays....,Merchandise Displayers and Window Trimmers,27-1026,Tier1_Knowledge,30%,192480,17.96,0.0417,89880461
4593,"Identify new advertising markets, and propose products to serve them....",Advertising Sales Agents,41-3011,Tier1_Knowledge,30%,97470,29.55,0.05,89863441
4588,"Inform customers of available options for advertisement artwork, and provide samples....",Advertising Sales Agents,41-3011,Tier1_Knowledge,30%,97470,29.55,0.05,89863441
4585,Locate and contact potential clients to offer advertising services....,Advertising Sales Agents,41-3011,Tier1_Knowledge,30%,97470,29.55,0.05,89863441
4596,"Gather all relevant material for bid processes, and coordinate bidding and contract approval....",Advertising Sales Agents,41-3011,Tier1_Knowledge,30%,97470,29.55,0.05,89863441
4591,"Consult with company officials, sales departments, and advertising agencies to develop promotional p...",Advertising Sales Agents,41-3011,Tier1_Knowledge,30%,97470,29.55,0.05,89863441
4587,"Recommend appropriate sizes and formats for advertising, depending on medium used....",Advertising Sales Agents,41-3011,Tier1_Knowledge,30%,97470,29.55,0.05,89863441
13151,Recruit and hire staff members....,First-Line Supervisors of Personal Service Workers,39-1022,Tier1_Knowledge,30%,107060,22.64,0.0588,88969127
20763,Apply customer feedback to service improvement efforts....,First-Line Supervisors of Personal Service Workers,39-1022,Tier1_Knowledge,30%,107060,22.64,0.0588,88969127
13143,Inform workers about interests or special needs of specific groups....,First-Line Supervisors of Personal Service Workers,39-1022,Tier1_Writing,30%,107060,22.64,0.0588,88969127
23178,"Inform management about problems, such as employee disputes....",First-Line Supervisors of Personal Service Workers,39-1022,Tier1_Knowledge,30%,107060,22.64,0.0588,88969127
23177,"Direct or coordinate the activities of workers, such as hotel staff or hair stylists....",First-Line Supervisors of Personal Service Workers,39-1022,Tier1_Knowledge,30%,107060,22.64,0.0588,88969127
16855,Notify regulatory or permitting agencies of deviations from implemented remediation plans....,Environmental Restoration Planners,19-2041,Tier1_Knowledge,30%,84930,38.49,0.0435,88688189
16866,Identify short- and long-term impacts of environmental remediation activities....,Environmental Restoration Planners,19-2041,Tier1_Knowledge,30%,84930,38.49,0.0435,88688189
16867,"Identify environmental mitigation alternatives, ensuring compliance with applicable standards, laws,...",Environmental Restoration Planners,19-2041,Tier1_Knowledge,30%,84930,38.49,0.0435,88688189
5453,Counsel children and families to help solve conflicts and problems in learning and adjustment....,School Psychologists,19-3034,Tier1_Writing,30%,63830,41.79,0.0526,87604861
5451,Promote an understanding of child development and its relationship to learning and behavior....,School Psychologists,19-3034,Tier1_Knowledge,30%,63830,41.79,0.0526,87604861
5463,Conduct research to generate new knowledge that can be used to address learning and behavior issues....,School Psychologists,19-3034,Tier1_Partial,30%,63830,41.79,0.0526,87604861
5450,"Provide consultation to parents, teachers, administrators, and others on topics such as learning sty...",School Psychologists,19-3034,Tier1_Knowledge,30%,63830,41.79,0.0526,87604861
22937,Maintain knowledge of fire laws and fire prevention techniques and tactics....,First-Line Supervisors of Firefighting and Prevention Workers,33-1021,Tier1_Knowledge,30%,93680,44.44,0.0333,86593295
22934,Study and interpret fire safety codes to establish procedures for issuing permits to handle hazardou...,First-Line Supervisors of Firefighting and Prevention Workers,33-1021,Tier1_Knowledge,30%,93680,44.44,0.0333,86593295
22931,Recommend equipment modifications or new equipment purchases....,First-Line Supervisors of Firefighting and Prevention Workers,33-1021,Tier1_Knowledge,30%,93680,44.44,0.0333,86593295
22928,"Recommend personnel actions related to disciplinary procedures, performance, leaves of absence, and ...",First-Line Supervisors of Firefighting and Prevention Workers,33-1021,Tier1_Knowledge,30%,93680,44.44,0.0333,86593295
22913,"Communicate fire details to superiors, subordinates, or interagency dispatch centers, using two-way ...",First-Line Supervisors of Firefighting and Prevention Workers,33-1021,Tier1_Writing,30%,93680,44.44,0.0333,86593295
22927,"Direct firefighters in station maintenance duties, and participate in these duties....",First-Line Supervisors of Firefighting and Prevention Workers,33-1021,Tier1_Knowledge,30%,93680,44.44,0.0333,86593295
22914,"Serve as a working leader of an engine, hand, helicopter, or prescribed fire crew of three or more f...",First-Line Supervisors of Firefighting and Prevention Workers,33-1021,Tier1_Knowledge,30%,93680,44.44,0.0333,86593295
12140,"Identify articles' fabrics and original dyes by sight and touch, or by testing samples with fire or ...",Laundry and Dry-Cleaning Workers,51-6011,Tier1_Knowledge,30%,195360,16.25,0.0435,86128278
2722,Operate and maintain mobile dispatch vehicles and equipment....,Public Safety Telecommunicators,43-5031,Tier1_Knowledge,30%,101140,24.39,0.0556,85515893
2712,"Maintain access to, and security of, highly sensitive materials....",Public Safety Telecommunicators,43-5031,Tier1_Knowledge,30%,101140,24.39,0.0556,85515893
2706,"Record details of calls, dispatches, and messages....",Public Safety Telecommunicators,43-5031,Tier1_Knowledge,30%,101140,24.39,0.0556,85515893
2711,Receive incoming telephone or alarm system calls regarding emergency and non-emergency police and fi...,Public Safety Telecommunicators,43-5031,Tier1_Writing,30%,101140,24.39,0.0556,85515893
2719,Provide emergency medical instructions to callers....,Public Safety Telecommunicators,43-5031,Tier1_Knowledge,30%,101140,24.39,0.0556,85515893
2710,"Relay information and messages to and from emergency sites, to law enforcement agencies, and to all ...",Public Safety Telecommunicators,43-5031,Tier1_Writing,30%,101140,24.39,0.0556,85515893
2716,Learn material and pass required tests for certification....,Public Safety Telecommunicators,43-5031,Tier1_Knowledge,30%,101140,24.39,0.0556,85515893
21249,"Contact corporate representatives, government officials, or community leaders to increase awareness ...",Fundraising Managers,11-2033,Tier1_Knowledge,30%,36920,59.36,0.0625,85471277
21251,Develop fundraising activity plans that maximize participation or contributions and minimize costs....,Fundraising Managers,11-2033,Tier1_Knowledge,30%,36920,59.36,0.0625,85471277
21252,Develop strategies to encourage new or increased contributions....,Fundraising Managers,11-2033,Tier1_Knowledge,30%,36920,59.36,0.0625,85471277
19421,Collect and inspect random samples during print runs to identify any necessary adjustments....,Printing Press Operators,51-5112,Tier1_Knowledge,30%,145110,21.71,0.0435,85470042
19424,Feed paper through press cylinders and adjust feed and tension controls....,Printing Press Operators,51-5112,Tier1_Knowledge,30%,145110,21.71,0.0435,85470042
19428,Obtain or mix inks and fill ink fountains....,Printing Press Operators,51-5112,Tier1_Writing,30%,145110,21.71,0.0435,85470042
20966,Negotiate with contractors on prices for new contracts or modifications to existing contracts....,Civil Engineering Technologists and Technicians,17-3022,Tier1_Knowledge,30%,62130,30.86,0.0714,85458217
1471,"Conduct materials test and analysis, using tools and equipment and applying engineering knowledge....",Civil Engineering Technologists and Technicians,17-3022,Tier1_Knowledge,30%,62130,30.86,0.0714,85458217
10216,Select the proper coolants and lubricants and start their flow....,"Multiple Machine Tool Setters, Operators, and Tenders, Metal and Plastic",51-4081,Tier1_Knowledge,30%,129850,22.14,0.0476,85424976
20774,"Extend nails using powder, solvent, and paper forms attached to tips of customers' fingers to suppor...",Manicurists and Pedicurists,39-5092,Tier1_Knowledge,30%,147820,16.66,0.0556,85372948
8752,"Shape and smooth ends of nails, using scissors, files, or emery boards....",Manicurists and Pedicurists,39-5092,Tier1_Knowledge,30%,147820,16.66,0.0556,85372948
8754,Advise clients on nail care and use of products and colors....,Manicurists and Pedicurists,39-5092,Tier1_Knowledge,30%,147820,16.66,0.0556,85372948
11119,Communicate traffic and crossing rules and other information to students and adults....,Crossing Guards and Flaggers,33-9091,Tier1_Knowledge,30%,90180,18.13,0.0833,85018097
11117,"Direct or escort pedestrians across streets, stopping traffic, as necessary....",Crossing Guards and Flaggers,33-9091,Tier1_Knowledge,30%,90180,18.13,0.0833,85018097
11122,"Direct traffic movement or warn of hazards, using signs, flags, lanterns, and hand signals....",Crossing Guards and Flaggers,33-9091,Tier1_Knowledge,30%,90180,18.13,0.0833,85018097
6821,Visit schools to tutor students with sensory impairments and to consult with teachers regarding stud...,"Special Education Teachers, Secondary School",25-2058,Tier1_Knowledge,30%,162780,33.46,0.025,84958951
6785,"Teach socially acceptable behavior, employing techniques such as behavior modification and positive ...","Special Education Teachers, Secondary School",25-2058,Tier1_Knowledge,30%,162780,33.46,0.025,84958951
6807,Provide additional instruction in vocational areas....,"Special Education Teachers, Secondary School",25-2058,Tier1_Knowledge,30%,162780,33.46,0.025,84958951
6806,Meet with parents and guardians to provide guidance in using community resources and to teach skills...,"Special Education Teachers, Secondary School",25-2058,Tier1_Knowledge,30%,162780,33.46,0.025,84958951
6820,"Provide assistive devices, supportive technology, and assistance accessing facilities, such as restr...","Special Education Teachers, Secondary School",25-2058,Tier1_Knowledge,30%,162780,33.46,0.025,84958951
6800,"Guide and counsel students with adjustments, academic problems, or special academic interests....","Special Education Teachers, Secondary School",25-2058,Tier1_Knowledge,30%,162780,33.46,0.025,84958951
6801,Coordinate placement of students with special needs into mainstream classes....,"Special Education Teachers, Secondary School",25-2058,Tier1_Knowledge,30%,162780,33.46,0.025,84958951
6797,Meet with other professionals to discuss individual students' needs and progress....,"Special Education Teachers, Secondary School",25-2058,Tier1_Writing,30%,162780,33.46,0.025,84958951
6793,Prepare students for later grades by encouraging them to explore learning opportunities and to perse...,"Special Education Teachers, Secondary School",25-2058,Tier1_Knowledge,30%,162780,33.46,0.025,84958951
6823,"Sponsor extracurricular activities, such as clubs, student organizations, and academic contests....","Special Education Teachers, Secondary School",25-2058,Tier1_Knowledge,30%,162780,33.46,0.025,84958951
6795,Develop and implement strategies to meet the needs of students with a variety of handicapping condit...,"Special Education Teachers, Secondary School",25-2058,Tier1_Knowledge,30%,162780,33.46,0.025,84958951
6786,Prepare materials and classrooms for class activities....,"Special Education Teachers, Secondary School",25-2058,Tier1_Knowledge,30%,162780,33.46,0.025,84958951
22430,Arrange for interlibrary loans of materials not available in a particular library....,Librarians and Media Collections Specialists,25-4022,Tier1_Knowledge,30%,131830,30.92,0.0333,84784619
22426,"Engage in professional development activities, such as taking continuing education classes and atten...",Librarians and Media Collections Specialists,25-4022,Tier1_Knowledge,30%,131830,30.92,0.0333,84784619
22422,Develop library policies and procedures....,Librarians and Media Collections Specialists,25-4022,Tier1_Knowledge,30%,131830,30.92,0.0333,84784619
22417,"Respond to customer complaints, taking action as necessary....",Librarians and Media Collections Specialists,25-4022,Tier1_Knowledge,30%,131830,30.92,0.0333,84784619
22420,Locate unusual or unique information in response to specific requests....,Librarians and Media Collections Specialists,25-4022,Tier1_Writing,30%,131830,30.92,0.0333,84784619
9950,"Examine and inspect aircraft components, including landing gear, hydraulic systems, and deicers to l...",Aircraft Mechanics and Service Technicians,49-3011,Tier1_Knowledge,30%,136390,37.83,0.0263,84726617
9949,Conduct routine and special inspections as required by regulations....,Aircraft Mechanics and Service Technicians,49-3011,Tier1_Knowledge,30%,136390,37.83,0.0263,84726617
9951,Inspect airframes for wear or other defects....,Aircraft Mechanics and Service Technicians,49-3011,Tier1_Knowledge,30%,136390,37.83,0.0263,84726617
9953,Measure the tension of control cables....,Aircraft Mechanics and Service Technicians,49-3011,Tier1_Knowledge,30%,136390,37.83,0.0263,84726617
9963,"Locate and mark dimensions and reference lines on defective or replacement parts, using templates, s...",Aircraft Mechanics and Service Technicians,49-3011,Tier1_Knowledge,30%,136390,37.83,0.0263,84726617
9980,"Cure bonded structures, using portable or stationary curing equipment....",Aircraft Mechanics and Service Technicians,49-3011,Tier1_Knowledge,30%,136390,37.83,0.0263,84726617
6287,Provide professional consulting services to government or industry....,"Art, Drama, and Music Teachers, Postsecondary",25-1121,Tier1_Writing,30%,97890,38.55,0.0357,84104990
6269,Advise students on academic and vocational curricula and on career issues....,"Art, Drama, and Music Teachers, Postsecondary",25-1121,Tier1_Writing,30%,97890,38.55,0.0357,84104990
6285,Act as advisers to student organizations....,"Art, Drama, and Music Teachers, Postsecondary",25-1121,Tier1_Writing,30%,97890,38.55,0.0357,84104990
6262,Explain and demonstrate artistic techniques....,"Art, Drama, and Music Teachers, Postsecondary",25-1121,Tier1_Knowledge,30%,97890,38.55,0.0357,84104990
6268,"Keep abreast of developments in the field by reading current literature, talking with colleagues, an...","Art, Drama, and Music Teachers, Postsecondary",25-1121,Tier1_Knowledge,30%,97890,38.55,0.0357,84104990
6277,"Select and obtain materials and supplies, such as textbooks and performance pieces....","Art, Drama, and Music Teachers, Postsecondary",25-1121,Tier1_Knowledge,30%,97890,38.55,0.0357,84104990
6281,"Keep students informed of community events, such as plays and concerts....","Art, Drama, and Music Teachers, Postsecondary",25-1121,Tier1_Writing,30%,97890,38.55,0.0357,84104990
6267,"Initiate, facilitate, and moderate classroom discussions....","Art, Drama, and Music Teachers, Postsecondary",25-1121,Tier1_Knowledge,30%,97890,38.55,0.0357,84104990
6271,"Conduct research in a particular field of knowledge and publish findings in professional journals, b...","Art, Drama, and Music Teachers, Postsecondary",25-1121,Tier1_Partial,30%,97890,38.55,0.0357,84104990
4925,"Mix or blend ingredients, according to recipes, using a paddle or an agitator, or by controlling vat...",Food Batchmakers,51-3092,Tier1_Knowledge,30%,171660,19.61,0.04,84021665
4922,"Press switches and turn knobs to start, adjust, and regulate equipment, such as beaters, extruders, ...",Food Batchmakers,51-3092,Tier1_Knowledge,30%,171660,19.61,0.04,84021665
4935,"Test food product samples for moisture content, acidity level, specific gravity, or butter-fat conte...",Food Batchmakers,51-3092,Tier1_Knowledge,30%,171660,19.61,0.04,84021665
9197,"Supervise other counselors, social service staff, and assistants....",Marriage and Family Therapists,21-1013,Tier1_Knowledge,30%,65870,30.66,0.0667,84014287
9196,Provide public education and consultation to other professionals or groups regarding counseling serv...,Marriage and Family Therapists,21-1013,Tier1_Writing,30%,65870,30.66,0.0667,84014287
16777,"Keep abreast of new biochemistries, instrumentation, or software by reading scientific literature an...",Bioinformatics Scientists,19-1029,Tier1_Writing,30%,59710,44.87,0.05,83590656
16780,Test new and updated bioinformatics tools and software....,Bioinformatics Scientists,19-1029,Tier1_Knowledge,30%,59710,44.87,0.05,83590656
16791,"Compile data for use in activities, such as gene expression profiling, genome annotation, or structu...",Bioinformatics Scientists,19-1029,Tier1_Partial,30%,59710,44.87,0.05,83590656
16779,Collaborate with software developers in the development and modification of commercial bioinformatic...,Bioinformatics Scientists,19-1029,Tier1_Knowledge,30%,59710,44.87,0.05,83590656
16784,Improve user interfaces to bioinformatics software and databases....,Bioinformatics Scientists,19-1029,Tier1_Writing,30%,59710,44.87,0.05,83590656
9681,Secure and renew orders and arrange delivery....,Sales Engineers,41-9031,Tier1_Knowledge,30%,56690,58.42,0.04,82663272
9690,Create sales or service contracts for products or services....,Sales Engineers,41-9031,Tier1_Knowledge,30%,56690,58.42,0.04,82663272
9696,Develop sales plans to introduce products in new markets....,Sales Engineers,41-9031,Tier1_Knowledge,30%,56690,58.42,0.04,82663272
9701,Attend trade shows and seminars to promote products or to learn about industry developments....,Sales Engineers,41-9031,Tier1_Knowledge,30%,56690,58.42,0.04,82663272
9680,"Collaborate with sales teams to understand customer requirements, to promote the sale of company pro...",Sales Engineers,41-9031,Tier1_Knowledge,30%,56690,58.42,0.04,82663272
9693,Attend company training seminars to become familiar with product lines....,Sales Engineers,41-9031,Tier1_Knowledge,30%,56690,58.42,0.04,82663272
19282,Call patients to inquire about their post-operative status or recovery....,Ophthalmic Medical Technologists,29-2099,Tier1_Knowledge,30%,174060,23.46,0.0323,82195848
19271,"Measure and record lens power, using lensometers....",Ophthalmic Medical Technologists,29-2099,Tier1_Knowledge,30%,174060,23.46,0.0323,82195848
19278,"Perform slit lamp biomicroscopy procedures to diagnose disorders of the eye, such as retinitis, pres...",Ophthalmic Medical Technologists,29-2099,Tier1_Knowledge,30%,174060,23.46,0.0323,82195848
19260,"Assess abnormalities of color vision, such as amblyopia....",Ophthalmic Medical Technologists,29-2099,Tier1_Knowledge,30%,174060,23.46,0.0323,82195848
19275,"Measure visual acuity, including near, distance, pinhole, or dynamic visual acuity, using appropriat...",Ophthalmic Medical Technologists,29-2099,Tier1_Knowledge,30%,174060,23.46,0.0323,82195848
19266,Conduct ocular motility tests to measure function of eye muscles....,Ophthalmic Medical Technologists,29-2099,Tier1_Knowledge,30%,174060,23.46,0.0323,82195848
19284,Conduct low vision blindness tests....,Ophthalmic Medical Technologists,29-2099,Tier1_Knowledge,30%,174060,23.46,0.0323,82195848
19265,Conduct binocular disparity tests to assess depth perception....,Ophthalmic Medical Technologists,29-2099,Tier1_Knowledge,30%,174060,23.46,0.0323,82195848
19286,Maintain ophthalmic instruments or equipment....,Ophthalmic Medical Technologists,29-2099,Tier1_Knowledge,30%,174060,23.46,0.0323,82195848
19273,"Measure corneal thickness, using pachymeter or contact ultrasound methods....",Ophthalmic Medical Technologists,29-2099,Tier1_Writing,30%,174060,23.46,0.0323,82195848
19259,Administer topical ophthalmic or oral medications....,Ophthalmic Medical Technologists,29-2099,Tier1_Knowledge,30%,174060,23.46,0.0323,82195848
19269,Conduct visual field tests to measure field of vision....,Ophthalmic Medical Technologists,29-2099,Tier1_Knowledge,30%,174060,23.46,0.0323,82195848
19261,"Assess refractive condition of eyes, using retinoscope....",Ophthalmic Medical Technologists,29-2099,Tier1_Knowledge,30%,174060,23.46,0.0323,82195848
19276,"Perform advanced ophthalmic procedures, including electrophysiological, electrophysical, or microbia...",Ophthalmic Medical Technologists,29-2099,Tier1_Knowledge,30%,174060,23.46,0.0323,82195848
6128,Collaborate with colleagues to address teaching and research issues....,"Nursing Instructors and Teachers, Postsecondary",25-1072,Tier1_Good,40%,74250,38.43,0.0345,81869586
6131,"Compile, administer, and grade examinations, or assign this work to others....","Nursing Instructors and Teachers, Postsecondary",25-1072,Tier1_Good,40%,74250,38.43,0.0345,81869586
23290,Instruct parties about timing of court appearances....,"Court, Municipal, and License Clerks",43-4031,Tier1_Knowledge,30%,170010,22.93,0.0333,81085249
23285,"Respond to requests for information from the public, other municipalities, state officials, or state...","Court, Municipal, and License Clerks",43-4031,Tier1_Writing,30%,170010,22.93,0.0333,81085249
23273,"Answer questions or provide advice to the public regarding licensing policies, procedures, or regula...","Court, Municipal, and License Clerks",43-4031,Tier1_Partial,30%,170010,22.93,0.0333,81085249
23270,"Question applicants to obtain required information, such as name, address, or age, and record data o...","Court, Municipal, and License Clerks",43-4031,Tier1_Knowledge,30%,170010,22.93,0.0333,81085249
6922,Consult with or refer patients to appropriate health practitioners when necessary....,Chiropractors,29-1011,Tier1_Knowledge,30%,37630,37.98,0.0909,81073903
6914,Evaluate the functioning of the neuromuscularskeletal system and the spine using systems of chiropra...,Chiropractors,29-1011,Tier1_Knowledge,30%,37630,37.98,0.0909,81073903
1538,Compile and interpret results of tests and analyses....,Chemical Technicians,19-4031,Tier1_Good,40%,55640,27.78,0.0625,80375318
1630,Recommend appropriate penitentiary for initial placement of an offender....,Probation Officers and Correctional Treatment Specialists,21-1092,Tier1_Knowledge,30%,86820,31.02,0.0476,80025219
1620,"Develop liaisons and networks with other parole officers, community agencies, correctional instituti...",Probation Officers and Correctional Treatment Specialists,21-1092,Tier1_Knowledge,30%,86820,31.02,0.0476,80025219
1621,"Arrange for medical, mental health, or substance abuse treatment services according to individual ne...",Probation Officers and Correctional Treatment Specialists,21-1092,Tier1_Knowledge,30%,86820,31.02,0.0476,80025219
1618,"Gather information about offenders' backgrounds by talking to offenders, their families and friends,...",Probation Officers and Correctional Treatment Specialists,21-1092,Tier1_Partial,30%,86820,31.02,0.0476,80025219
1623,"Arrange for postrelease services, such as employment, housing, counseling, education, and social act...",Probation Officers and Correctional Treatment Specialists,21-1092,Tier1_Knowledge,30%,86820,31.02,0.0476,80025219
1617,Discuss with offenders how such issues as drug and alcohol abuse and anger management problems might...,Probation Officers and Correctional Treatment Specialists,21-1092,Tier1_Knowledge,30%,86820,31.02,0.0476,80025219
1616,"Inform offenders or inmates of requirements of conditional release, such as office visits, restituti...",Probation Officers and Correctional Treatment Specialists,21-1092,Tier1_Writing,30%,86820,31.02,0.0476,80025219
21618,Evaluate and compare the relative quality of various securities in a given industry....,Financial Risk Specialists,13-2054,Tier1_Good,40%,56320,50.96,0.0333,79596530
10609,Fly with other pilots or pilot-license applicants to evaluate their proficiency....,Commercial Pilots,53-2012,Tier1_Knowledge,30%,51830,58.98,0.0417,79474826
10601,Teach company regulations and procedures to other pilots....,Commercial Pilots,53-2012,Tier1_Knowledge,30%,51830,58.98,0.0417,79474826
19394,Serve refreshments to donors to ensure absorption of sugar into their systems....,Phlebotomists,31-9097,Tier1_Knowledge,30%,138880,20.99,0.0435,79087692
19385,"Collect specimens at specific time intervals for tests, such as those assessing therapeutic drug lev...",Phlebotomists,31-9097,Tier1_Knowledge,30%,138880,20.99,0.0435,79087692
19384,"Calibrate or maintain machines, such as those used for plasma collection....",Phlebotomists,31-9097,Tier1_Knowledge,30%,138880,20.99,0.0435,79087692
19395,Train other medical personnel in phlebotomy or laboratory techniques....,Phlebotomists,31-9097,Tier1_Knowledge,30%,138880,20.99,0.0435,79087692
19387,"Conduct standards tests, such as blood alcohol, blood culture, oral glucose tolerance, glucose scree...",Phlebotomists,31-9097,Tier1_Knowledge,30%,138880,20.99,0.0435,79087692
19381,Match laboratory requisition forms to specimen tubes....,Phlebotomists,31-9097,Tier1_Partial,30%,138880,20.99,0.0435,79087692
23650,"Adjust controls on infrared ovens, heat lamps, portable ventilators, or exhaust units to speed the d...","Coating, Painting, and Spraying Machine Setters, Operators, and Tenders",51-9124,Tier1_Knowledge,30%,159500,22.88,0.0345,78524160
23663,"Set up portable equipment, such as ventilators, exhaust units, ladders, or scaffolding....","Coating, Painting, and Spraying Machine Setters, Operators, and Tenders",51-9124,Tier1_Knowledge,30%,159500,22.88,0.0345,78524160
4141,Inject contrast medium into patients' blood vessels....,Cardiovascular Technologists and Technicians,29-2031,Tier1_Good,40%,61180,32.34,0.0476,78388710
13575,Set up scaffolding to provide safe access to roofs....,Roofers,47-2181,Tier1_Knowledge,30%,136740,24.51,0.037,77456829
19850,Apply modular soil- and plant-containing grids over existing roof membranes to create green roofs....,Roofers,47-2181,Tier1_Knowledge,30%,136740,24.51,0.037,77456829
10130,Mark identifying data on workpieces....,"Cutting, Punching, and Press Machine Setters, Operators, and Tenders, Metal and Plastic",51-4031,Tier1_Knowledge,30%,174430,21.92,0.0323,76963468
10111,"Examine completed workpieces for defects, such as chipped edges or marred surfaces and sort defectiv...","Cutting, Punching, and Press Machine Setters, Operators, and Tenders, Metal and Plastic",51-4031,Tier1_Knowledge,30%,174430,21.92,0.0323,76963468
22052,Collect or compile nanotechnology research or engineering data....,Nanotechnology Engineering Technologists and Technicians,17-3026,Tier1_Good,40%,73410,31.15,0.04,76102092
10772,Direct helpers engaged in placing blocking or outrigging under cranes....,Crane and Tower Operators,53-7021,Tier1_Knowledge,30%,42000,31.91,0.0909,76027025
10774,"Weigh bundles, using floor scales, and record weights for company records....",Crane and Tower Operators,53-7021,Tier1_Knowledge,30%,42000,31.91,0.0909,76027025
188,Study and manage wild animal populations....,Biologists,19-1029,Tier1_Knowledge,30%,59710,44.87,0.0455,75991506
192,"Develop methods and apparatus for securing representative plant, animal, aquatic, or soil samples....",Biologists,19-1029,Tier1_Knowledge,30%,59710,44.87,0.0455,75991506
182,"Research environmental effects of present and potential uses of land and water areas, determining me...",Biologists,19-1029,Tier1_Partial,30%,59710,44.87,0.0455,75991506
176,"Study aquatic plants and animals and environmental conditions affecting them, such as radioactivity ...",Biologists,19-1029,Tier1_Knowledge,30%,59710,44.87,0.0455,75991506
16815,"Conduct research on cell organization and function, including mechanisms of gene expression, cellula...",Molecular and Cellular Biologists,19-1029,Tier1_Partial,30%,59710,44.87,0.0455,75991506
177,Communicate test results to state and federal representatives and general public....,Biologists,19-1029,Tier1_Knowledge,30%,59710,44.87,0.0455,75991506
180,Represent employer in a technical capacity at conferences....,Biologists,19-1029,Tier1_Writing,30%,59710,44.87,0.0455,75991506
187,"Study basic principles of plant and animal life, such as origin, relationship, development, anatomy,...",Biologists,19-1029,Tier1_Knowledge,30%,59710,44.87,0.0455,75991506
193,"Study reactions of plants, animals, and marine species to parasites....",Biologists,19-1029,Tier1_Knowledge,30%,59710,44.87,0.0455,75991506
11334,"Provide customers with assistance in filing claims for mail theft, or lost or damaged mail....",Postal Service Clerks,43-5051,Tier1_Knowledge,30%,78060,29.63,0.0526,75961090
11332,Rent post office boxes to customers....,Postal Service Clerks,43-5051,Tier1_Knowledge,30%,78060,29.63,0.0526,75961090
11328,"Complete forms regarding changes of address, or theft or loss of mail, or for special services such ...",Postal Service Clerks,43-5051,Tier1_Knowledge,30%,78060,29.63,0.0526,75961090
11323,Obtain signatures from recipients of registered or special delivery mail....,Postal Service Clerks,43-5051,Tier1_Knowledge,30%,78060,29.63,0.0526,75961090
11327,"Answer questions regarding mail regulations and procedures, postage rates, and post office boxes....",Postal Service Clerks,43-5051,Tier1_Partial,30%,78060,29.63,0.0526,75961090
11321,"Keep money drawers in order, and record and balance daily transactions....",Postal Service Clerks,43-5051,Tier1_Knowledge,30%,78060,29.63,0.0526,75961090
8148,"Prepare forms, such as receipts, withdrawal orders, transmittal papers, or transfer confirmations, b...",Brokerage Clerks,43-4011,Tier1_Knowledge,30%,40090,30.26,0.1,75698900
8149,"File, type, or operate standard office machines....",Brokerage Clerks,43-4011,Tier1_Knowledge,30%,40090,30.26,0.1,75698900
9761,"Announce arrival and departure information, using public address systems....",Reservation and Transportation Ticket Agents and Travel Clerks,43-4181,Tier1_Writing,30%,127440,19.94,0.0476,75508564
20437,Open or close information facilities....,Reservation and Transportation Ticket Agents and Travel Clerks,43-4181,Tier1_Writing,30%,127440,19.94,0.0476,75508564
9755,"Inform clients of essential travel information, such as travel times, transportation connections, or...",Reservation and Transportation Ticket Agents and Travel Clerks,43-4181,Tier1_Knowledge,30%,127440,19.94,0.0476,75508564
9768,"Contact motel, hotel, resort, and travel operators to obtain current advertising literature....",Reservation and Transportation Ticket Agents and Travel Clerks,43-4181,Tier1_Writing,30%,127440,19.94,0.0476,75508564
18906,"Contact corporate representatives, government officials, or community leaders to increase awareness ...",Fundraisers,13-1131,Tier1_Knowledge,30%,105930,31.97,0.0357,75472401
18905,"Attend community events, meetings, or conferences to promote organizational goals or solicit donatio...",Fundraisers,13-1131,Tier1_Writing,30%,105930,31.97,0.0357,75472401
18916,Explain the tax advantages of contributions to potential donors....,Fundraisers,13-1131,Tier1_Knowledge,30%,105930,31.97,0.0357,75472401
18930,"Secure speakers for charitable events, community meetings, or conferences to increase awareness of c...",Fundraisers,13-1131,Tier1_Writing,30%,105930,31.97,0.0357,75472401
18927,"Coordinate transportation or delivery of materials, supplies, or donations for fundraising events....",Fundraisers,13-1131,Tier1_Knowledge,30%,105930,31.97,0.0357,75472401
18910,Develop fundraising activity plans that maximize participation or contributions and minimize costs....,Fundraisers,13-1131,Tier1_Knowledge,30%,105930,31.97,0.0357,75472401
18912,Develop strategies to encourage new or increased contributions....,Fundraisers,13-1131,Tier1_Knowledge,30%,105930,31.97,0.0357,75472401
18907,Create or update donor databases....,Fundraisers,13-1131,Tier1_Knowledge,30%,105930,31.97,0.0357,75472401
18929,"Prepare materials such as fundraising envelopes, bid sheets, or gift bags for charitable events....",Fundraisers,13-1131,Tier1_Knowledge,30%,105930,31.97,0.0357,75472401
18915,Establish fundraising or participation goals for special events or specified time periods....,Fundraisers,13-1131,Tier1_Knowledge,30%,105930,31.97,0.0357,75472401
11210,"Direct or perform mixing or application of fertilizers, insecticides, herbicides, or fungicides....","First-Line Supervisors of Landscaping, Lawn Service, and Groundskeeping Workers",37-1012,Tier1_Knowledge,30%,124130,27.01,0.0357,74718458
11215,Identify diseases or pests affecting landscaping and order appropriate treatments....,"First-Line Supervisors of Landscaping, Lawn Service, and Groundskeeping Workers",37-1012,Tier1_Knowledge,30%,124130,27.01,0.0357,74718458
11223,"Answer inquiries from current or prospective customers regarding methods, materials, or price ranges...","First-Line Supervisors of Landscaping, Lawn Service, and Groundskeeping Workers",37-1012,Tier1_Knowledge,30%,124130,27.01,0.0357,74718458
11220,Recommend changes in working conditions or equipment used to increase crew efficiency....,"First-Line Supervisors of Landscaping, Lawn Service, and Groundskeeping Workers",37-1012,Tier1_Knowledge,30%,124130,27.01,0.0357,74718458
11214,Order the performance of corrective work when problems occur and recommend procedural changes to avo...,"First-Line Supervisors of Landscaping, Lawn Service, and Groundskeeping Workers",37-1012,Tier1_Knowledge,30%,124130,27.01,0.0357,74718458
11208,Confer with other supervisors to coordinate work activities with those of other departments or units...,"First-Line Supervisors of Landscaping, Lawn Service, and Groundskeeping Workers",37-1012,Tier1_Knowledge,30%,124130,27.01,0.0357,74718458
11207,"Inventory supplies of tools, equipment, or materials to ensure that sufficient supplies are availabl...","First-Line Supervisors of Landscaping, Lawn Service, and Groundskeeping Workers",37-1012,Tier1_Knowledge,30%,124130,27.01,0.0357,74718458
11222,"Negotiate with customers regarding fees for landscaping, lawn service, or groundskeeping work....","First-Line Supervisors of Landscaping, Lawn Service, and Groundskeeping Workers",37-1012,Tier1_Knowledge,30%,124130,27.01,0.0357,74718458
11201,"Direct activities of workers who perform duties, such as landscaping, cultivating lawns, or pruning ...","First-Line Supervisors of Landscaping, Lawn Service, and Groundskeeping Workers",37-1012,Tier1_Knowledge,30%,124130,27.01,0.0357,74718458
9340,"Educate students, parents, staff, and teachers about the roles and functions of educational interpre...",Interpreters and Translators,27-3091,Tier1_Good,40%,53360,28.58,0.0588,74636704
9333,"Compile terminology and information to be used in translations, including technical terms such as th...",Interpreters and Translators,27-3091,Tier1_Good,40%,53360,28.58,0.0588,74636704
14695,Perform or direct Web site updates....,Web Developers,15-1254,Tier1_Knowledge,30%,78860,43.72,0.0345,74186267
14708,Communicate with network personnel or Web site hosting agencies to address hardware or software issu...,Web Developers,15-1254,Tier1_Writing,30%,78860,43.72,0.0345,74186267
14714,Develop or implement procedures for ongoing Web site revision....,Web Developers,15-1254,Tier1_Knowledge,30%,78860,43.72,0.0345,74186267
11657,Adjust or modify equipment to enhance equipment performance or to respond to customer requests....,"Telecommunications Equipment Installers and Repairers, Except Line Installers",49-2022,Tier1_Knowledge,30%,153890,30.11,0.0256,74138046
11666,Refer to manufacturers' manuals to obtain maintenance instructions pertaining to specific malfunctio...,"Telecommunications Equipment Installers and Repairers, Except Line Installers",49-2022,Tier1_Knowledge,30%,153890,30.11,0.0256,74138046
10712,"Collect cash payments from customers, and make change or charge purchases to customers' credit cards...",Automotive and Watercraft Service Attendants,53-6031,Tier1_Knowledge,30%,98270,16.76,0.0714,73409375
10726,Test and charge batteries....,Automotive and Watercraft Service Attendants,53-6031,Tier1_Knowledge,30%,98270,16.76,0.0714,73409375
10718,Provide customers with information about local roads or highways....,Automotive and Watercraft Service Attendants,53-6031,Tier1_Knowledge,30%,98270,16.76,0.0714,73409375
16290,Distribute compiled geodetic data to government agencies or the general public....,Geodetic Surveyors,17-1022,Tier1_Partial,30%,53080,34.97,0.0625,72392096
21178,Supervise rehabilitation counselors and staff....,Rehabilitation Counselors,21-1015,Tier1_Knowledge,30%,88930,22.17,0.0588,72368514
2690,Process and review employment applications to evaluate qualifications or eligibility of applicants....,"Human Resources Assistants, Except Payroll and Timekeeping",43-4161,Tier1_Knowledge,30%,92580,23.77,0.0526,72273210
2695,Interview job applicants to obtain and verify information used to screen and evaluate them....,"Human Resources Assistants, Except Payroll and Timekeeping",43-4161,Tier1_Knowledge,30%,92580,23.77,0.0526,72273210
2687,"Explain company personnel policies, benefits, and procedures to employees or job applicants....","Human Resources Assistants, Except Payroll and Timekeeping",43-4161,Tier1_Knowledge,30%,92580,23.77,0.0526,72273210
2698,Inform job applicants of their acceptance or rejection of employment....,"Human Resources Assistants, Except Payroll and Timekeeping",43-4161,Tier1_Writing,30%,92580,23.77,0.0526,72273210
2691,"Answer questions regarding examinations, eligibility, salaries, benefits, and other pertinent inform...","Human Resources Assistants, Except Payroll and Timekeeping",43-4161,Tier1_Partial,30%,92580,23.77,0.0526,72273210
2699,Select applicants meeting specified job requirements and refer them to hiring personnel....,"Human Resources Assistants, Except Payroll and Timekeeping",43-4161,Tier1_Knowledge,30%,92580,23.77,0.0526,72273210
2701,Arrange for advertising or posting of job vacancies and notify eligible workers of position availabi...,"Human Resources Assistants, Except Payroll and Timekeeping",43-4161,Tier1_Knowledge,30%,92580,23.77,0.0526,72273210
2703,"Prepare badges, passes, and identification cards, and perform other security-related duties....","Human Resources Assistants, Except Payroll and Timekeeping",43-4161,Tier1_Knowledge,30%,92580,23.77,0.0526,72273210
2693,Gather personnel records from other departments or employees....,"Human Resources Assistants, Except Payroll and Timekeeping",43-4161,Tier1_Knowledge,30%,92580,23.77,0.0526,72273210
12404,Collect samples of materials or products for laboratory testing....,"Mixing and Blending Machine Setters, Operators, and Tenders",51-9023,Tier1_Knowledge,30%,100840,22.92,0.05,72111087
12397,"Weigh or measure materials, ingredients, or products to ensure conformance to requirements....","Mixing and Blending Machine Setters, Operators, and Tenders",51-9023,Tier1_Knowledge,30%,100840,22.92,0.05,72111087
19973,"Identify or compare the component parts or relationships between the parts of industrial, social, an...",Industrial Ecologists,19-2041,Tier1_Good,40%,84930,38.49,0.0263,71572925
19983,Translate the theories of industrial ecology into eco-industrial practices....,Industrial Ecologists,19-2041,Tier1_Good,40%,84930,38.49,0.0263,71572925
21987,Educate equipment operators on the proper use of equipment....,Electrical and Electronic Engineering Technologists and Technicians,17-3023,Tier1_Knowledge,30%,92710,37.11,0.0333,71561736
21983,"Review existing electrical engineering criteria to identify necessary revisions, deletions, or amend...",Electrical and Electronic Engineering Technologists and Technicians,17-3023,Tier1_Knowledge,30%,92710,37.11,0.0333,71561736
21993,Participate in training or continuing education activities to stay abreast of engineering or industr...,Electrical and Electronic Engineering Technologists and Technicians,17-3023,Tier1_Knowledge,30%,92710,37.11,0.0333,71561736
3510,Manage credit and help price corporate security offerings....,Actuaries,15-2011,Tier1_Knowledge,30%,28340,60.47,0.0667,71290744
3511,Provide expertise to help financial institutions manage risks and maximize returns associated with i...,Actuaries,15-2011,Tier1_Knowledge,30%,28340,60.47,0.0667,71290744
20951,Negotiate terms and conditions of reinsurance with other companies....,Actuaries,15-2011,Tier1_Writing,30%,28340,60.47,0.0667,71290744
3500,Ascertain premium rates required and cash reserves and liabilities necessary to ensure payment of fu...,Actuaries,15-2011,Tier1_Knowledge,30%,28340,60.47,0.0667,71290744
3506,"Provide advice to clients on a contract basis, working as a consultant....",Actuaries,15-2011,Tier1_Knowledge,30%,28340,60.47,0.0667,71290744
5193,Confer with parents and staff to discuss educational activities and policies and students' behaviora...,"Education and Childcare Administrators, Preschool and Daycare",11-9031,Tier1_Writing,30%,71620,27.05,0.0588,71111077
20151,Order new parts to maintain inventory....,"Helpers--Installation, Maintenance, and Repair Workers",49-9098,Tier1_Knowledge,30%,97540,18.68,0.0625,71059841
6158,Collaborate with colleagues to address teaching and research issues....,"Education Teachers, Postsecondary",25-1081,Tier1_Good,40%,59090,34.66,0.0417,70996635
6153,"Supervise students' fieldwork, internship, and research work....","Education Teachers, Postsecondary",25-1081,Tier1_Good,40%,59090,34.66,0.0417,70996635
6159,"Compile, administer, and grade examinations, or assign this work to others....","Education Teachers, Postsecondary",25-1081,Tier1_Good,40%,59090,34.66,0.0417,70996635
3558,Conduct research to develop new and improved chemical manufacturing processes....,Chemical Engineers,17-2041,Tier1_Good,40%,20330,58.59,0.0714,70787434
5767,Collaborate with colleagues to address teaching and research issues....,"Engineering Teachers, Postsecondary",25-1032,Tier1_Good,40%,39910,51.02,0.0417,70587487
5759,"Compile, administer, and grade examinations, or assign this work to others....","Engineering Teachers, Postsecondary",25-1032,Tier1_Good,40%,39910,51.02,0.0417,70587487
3748,Measure or weigh compounds and solutions for use in testing or animal feed....,Biological Technicians,19-4021,Tier1_Knowledge,30%,76190,25.0,0.0588,69915529
3750,Examine animals and specimens to detect the presence of disease or other problems....,Biological Technicians,19-4021,Tier1_Knowledge,30%,76190,25.0,0.0588,69915529
3737,Keep detailed logs of all work-related activities....,Biological Technicians,19-4021,Tier1_Knowledge,30%,76190,25.0,0.0588,69915529
4769,"Measure distance from reference points and mark guidelines to lay out work, using plumb bobs and lev...",Brickmasons and Blockmasons,47-2021,Tier1_Knowledge,30%,53520,29.23,0.0714,69727079
16833,Extract deoxyribonucleic acid (DNA) or perform diagnostic tests involving processes such as gel elec...,Geneticists,19-1029,Tier1_Knowledge,30%,59710,44.87,0.0417,69658880
16835,Develop protocols to improve existing genetic techniques or to incorporate new diagnostic procedures...,Geneticists,19-1029,Tier1_Knowledge,30%,59710,44.87,0.0417,69658880
16823,"Evaluate, diagnose, or treat genetic diseases....",Geneticists,19-1029,Tier1_Knowledge,30%,59710,44.87,0.0417,69658880
16838,Conduct family medical studies to evaluate the genetic basis for traits or diseases....,Geneticists,19-1029,Tier1_Knowledge,30%,59710,44.87,0.0417,69658880
16826,Collaborate with biologists and other professionals to conduct appropriate genetic and biochemical a...,Geneticists,19-1029,Tier1_Knowledge,30%,59710,44.87,0.0417,69658880
22177,"Consult with other professionals, agencies, or universities to discuss therapies, treatments, counse...",Clinical and Counseling Psychologists,19-3033,Tier1_Writing,30%,72190,46.07,0.0333,69176501
22183,"Provide occupational, educational, or other information to individuals so that they can make educati...",Clinical and Counseling Psychologists,19-3033,Tier1_Knowledge,30%,72190,46.07,0.0333,69176501
22175,Advise clients on how they could be helped by counseling....,Clinical and Counseling Psychologists,19-3033,Tier1_Knowledge,30%,72190,46.07,0.0333,69176501
22171,"Consult with or provide consultation to other doctors, therapists, or clinicians regarding patient c...",Clinical and Counseling Psychologists,19-3033,Tier1_Knowledge,30%,72190,46.07,0.0333,69176501
22178,"Refer clients to other specialists, institutions, or support services as necessary....",Clinical and Counseling Psychologists,19-3033,Tier1_Knowledge,30%,72190,46.07,0.0333,69176501
23161,Direct or coordinate the activities of entertainment and recreation related workers....,"First-Line Supervisors of Entertainment and Recreation Workers, Except Gambling Services",39-1014,Tier1_Knowledge,30%,92830,22.55,0.0526,68748921
23163,Inform workers about interests or special needs of specific groups....,"First-Line Supervisors of Entertainment and Recreation Workers, Except Gambling Services",39-1014,Tier1_Writing,30%,92830,22.55,0.0526,68748921
23162,Furnish customers with information on events or activities....,"First-Line Supervisors of Entertainment and Recreation Workers, Except Gambling Services",39-1014,Tier1_Knowledge,30%,92830,22.55,0.0526,68748921
23173,Serve as a point of contact between managerial staff and leaders of recreational or entertainment ac...,"First-Line Supervisors of Entertainment and Recreation Workers, Except Gambling Services",39-1014,Tier1_Knowledge,30%,92830,22.55,0.0526,68748921
23158,Apply customer feedback to service improvement efforts....,"First-Line Supervisors of Entertainment and Recreation Workers, Except Gambling Services",39-1014,Tier1_Knowledge,30%,92830,22.55,0.0526,68748921
23170,Recruit and hire staff members....,"First-Line Supervisors of Entertainment and Recreation Workers, Except Gambling Services",39-1014,Tier1_Knowledge,30%,92830,22.55,0.0526,68748921
2602,Answer questions about records or files....,File Clerks,43-4071,Tier1_Good,40%,78980,19.84,0.0526,68616494
4304,"Assist hospital staff with patient care duties, such as providing transportation or setting up tract...",Medical Equipment Preparers,31-9093,Tier1_Knowledge,30%,72760,22.35,0.0667,67649338
5710,"Compile, administer, and grade examinations, or assign this work to others....","Mathematical Science Teachers, Postsecondary",25-1022,Tier1_Good,40%,48820,38.15,0.0435,67371600
5720,Collaborate with colleagues to address teaching and research issues....,"Mathematical Science Teachers, Postsecondary",25-1022,Tier1_Good,40%,48820,38.15,0.0435,67371600
9241,"Prepare and issue title commitments and title insurance policies, based on information compiled from...","Title Examiners, Abstractors, and Searchers",23-2093,Tier1_Good,40%,48170,26.43,0.0625,66202921
16979,Compile laboratory test data and perform appropriate analyses....,Quality Control Analysts,19-4099,Tier1_Good,40%,71400,28.91,0.0385,66053568
10177,"Turn valves and dials of machines to regulate pressure, temperature, and speed and feed rates, and t...","Molding, Coremaking, and Casting Machine Setters, Operators, and Tenders, Metal and Plastic",51-4072,Tier1_Knowledge,30%,154820,19.82,0.0345,66026352
10199,Maintain inventories of materials....,"Molding, Coremaking, and Casting Machine Setters, Operators, and Tenders, Metal and Plastic",51-4072,Tier1_Knowledge,30%,154820,19.82,0.0345,66026352
10175,"Set up, operate, or tend metal or plastic molding, casting, or coremaking machines to mold or cast m...","Molding, Coremaking, and Casting Machine Setters, Operators, and Tenders, Metal and Plastic",51-4072,Tier1_Knowledge,30%,154820,19.82,0.0345,66026352
10189,"Inventory and record quantities of materials and finished products, requisitioning additional suppli...","Molding, Coremaking, and Casting Machine Setters, Operators, and Tenders, Metal and Plastic",51-4072,Tier1_Knowledge,30%,154820,19.82,0.0345,66026352
10200,"Select coolants and lubricants, and start their flow....","Molding, Coremaking, and Casting Machine Setters, Operators, and Tenders, Metal and Plastic",51-4072,Tier1_Knowledge,30%,154820,19.82,0.0345,66026352
5812,Collaborate with colleagues to address teaching and research issues....,"Biological Science Teachers, Postsecondary",25-1042,Tier1_Good,40%,53250,40.12,0.037,65840667
5802,"Compile, administer, and grade examinations, or assign this work to others....","Biological Science Teachers, Postsecondary",25-1042,Tier1_Good,40%,53250,40.12,0.037,65840667
18433,Refer patients to ophthalmic surgeons or other physicians....,Orthoptists,29-1299,Tier1_Knowledge,30%,30870,54.68,0.0625,65830892
18440,"Provide training related to clinical methods or orthoptics to students, resident physicians, or othe...",Orthoptists,29-1299,Tier1_Knowledge,30%,30870,54.68,0.0625,65830892
18430,"Evaluate, diagnose, or treat disorders of the visual system with an emphasis on binocular vision or ...",Orthoptists,29-1299,Tier1_Knowledge,30%,30870,54.68,0.0625,65830892
18431,Interpret clinical or diagnostic test results....,Orthoptists,29-1299,Tier1_Knowledge,30%,30870,54.68,0.0625,65830892
11059,Teach writing classes....,"Poets, Lyricists and Creative Writers",27-3043,Tier1_Knowledge,30%,47800,34.75,0.0625,64780950
11053,"Confer with clients, editors, publishers, or producers to discuss changes or revisions to written ma...","Poets, Lyricists and Creative Writers",27-3043,Tier1_Knowledge,30%,47800,34.75,0.0625,64780950
11056,"Attend book launches and publicity events, or conduct public readings....","Poets, Lyricists and Creative Writers",27-3043,Tier1_Knowledge,30%,47800,34.75,0.0625,64780950
11054,"Conduct research to obtain factual information and authentic detail, using sources such as newspaper...","Poets, Lyricists and Creative Writers",27-3043,Tier1_Partial,30%,47800,34.75,0.0625,64780950
11047,"Choose subject matter and suitable form to express personal feelings and experiences or ideas, or to...","Poets, Lyricists and Creative Writers",27-3043,Tier1_Knowledge,30%,47800,34.75,0.0625,64780950
18896,Assess risk levels associated with collective bargaining strategies....,Labor Relations Specialists,13-1075,Tier1_Knowledge,30%,64590,44.95,0.0357,64702571
18886,Negotiate collective bargaining agreements....,Labor Relations Specialists,13-1075,Tier1_Writing,30%,64590,44.95,0.0357,64702571
18891,"Recommend collective bargaining strategies, goals, or objectives....",Labor Relations Specialists,13-1075,Tier1_Knowledge,30%,64590,44.95,0.0357,64702571
18878,"Call or meet with union, company, government, or other interested parties to discuss labor relations...",Labor Relations Specialists,13-1075,Tier1_Writing,30%,64590,44.95,0.0357,64702571
18903,Select mediators or arbitrators for labor disputes or contract negotiations....,Labor Relations Specialists,13-1075,Tier1_Knowledge,30%,64590,44.95,0.0357,64702571
18902,Research case law or outcomes of previous case hearings....,Labor Relations Specialists,13-1075,Tier1_Partial,30%,64590,44.95,0.0357,64702571
18901,Provide expert testimony in legal proceedings related to labor relations or labor contracts....,Labor Relations Specialists,13-1075,Tier1_Knowledge,30%,64590,44.95,0.0357,64702571
18898,Develop employee health and safety policies....,Labor Relations Specialists,13-1075,Tier1_Knowledge,30%,64590,44.95,0.0357,64702571
894,Maintain inventory of spare parts....,"Electrical and Electronics Repairers, Commercial and Industrial Equipment",49-2094,Tier1_Knowledge,30%,59990,34.28,0.05,64161465
883,Examine work orders and converse with equipment operators to detect equipment problems and to ascert...,"Electrical and Electronics Repairers, Commercial and Industrial Equipment",49-2094,Tier1_Knowledge,30%,59990,34.28,0.05,64161465
11553,"Fasten structural steel members to hoist cables, using chains, cables, or rope....",Structural Iron and Steel Workers,47-2221,Tier1_Knowledge,30%,64720,30.14,0.0526,64063807
11551,"Pull, push, or pry structural steel members into approximate positions for bolting into place....",Structural Iron and Steel Workers,47-2221,Tier1_Knowledge,30%,64720,30.14,0.0526,64063807
11559,Dismantle structures or equipment....,Structural Iron and Steel Workers,47-2221,Tier1_Knowledge,30%,64720,30.14,0.0526,64063807
12711,Signal coworkers to direct them to move products during the production process....,Helpers--Production Workers,51-9198,Tier1_Knowledge,30%,167490,18.38,0.0333,64032097
12705,"Turn valves to regulate flow of liquids or air, to reverse machines, to start pumps, or to regulate ...",Helpers--Production Workers,51-9198,Tier1_Knowledge,30%,167490,18.38,0.0333,64032097
12694,Examine products to verify conformance to quality standards....,Helpers--Production Workers,51-9198,Tier1_Knowledge,30%,167490,18.38,0.0333,64032097
12706,"Place products in equipment or on work surfaces for further processing, inspecting, or wrapping....",Helpers--Production Workers,51-9198,Tier1_Knowledge,30%,167490,18.38,0.0333,64032097
12712,Prepare raw materials for processing....,Helpers--Production Workers,51-9198,Tier1_Knowledge,30%,167490,18.38,0.0333,64032097
4612,Rent properties or manage rental properties....,Real Estate Brokers,41-9021,Tier1_Knowledge,30%,49590,34.75,0.0588,63253504
4610,"Manage or operate real estate offices, handling associated business details....",Real Estate Brokers,41-9021,Tier1_Knowledge,30%,49590,34.75,0.0588,63253504
4613,Arrange for title searches of properties being sold....,Real Estate Brokers,41-9021,Tier1_Knowledge,30%,49590,34.75,0.0588,63253504
4608,"Appraise property values, assessing income potential when relevant....",Real Estate Brokers,41-9021,Tier1_Knowledge,30%,49590,34.75,0.0588,63253504
4611,Supervise agents who handle real estate transactions....,Real Estate Brokers,41-9021,Tier1_Knowledge,30%,49590,34.75,0.0588,63253504
4607,Arrange for financing of property purchases....,Real Estate Brokers,41-9021,Tier1_Knowledge,30%,49590,34.75,0.0588,63253504
16721,"Assist engineers in the development of new products, fixtures, tools, or processes....",Photonics Technicians,17-3029,Tier1_Knowledge,30%,64410,37.21,0.0417,62314099
16724,"Terminate, cure, polish, or test fiber cables with mechanical connectors....",Photonics Technicians,17-3029,Tier1_Knowledge,30%,64410,37.21,0.0417,62314099
16716,"Perform diagnostic analyses of processing steps, using analytical or metrological tools, such as mic...",Photonics Technicians,17-3029,Tier1_Knowledge,30%,64410,37.21,0.0417,62314099
16718,"Mix, pour, or use processing chemicals or gases according to safety standards or established operati...",Photonics Technicians,17-3029,Tier1_Knowledge,30%,64410,37.21,0.0417,62314099
8505,"Set pyrometer controls of heat-treating furnaces and feed or place parts, tools, or assemblies into ...",Tool and Die Makers,51-4111,Tier1_Knowledge,30%,55130,30.38,0.0588,61476825
8499,"Measure, mark, and scribe metal or plastic stock to lay out machining, using instruments such as pro...",Tool and Die Makers,51-4111,Tier1_Knowledge,30%,55130,30.38,0.0588,61476825
8493,"File, grind, shim, and adjust different parts to properly fit them together....",Tool and Die Makers,51-4111,Tier1_Knowledge,30%,55130,30.38,0.0588,61476825
8502,"Select metals to be used from a range of metals and alloys, based on properties such as hardness or ...",Tool and Die Makers,51-4111,Tier1_Knowledge,30%,55130,30.38,0.0588,61476825
8496,"Inspect finished dies for smoothness, contour conformity, and defects....",Tool and Die Makers,51-4111,Tier1_Knowledge,30%,55130,30.38,0.0588,61476825
8497,"Smooth and polish flat and contoured surfaces of parts or tools, using scrapers, abrasive stones, fi...",Tool and Die Makers,51-4111,Tier1_Knowledge,30%,55130,30.38,0.0588,61476825
6132,Advise students on academic and vocational curricula and on career issues....,"Nursing Instructors and Teachers, Postsecondary",25-1072,Tier1_Writing,30%,74250,38.43,0.0345,61402190
20085,Maintain a clinical practice....,"Nursing Instructors and Teachers, Postsecondary",25-1072,Tier1_Knowledge,30%,74250,38.43,0.0345,61402190
6124,"Keep abreast of developments in the field by reading current literature, talking with colleagues, an...","Nursing Instructors and Teachers, Postsecondary",25-1072,Tier1_Knowledge,30%,74250,38.43,0.0345,61402190
6141,"Select and obtain materials and supplies, such as textbooks and laboratory equipment....","Nursing Instructors and Teachers, Postsecondary",25-1072,Tier1_Knowledge,30%,74250,38.43,0.0345,61402190
6122,"Initiate, facilitate, and moderate classroom discussions....","Nursing Instructors and Teachers, Postsecondary",25-1072,Tier1_Knowledge,30%,74250,38.43,0.0345,61402190
6126,Supervise students' laboratory and clinical work....,"Nursing Instructors and Teachers, Postsecondary",25-1072,Tier1_Knowledge,30%,74250,38.43,0.0345,61402190
6136,"Conduct research in a particular field of knowledge and publish findings in professional journals, b...","Nursing Instructors and Teachers, Postsecondary",25-1072,Tier1_Partial,30%,74250,38.43,0.0345,61402190
6144,Act as advisers to student organizations....,"Nursing Instructors and Teachers, Postsecondary",25-1072,Tier1_Writing,30%,74250,38.43,0.0345,61402190
6147,Provide professional consulting services to government or industry....,"Nursing Instructors and Teachers, Postsecondary",25-1072,Tier1_Writing,30%,74250,38.43,0.0345,61402190
19804,Collaborate with agricultural workers to apply remote sensing information to efforts to reduce negat...,Remote Sensing Technicians,19-4099,Tier1_Writing,30%,71400,28.91,0.0476,61335456
19236,Take brief medical histories from patients....,Magnetic Resonance Imaging Technologists,29-2035,Tier1_Good,40%,41530,42.4,0.0417,61043563
8188,Negotiate and arrange transport of goods with shipping or freight companies....,Cargo and Freight Agents,43-5011,Tier1_Knowledge,30%,97800,23.99,0.0417,61001772
20274,"Prepare manifests showing numbers of airplane passengers and baggage, mail, and freight weights, tra...",Cargo and Freight Agents,43-5011,Tier1_Knowledge,30%,97800,23.99,0.0417,61001772
8203,Arrange insurance coverage for goods....,Cargo and Freight Agents,43-5011,Tier1_Knowledge,30%,97800,23.99,0.0417,61001772
8196,Retrieve stored items and trace lost shipments as necessary....,Cargo and Freight Agents,43-5011,Tier1_Knowledge,30%,97800,23.99,0.0417,61001772
8201,"Keep records of all goods shipped, received, and stored....",Cargo and Freight Agents,43-5011,Tier1_Knowledge,30%,97800,23.99,0.0417,61001772
8190,Advise clients on transportation and payment methods....,Cargo and Freight Agents,43-5011,Tier1_Knowledge,30%,97800,23.99,0.0417,61001772
20271,Track delivery progress of shipments....,Cargo and Freight Agents,43-5011,Tier1_Knowledge,30%,97800,23.99,0.0417,61001772
8206,"Attach address labels, identification codes, and shipping instructions to containers....",Cargo and Freight Agents,43-5011,Tier1_Knowledge,30%,97800,23.99,0.0417,61001772
5310,Investigate claims of inability to pay taxes by researching court information for the status of lien...,"Tax Examiners and Collectors, and Revenue Agents",13-2081,Tier1_Good,40%,53530,28.72,0.0476,60909595
6697,"Sponsor extracurricular activities, such as clubs, student organizations, and academic contests....","Career/Technical Education Teachers, Secondary School",25-2032,Tier1_Knowledge,30%,104450,30.73,0.0303,60685450
6671,Prepare materials and classroom for class activities....,"Career/Technical Education Teachers, Secondary School",25-2032,Tier1_Knowledge,30%,104450,30.73,0.0303,60685450
6688,"Guide and counsel students with adjustments, academic problems, or special academic interests....","Career/Technical Education Teachers, Secondary School",25-2032,Tier1_Knowledge,30%,104450,30.73,0.0303,60685450
6680,Assign and grade class work and homework....,"Career/Technical Education Teachers, Secondary School",25-2032,Tier1_Knowledge,30%,104450,30.73,0.0303,60685450
6703,"Provide students with disabilities with assistive devices, supportive technology, and assistance acc...","Career/Technical Education Teachers, Secondary School",25-2032,Tier1_Knowledge,30%,104450,30.73,0.0303,60685450
6685,Prepare students for later grades by encouraging them to explore learning opportunities and to perse...,"Career/Technical Education Teachers, Secondary School",25-2032,Tier1_Knowledge,30%,104450,30.73,0.0303,60685450
6691,Meet with other professionals to discuss individual students' needs and progress....,"Career/Technical Education Teachers, Secondary School",25-2032,Tier1_Writing,30%,104450,30.73,0.0303,60685450
327,Coordinate diet counseling services....,Dietitians and Nutritionists,29-1031,Tier1_Knowledge,30%,76570,35.5,0.0357,60577809
321,Inspect meals served for conformance to prescribed diets and standards of palatability and appearanc...,Dietitians and Nutritionists,29-1031,Tier1_Knowledge,30%,76570,35.5,0.0357,60577809
23916,"Develop recipes and menus to address special nutrition needs, such as low glycemic, low histamine, o...",Dietitians and Nutritionists,29-1031,Tier1_Knowledge,30%,76570,35.5,0.0357,60577809
326,Manage quantity food service departments or clinical and community nutrition services....,Dietitians and Nutritionists,29-1031,Tier1_Knowledge,30%,76570,35.5,0.0357,60577809
335,Test new food products and equipment....,Dietitians and Nutritionists,29-1031,Tier1_Knowledge,30%,76570,35.5,0.0357,60577809
1543,Order and inventory materials to maintain supplies....,Chemical Technicians,19-4031,Tier1_Knowledge,30%,55640,27.78,0.0625,60281489
1547,Develop new chemical engineering processes or production techniques....,Chemical Technicians,19-4031,Tier1_Knowledge,30%,55640,27.78,0.0625,60281489
22194,Conduct research on neuropsychological disorders....,Neuropsychologists,19-3039,Tier1_Good,40%,17790,56.53,0.0714,59765454
21608,Confer with traders to identify and communicate risks associated with specific trading strategies or...,Financial Risk Specialists,13-2054,Tier1_Knowledge,30%,56320,50.96,0.0333,59697398
21620,"Evaluate the risks related to green investments, such as renewable energy company stocks....",Financial Risk Specialists,13-2054,Tier1_Knowledge,30%,56320,50.96,0.0333,59697398
21628,"Prepare plans of action for investment, using financial analyses....",Financial Risk Specialists,13-2054,Tier1_Knowledge,30%,56320,50.96,0.0333,59697398
21631,"Recommend investments and investment timing to companies, investment firm staff, or the public....",Financial Risk Specialists,13-2054,Tier1_Knowledge,30%,56320,50.96,0.0333,59697398
21612,Develop contingency plans to deal with emergencies....,Financial Risk Specialists,13-2054,Tier1_Knowledge,30%,56320,50.96,0.0333,59697398
21625,Maintain input or data quality of risk management systems....,Financial Risk Specialists,13-2054,Tier1_Knowledge,30%,56320,50.96,0.0333,59697398
21605,"Analyze areas of potential risk to the assets, earning capacity, or success of organizations....",Financial Risk Specialists,13-2054,Tier1_Knowledge,30%,56320,50.96,0.0333,59697398
12943,"Investigate the nature, composition, or expression of genes or research how genetic engineering can ...",Biochemists and Biophysicists,19-1021,Tier1_Good,40%,34520,49.83,0.0417,59631229
22958,"Train security personnel on protective procedures, first aid, fire safety, and other duties....",First-Line Supervisors of Security Workers,33-1091,Tier1_Knowledge,30%,70310,28.18,0.0476,58873978
22954,"Recruit, interview, and hire security personnel....",First-Line Supervisors of Security Workers,33-1091,Tier1_Writing,30%,70310,28.18,0.0476,58873978
22941,"Apprehend or evict trespassers, rule violators, or other security threats from the premises....",First-Line Supervisors of Security Workers,33-1091,Tier1_Knowledge,30%,70310,28.18,0.0476,58873978
22947,"Investigate disturbances on the premises, such as security alarms, altercations, and suspicious acti...",First-Line Supervisors of Security Workers,33-1091,Tier1_Knowledge,30%,70310,28.18,0.0476,58873978
22953,"Patrol the premises to prevent or detect intrusion, protect property, or preserve order....",First-Line Supervisors of Security Workers,33-1091,Tier1_Knowledge,30%,70310,28.18,0.0476,58873978
22940,"Advise employees in handling problems or resolving complaints from customers, tenants, detainees, or...",First-Line Supervisors of Security Workers,33-1091,Tier1_Knowledge,30%,70310,28.18,0.0476,58873978
22948,"Log items distributed to persons, such as keys and key cards....",First-Line Supervisors of Security Workers,33-1091,Tier1_Knowledge,30%,70310,28.18,0.0476,58873978
22945,Explain company policies and procedures to staff using oral or written communication....,First-Line Supervisors of Security Workers,33-1091,Tier1_Knowledge,30%,70310,28.18,0.0476,58873978
2670,"Inform customers by mail or telephone of order information, such as unit prices, shipping dates, and...",Order Clerks,43-4151,Tier1_Knowledge,30%,83420,21.47,0.0526,58821110
2679,"Confer with production, sales, shipping, warehouse, or common carrier personnel to expedite or trace...",Order Clerks,43-4151,Tier1_Writing,30%,83420,21.47,0.0526,58821110
2671,Receive and respond to customer complaints....,Order Clerks,43-4151,Tier1_Knowledge,30%,83420,21.47,0.0526,58821110
2677,"File copies of orders received, or post orders on records....",Order Clerks,43-4151,Tier1_Knowledge,30%,83420,21.47,0.0526,58821110
2684,"Notify departments when supplies of specific items are low, or when orders would deplete available s...",Order Clerks,43-4151,Tier1_Writing,30%,83420,21.47,0.0526,58821110
2676,Attempt to sell additional merchandise or services to prospective or current customers by telephone ...,Order Clerks,43-4151,Tier1_Knowledge,30%,83420,21.47,0.0526,58821110
2681,Adjust inventory records to reflect product movement....,Order Clerks,43-4151,Tier1_Knowledge,30%,83420,21.47,0.0526,58821110
15236,"Assist physicians in the diagnosis and treatment of cardiac or peripheral vascular treatments, such ...",Cardiovascular Technologists and Technicians,29-2031,Tier1_Knowledge,30%,61180,32.34,0.0476,58791533
4192,"Maintain instruments, equipment, or machinery to ensure proper working condition....",Veterinary Technologists and Technicians,29-2056,Tier1_Knowledge,30%,131320,22.11,0.0323,58444347
20423,"Discuss medical health of pets with clients, such as post-operative status....",Veterinary Technologists and Technicians,29-2056,Tier1_Knowledge,30%,131320,22.11,0.0323,58444347
4191,Prepare treatment rooms for surgery....,Veterinary Technologists and Technicians,29-2056,Tier1_Knowledge,30%,131320,22.11,0.0323,58444347
4179,"Perform laboratory tests on blood, urine, or feces, such as urinalyses or blood counts, to assist in...",Veterinary Technologists and Technicians,29-2056,Tier1_Knowledge,30%,131320,22.11,0.0323,58444347
4180,"Administer emergency first aid, such as performing emergency resuscitation or other life saving proc...",Veterinary Technologists and Technicians,29-2056,Tier1_Knowledge,30%,131320,22.11,0.0323,58444347
20422,Restrain animals during exams or procedures....,Veterinary Technologists and Technicians,29-2056,Tier1_Knowledge,30%,131320,22.11,0.0323,58444347
4195,"Provide information or counseling regarding issues such as animal health care, behavior problems, or...",Veterinary Technologists and Technicians,29-2056,Tier1_Partial,30%,131320,22.11,0.0323,58444347
13097,"Obtain and analyze information on suspects, crimes, or disturbances to solve cases, to identify crim...",Private Detectives and Investigators,33-9021,Tier1_Good,40%,38700,25.18,0.0714,57911122
8488,Maintain an inventory of materials....,"Extruding and Drawing Machine Setters, Operators, and Tenders, Metal and Plastic",51-4021,Tier1_Knowledge,30%,65700,22.59,0.0625,57882357
8477,"Start machines and set controls to regulate vacuum, air pressure, sizing rings, and temperature, and...","Extruding and Drawing Machine Setters, Operators, and Tenders, Metal and Plastic",51-4021,Tier1_Knowledge,30%,65700,22.59,0.0625,57882357
8482,Adjust controls to draw or press metal into specified shapes and diameters....,"Extruding and Drawing Machine Setters, Operators, and Tenders, Metal and Plastic",51-4021,Tier1_Knowledge,30%,65700,22.59,0.0625,57882357
8487,"Test physical properties of products with testing devices such as acid-bath testers, burst testers, ...","Extruding and Drawing Machine Setters, Operators, and Tenders, Metal and Plastic",51-4021,Tier1_Knowledge,30%,65700,22.59,0.0625,57882357
13998,"Grind meat into hamburger, and into trimmings used to prepare sausages, luncheon meats, and other me...",Slaughterers and Meat Packers,51-3023,Tier1_Knowledge,30%,67500,19.13,0.0714,57553971
3076,Supervise or advise subordinate personnel....,Medical Equipment Repairers,49-9062,Tier1_Knowledge,30%,60830,30.11,0.05,57145649
3074,Contribute expertise to develop medical maintenance standard operating procedures....,Medical Equipment Repairers,49-9062,Tier1_Knowledge,30%,60830,30.11,0.05,57145649
4619,"Contact businesses or private individuals by telephone to solicit sales for goods or services, or to...",Telemarketers,41-9041,Tier1_Writing,30%,66430,16.54,0.0833,57135114
4622,"Record names, addresses, purchases, and reactions of prospects contacted....",Telemarketers,41-9041,Tier1_Knowledge,30%,66430,16.54,0.0833,57135114
4625,Answer telephone calls from potential customers who have been solicited through advertisements....,Telemarketers,41-9041,Tier1_Knowledge,30%,66430,16.54,0.0833,57135114
13353,"Record grade or identification numbers on tags or on shipping, receiving, or sales sheets....","Graders and Sorters, Agricultural Products",45-2041,Tier1_Knowledge,30%,26870,17.03,0.2,57107993
13349,"Grade and sort products according to factors such as color, species, length, width, appearance, feel...","Graders and Sorters, Agricultural Products",45-2041,Tier1_Knowledge,30%,26870,17.03,0.2,57107993
5658,"Rule on custody and access disputes, and enforce court orders regarding custody and support of child...","Judges, Magistrate Judges, and Magistrates",23-1023,Tier1_Knowledge,30%,25580,75.1,0.0476,57082866
5660,Participate in judicial tribunals to help resolve disputes....,"Judges, Magistrate Judges, and Magistrates",23-1023,Tier1_Knowledge,30%,25580,75.1,0.0476,57082866
5650,"Advise attorneys, juries, litigants, and court personnel regarding conduct, issues, and proceedings....","Judges, Magistrate Judges, and Magistrates",23-1023,Tier1_Writing,30%,25580,75.1,0.0476,57082866
5656,"Supervise other judges, court officers, and the court's administrative staff....","Judges, Magistrate Judges, and Magistrates",23-1023,Tier1_Knowledge,30%,25580,75.1,0.0476,57082866
5652,"Conduct preliminary hearings to decide issues, such as whether there is reasonable and probable caus...","Judges, Magistrate Judges, and Magistrates",23-1023,Tier1_Knowledge,30%,25580,75.1,0.0476,57082866
22058,Develop or modify wet chemical or industrial laboratory experimental techniques for nanoscale use....,Nanotechnology Engineering Technologists and Technicians,17-3026,Tier1_Knowledge,30%,73410,31.15,0.04,57076569
22057,"Compare the performance or environmental impact of nanomaterials by nanoparticle size, shape, or org...",Nanotechnology Engineering Technologists and Technicians,17-3026,Tier1_Partial,30%,73410,31.15,0.04,57076569
22062,"Perform functional tests of nano-enhanced assemblies, components, or systems, using equipment such a...",Nanotechnology Engineering Technologists and Technicians,17-3026,Tier1_Knowledge,30%,73410,31.15,0.04,57076569
11838,"Inventory and requisition machine parts, equipment, and other supplies so that stock can be maintain...","Maintenance Workers, Machinery",49-9043,Tier1_Knowledge,30%,56540,29.09,0.0556,57017951
11840,Collect and discard worn machine parts and other refuse to maintain machinery and work areas....,"Maintenance Workers, Machinery",49-9043,Tier1_Knowledge,30%,56540,29.09,0.0556,57017951
6507,Prepare children for later grades by encouraging them to explore learning opportunities and to perse...,"Kindergarten Teachers, Except Special Education",25-2012,Tier1_Knowledge,30%,114410,29.53,0.027,56985456
6501,"Instruct students individually and in groups, adapting teaching methods to meet students' varying ne...","Kindergarten Teachers, Except Special Education",25-2012,Tier1_Knowledge,30%,114410,29.53,0.027,56985456
6503,Demonstrate activities to children....,"Kindergarten Teachers, Except Special Education",25-2012,Tier1_Knowledge,30%,114410,29.53,0.027,56985456
6513,Guide and counsel students with adjustment or academic problems or special academic interests....,"Kindergarten Teachers, Except Special Education",25-2012,Tier1_Knowledge,30%,114410,29.53,0.027,56985456
6521,Meet with other professionals to discuss individual students' needs and progress....,"Kindergarten Teachers, Except Special Education",25-2012,Tier1_Writing,30%,114410,29.53,0.027,56985456
6516,"Assimilate arriving children to the school environment by greeting them, helping them remove outerwe...","Kindergarten Teachers, Except Special Education",25-2012,Tier1_Knowledge,30%,114410,29.53,0.027,56985456
6518,"Prepare materials, classrooms, and other indoor and outdoor spaces to facilitate creative play, lear...","Kindergarten Teachers, Except Special Education",25-2012,Tier1_Knowledge,30%,114410,29.53,0.027,56985456
6534,"Provide students with disabilities with assistive devices, supportive technology, and assistance acc...","Kindergarten Teachers, Except Special Education",25-2012,Tier1_Knowledge,30%,114410,29.53,0.027,56985456
6911,"Participate in new product planning or market research, including studying the potential need for ne...",Commercial and Industrial Designers,27-1021,Tier1_Good,40%,30250,38.2,0.0588,56553976
6322,Collaborate with colleagues to address teaching and research issues....,"English Language and Literature Teachers, Postsecondary",25-1123,Tier1_Good,40%,59590,37.63,0.0303,56534658
6316,"Compile, administer, and grade examinations, or assign this work to others....","English Language and Literature Teachers, Postsecondary",25-1123,Tier1_Good,40%,59590,37.63,0.0303,56534658
13551,"Move controls, buttons, or levers to start blowers and regulate flow of materials through nozzles....","Insulation Workers, Floor, Ceiling, and Wall",47-2131,Tier1_Knowledge,30%,38610,23.41,0.1,56400870
13552,"Prepare surfaces for insulation application by brushing or spreading on adhesives, cement, or asphal...","Insulation Workers, Floor, Ceiling, and Wall",47-2131,Tier1_Knowledge,30%,38610,23.41,0.1,56400870
13546,"Cover and line structures with blown or rolled forms of materials to insulate against cold, heat, or...","Insulation Workers, Floor, Ceiling, and Wall",47-2131,Tier1_Knowledge,30%,38610,23.41,0.1,56400870
9334,"Adapt translations to students' cognitive and grade levels, collaborating with educational team memb...",Interpreters and Translators,27-3091,Tier1_Knowledge,30%,53360,28.58,0.0588,55977528
9329,"Proofread, edit, and revise translated materials....",Interpreters and Translators,27-3091,Tier1_Partial,30%,53360,28.58,0.0588,55977528
9342,Travel with or guide tourists who speak another language....,Interpreters and Translators,27-3091,Tier1_Knowledge,30%,53360,28.58,0.0588,55977528
9326,Follow ethical codes that protect the confidentiality of information....,Interpreters and Translators,27-3091,Tier1_Writing,30%,53360,28.58,0.0588,55977528
13513,"Inspect furrings, mechanical mountings, or masonry surfaces for plumbness and level, using spirit or...",Drywall and Ceiling Tile Installers,47-2081,Tier1_Knowledge,30%,82900,27.95,0.0385,55609320
13511,"Trim rough edges from wallboard to maintain even joints, using knives....",Drywall and Ceiling Tile Installers,47-2081,Tier1_Knowledge,30%,82900,27.95,0.0385,55609320
13510,Coordinate work with drywall finishers who cover the seams between drywall panels....,Drywall and Ceiling Tile Installers,47-2081,Tier1_Knowledge,30%,82900,27.95,0.0385,55609320
13506,Hang dry lines to wall moldings to guide positioning of main runners....,Drywall and Ceiling Tile Installers,47-2081,Tier1_Knowledge,30%,82900,27.95,0.0385,55609320
13521,"Mount tile, using adhesives, or by nailing, screwing, stapling, or wire-tying lath directly to struc...",Drywall and Ceiling Tile Installers,47-2081,Tier1_Knowledge,30%,82900,27.95,0.0385,55609320
7018,"Record information, such as items received and delivered and recipients' responses to messages....",Couriers and Messengers,43-5021,Tier1_Knowledge,30%,71920,18.43,0.0667,55140201
20903,"Deliver and pick up medical records, lab specimens, and medications to and from hospitals and other ...",Couriers and Messengers,43-5021,Tier1_Knowledge,30%,71920,18.43,0.0667,55140201
7017,"Obtain signatures and payments, or arrange for recipients to make payments....",Couriers and Messengers,43-5021,Tier1_Knowledge,30%,71920,18.43,0.0667,55140201
7013,"Receive messages or materials to be delivered, and information on recipients, such as names, address...",Couriers and Messengers,43-5021,Tier1_Knowledge,30%,71920,18.43,0.0667,55140201
12218,"Match materials for color, grain, or texture, giving attention to knots or other features of the woo...",Cabinetmakers and Bench Carpenters,51-7011,Tier1_Partial,30%,79540,22.12,0.05,54894054
12214,Reinforce joints with nails or other fasteners to prepare articles for finishing....,Cabinetmakers and Bench Carpenters,51-7011,Tier1_Knowledge,30%,79540,22.12,0.05,54894054
12219,"Trim, sand, or scrape surfaces or joints to prepare articles for finishing....",Cabinetmakers and Bench Carpenters,51-7011,Tier1_Knowledge,30%,79540,22.12,0.05,54894054
8989,"Develop plans for the prevention of destruction by fire, wind, and water....",Fire-Prevention and Protection Engineers,17-2111,Tier1_Knowledge,30%,23220,52.72,0.0714,54562489
8991,"Attend workshops, seminars, or conferences to present or obtain information regarding fire preventio...",Fire-Prevention and Protection Engineers,17-2111,Tier1_Partial,30%,23220,52.72,0.0714,54562489
8994,Conduct research on fire retardants and the fire safety of materials and devices....,Fire-Prevention and Protection Engineers,17-2111,Tier1_Partial,30%,23220,52.72,0.0714,54562489
8993,Evaluate fire department performance and the laws and regulations affecting fire prevention or fire ...,Fire-Prevention and Protection Engineers,17-2111,Tier1_Knowledge,30%,23220,52.72,0.0714,54562489
5689,"Compile, administer, and grade examinations or assign this work to others....","Computer Science Teachers, Postsecondary",25-1021,Tier1_Good,40%,36240,46.49,0.0385,53908394
5698,Collaborate with colleagues to address teaching and research issues....,"Computer Science Teachers, Postsecondary",25-1021,Tier1_Good,40%,36240,46.49,0.0385,53908394
19966,Apply new or existing research about natural ecosystems to understand economic and industrial system...,Industrial Ecologists,19-2041,Tier1_Partial,30%,84930,38.49,0.0263,53679694
19979,Promote use of environmental management systems (EMS) to reduce waste or to improve environmentally ...,Industrial Ecologists,19-2041,Tier1_Knowledge,30%,84930,38.49,0.0263,53679694
19971,Examine societal issues and their relationship with both technical systems and the environment....,Industrial Ecologists,19-2041,Tier1_Knowledge,30%,84930,38.49,0.0263,53679694
19963,Recommend methods to protect the environment or minimize environmental damage from industrial produc...,Industrial Ecologists,19-2041,Tier1_Knowledge,30%,84930,38.49,0.0263,53679694
19970,"Examine local, regional, or global use and flow of materials or energy in industrial production proc...",Industrial Ecologists,19-2041,Tier1_Knowledge,30%,84930,38.49,0.0263,53679694
19968,"Conduct environmental sustainability assessments, using material flow analysis (MFA) or substance fl...",Industrial Ecologists,19-2041,Tier1_Knowledge,30%,84930,38.49,0.0263,53679694
20824,"Turn valves or move controls to admit, drain, separate, filter, clarify, mix, or transfer materials....","Separating, Filtering, Clarifying, Precipitating, and Still Machine Setters, Operators, and Tenders",51-9012,Tier1_Good,40%,54200,23.8,0.05,53662336
7622,Explain to claimants how they can appeal rulings that go against them....,"Administrative Law Judges, Adjudicators, and Hearing Officers",23-1021,Tier1_Good,40%,16230,55.4,0.0714,53434725
6160,"Conduct research in a particular field of knowledge and publish findings in professional journals, b...","Education Teachers, Postsecondary",25-1081,Tier1_Partial,30%,59090,34.66,0.0417,53247476
6154,"Keep abreast of developments in the field by reading current literature, talking with colleagues, an...","Education Teachers, Postsecondary",25-1081,Tier1_Knowledge,30%,59090,34.66,0.0417,53247476
6155,Advise students on academic and vocational curricula and on career issues....,"Education Teachers, Postsecondary",25-1081,Tier1_Writing,30%,59090,34.66,0.0417,53247476
6161,"Select and obtain materials and supplies, such as textbooks....","Education Teachers, Postsecondary",25-1081,Tier1_Knowledge,30%,59090,34.66,0.0417,53247476
6163,"Advise and instruct teachers employed in school systems by providing activities, such as in-service ...","Education Teachers, Postsecondary",25-1081,Tier1_Knowledge,30%,59090,34.66,0.0417,53247476
6169,Act as advisers to student organizations....,"Education Teachers, Postsecondary",25-1081,Tier1_Writing,30%,59090,34.66,0.0417,53247476
6170,Provide professional consulting services to government or industry....,"Education Teachers, Postsecondary",25-1081,Tier1_Writing,30%,59090,34.66,0.0417,53247476
6150,"Initiate, facilitate, and moderate classroom discussions....","Education Teachers, Postsecondary",25-1081,Tier1_Knowledge,30%,59090,34.66,0.0417,53247476
20255,Review offender information to identify issues that require special attention....,First-Line Supervisors of Correctional Officers,33-1011,Tier1_Knowledge,30%,53390,36.69,0.0435,53145242
9442,Develop work or security procedures....,First-Line Supervisors of Correctional Officers,33-1011,Tier1_Knowledge,30%,53390,36.69,0.0435,53145242
9434,Supervise or perform searches of inmates or their quarters to locate contraband items....,First-Line Supervisors of Correctional Officers,33-1011,Tier1_Knowledge,30%,53390,36.69,0.0435,53145242
9437,Instruct employees or provide on-the-job training....,First-Line Supervisors of Correctional Officers,33-1011,Tier1_Knowledge,30%,53390,36.69,0.0435,53145242
9432,"Supervise and direct the work of correctional officers to ensure the safe custody, discipline, and w...",First-Line Supervisors of Correctional Officers,33-1011,Tier1_Knowledge,30%,53390,36.69,0.0435,53145242
9439,"Supervise activities, such as searches, shakedowns, riot control, or institutional tours....",First-Line Supervisors of Correctional Officers,33-1011,Tier1_Knowledge,30%,53390,36.69,0.0435,53145242
9444,Resolve problems between inmates....,First-Line Supervisors of Correctional Officers,33-1011,Tier1_Knowledge,30%,53390,36.69,0.0435,53145242
3552,Develop safety procedures to be employed by workers operating equipment or working in close proximit...,Chemical Engineers,17-2041,Tier1_Knowledge,30%,20330,58.59,0.0714,53090575
12751,Observe tracks to detect obstructions....,Locomotive Engineers,53-4011,Tier1_Knowledge,30%,31990,37.21,0.0714,53055506
12756,"Respond to emergency conditions or breakdowns, following applicable safety procedures and rules....",Locomotive Engineers,53-4011,Tier1_Knowledge,30%,31990,37.21,0.0714,53055506
12762,Inspect locomotives after runs to detect damaged or defective equipment....,Locomotive Engineers,53-4011,Tier1_Knowledge,30%,31990,37.21,0.0714,53055506
4201,"Measure clients' bridge and eye size, temple length, vertex distance, pupillary distance, and optica...","Opticians, Dispensing",29-2081,Tier1_Knowledge,30%,79690,22.38,0.0476,52994305
4208,"Sell goods such as contact lenses, spectacles, sunglasses, and goods related to eyes, in general....","Opticians, Dispensing",29-2081,Tier1_Writing,30%,79690,22.38,0.0476,52994305
4209,"Heat, shape, or bend plastic or metal frames to adjust eyeglasses to fit clients, using pliers and h...","Opticians, Dispensing",29-2081,Tier1_Knowledge,30%,79690,22.38,0.0476,52994305
4213,"Show customers how to insert, remove, and care for their contact lenses....","Opticians, Dispensing",29-2081,Tier1_Knowledge,30%,79690,22.38,0.0476,52994305
5757,"Conduct research in a particular field of knowledge and publish findings in professional journals, b...","Engineering Teachers, Postsecondary",25-1032,Tier1_Partial,30%,39910,51.02,0.0417,52940615
5754,"Keep abreast of developments in the field by reading current literature, talking with colleagues, an...","Engineering Teachers, Postsecondary",25-1032,Tier1_Knowledge,30%,39910,51.02,0.0417,52940615
5762,"Initiate, facilitate, and moderate class discussions....","Engineering Teachers, Postsecondary",25-1032,Tier1_Knowledge,30%,39910,51.02,0.0417,52940615
5761,Supervise students' laboratory work....,"Engineering Teachers, Postsecondary",25-1032,Tier1_Knowledge,30%,39910,51.02,0.0417,52940615
5772,Provide professional consulting services to government or industry....,"Engineering Teachers, Postsecondary",25-1032,Tier1_Writing,30%,39910,51.02,0.0417,52940615
5768,"Select and obtain materials and supplies, such as textbooks and laboratory equipment....","Engineering Teachers, Postsecondary",25-1032,Tier1_Knowledge,30%,39910,51.02,0.0417,52940615
5774,Act as advisers to student organizations....,"Engineering Teachers, Postsecondary",25-1032,Tier1_Writing,30%,39910,51.02,0.0417,52940615
5765,Advise students on academic and vocational curricula and on career issues....,"Engineering Teachers, Postsecondary",25-1032,Tier1_Writing,30%,39910,51.02,0.0417,52940615
10157,Maintain stocks of machine parts and machining tools....,"Grinding, Lapping, Polishing, and Buffing Machine Tool Setters, Operators, and Tenders, Metal and Plastic",51-4033,Tier1_Knowledge,30%,70110,21.73,0.0556,52814330
10142,"Set up, operate, or tend grinding and related tools that remove excess material or burrs from surfac...","Grinding, Lapping, Polishing, and Buffing Machine Tool Setters, Operators, and Tenders, Metal and Plastic",51-4033,Tier1_Knowledge,30%,70110,21.73,0.0556,52814330
10146,"Select machine tooling to be used, using knowledge of machine and production requirements....","Grinding, Lapping, Polishing, and Buffing Machine Tool Setters, Operators, and Tenders, Metal and Plastic",51-4033,Tier1_Knowledge,30%,70110,21.73,0.0556,52814330
18413,Advise patients about therapeutic exercise and nutritional medicine regimens....,Naturopathic Physicians,29-1299,Tier1_Knowledge,30%,30870,54.68,0.05,52664714
18409,"Administer, dispense, or prescribe natural medicines, such as food or botanical extracts, herbs, die...",Naturopathic Physicians,29-1299,Tier1_Knowledge,30%,30870,54.68,0.05,52664714
18420,"Consult with other health professionals to provide optimal patient care, referring patients to tradi...",Naturopathic Physicians,29-1299,Tier1_Knowledge,30%,30870,54.68,0.05,52664714
15230,"Teach, take continuing education classes, attend conferences or seminars, or conduct research and pu...",Psychiatrists,29-1223,Tier1_Good,40%,24800,30.61,0.0833,52632875
4457,Answer questions about game rules and casino policies....,Gambling Dealers,39-3011,Tier1_Good,40%,82980,16.0,0.0476,52601417
22662,"Conduct research to obtain factual information and authentic detail, using sources such as newspaper...",Writers and Authors,27-3043,Tier1_Partial,30%,47800,34.75,0.05,51824760
22653,"Discuss with the client the product, advertising themes and methods, and any changes that should be ...",Writers and Authors,27-3043,Tier1_Knowledge,30%,47800,34.75,0.05,51824760
22663,"Consult with sales, media and marketing representatives to obtain information on product or service ...",Writers and Authors,27-3043,Tier1_Partial,30%,47800,34.75,0.05,51824760
2600,"Place materials into storage receptacles, such as file cabinets, boxes, bins, or drawers, according ...",File Clerks,43-4071,Tier1_Knowledge,30%,78980,19.84,0.0526,51462370
2603,Modify or improve filing systems or implement new filing systems....,File Clerks,43-4071,Tier1_Knowledge,30%,78980,19.84,0.0526,51462370
2596,Gather materials to be filed from departments or employees....,File Clerks,43-4071,Tier1_Knowledge,30%,78980,19.84,0.0526,51462370
21208,Perform tests of water chemistry in boilers....,Biomass Plant Technicians,51-8013,Tier1_Knowledge,30%,30720,47.92,0.0556,51032883
17857,Assess quality of biomass feedstock....,Biomass Plant Technicians,51-8013,Tier1_Knowledge,30%,30720,47.92,0.0556,51032883
17865,Preprocess feedstock to prepare for biochemical or thermochemical production processes....,Biomass Plant Technicians,51-8013,Tier1_Knowledge,30%,30720,47.92,0.0556,51032883
17855,"Operate valves, pumps, engines, or generators to control and adjust production of biofuels or biomas...",Biomass Plant Technicians,51-8013,Tier1_Knowledge,30%,30720,47.92,0.0556,51032883
19245,Conduct visual field tests to measure field of vision....,Ophthalmic Medical Technicians,29-2057,Tier1_Knowledge,30%,76520,21.19,0.05,50589515
19256,Conduct binocular disparity tests to assess depth perception....,Ophthalmic Medical Technicians,29-2057,Tier1_Knowledge,30%,76520,21.19,0.05,50589515
19239,Administer topical ophthalmic or oral medications....,Ophthalmic Medical Technicians,29-2057,Tier1_Knowledge,30%,76520,21.19,0.05,50589515
19242,Call patients to inquire about their post-operative status or recovery....,Ophthalmic Medical Technicians,29-2057,Tier1_Knowledge,30%,76520,21.19,0.05,50589515
19244,Conduct ocular motility tests to measure function of eye muscles....,Ophthalmic Medical Technicians,29-2057,Tier1_Knowledge,30%,76520,21.19,0.05,50589515
19240,"Assess refractive conditions of eyes, using retinoscopes....",Ophthalmic Medical Technicians,29-2057,Tier1_Knowledge,30%,76520,21.19,0.05,50589515
19241,Assist patients to insert or remove contact lenses....,Ophthalmic Medical Technicians,29-2057,Tier1_Knowledge,30%,76520,21.19,0.05,50589515
19248,"Measure and record lens power, using lensometers....",Ophthalmic Medical Technicians,29-2057,Tier1_Knowledge,30%,76520,21.19,0.05,50589515
19249,"Measure visual acuity, including near, distance, pinhole, or dynamic visual acuity, using appropriat...",Ophthalmic Medical Technicians,29-2057,Tier1_Knowledge,30%,76520,21.19,0.05,50589515
19247,Maintain ophthalmic instruments or equipment....,Ophthalmic Medical Technicians,29-2057,Tier1_Knowledge,30%,76520,21.19,0.05,50589515
16939,Define or update information such as urban boundaries or classification of roadways....,Transportation Planners,19-3099,Tier1_Writing,30%,36970,48.24,0.0455,50584639
19779,"Collaborate with other professionals to develop sustainable transportation strategies at the local, ...",Transportation Planners,19-3099,Tier1_Knowledge,30%,36970,48.24,0.0455,50584639
16953,Define regional or local transportation planning problems or priorities....,Transportation Planners,19-3099,Tier1_Knowledge,30%,36970,48.24,0.0455,50584639
5726,Act as advisers to student organizations....,"Mathematical Science Teachers, Postsecondary",25-1022,Tier1_Writing,30%,48820,38.15,0.0435,50528700
5716,"Initiate, facilitate, and moderate classroom discussions....","Mathematical Science Teachers, Postsecondary",25-1022,Tier1_Knowledge,30%,48820,38.15,0.0435,50528700
5719,Advise students on academic and vocational curricula and on career issues....,"Mathematical Science Teachers, Postsecondary",25-1022,Tier1_Writing,30%,48820,38.15,0.0435,50528700
5717,"Select and obtain materials and supplies, such as textbooks....","Mathematical Science Teachers, Postsecondary",25-1022,Tier1_Knowledge,30%,48820,38.15,0.0435,50528700
5724,"Conduct research in a particular field of knowledge and publish findings in books, professional jour...","Mathematical Science Teachers, Postsecondary",25-1022,Tier1_Partial,30%,48820,38.15,0.0435,50528700
13960,Set and verify parts clearances....,Engine and Other Machine Assemblers,51-2031,Tier1_Knowledge,30%,38420,25.26,0.0833,50465438
13963,Maintain and lubricate parts or components....,Engine and Other Machine Assemblers,51-2031,Tier1_Knowledge,30%,38420,25.26,0.0833,50465438
13969,"Set up and operate metalworking machines, such as milling or grinding machines, to shape or fabricat...",Engine and Other Machine Assemblers,51-2031,Tier1_Knowledge,30%,38420,25.26,0.0833,50465438
10940,"Counsel individuals or groups concerning their spiritual, emotional, or personal needs....",Clergy,21-2011,Tier1_Writing,30%,58080,29.24,0.0476,50462559
10952,"Refer people to community support services, psychologists, or doctors....",Clergy,21-2011,Tier1_Knowledge,30%,58080,29.24,0.0476,50462559
10936,Prepare and deliver sermons or other talks....,Clergy,21-2011,Tier1_Knowledge,30%,58080,29.24,0.0476,50462559
10939,Instruct people who seek conversion to a particular faith....,Clergy,21-2011,Tier1_Knowledge,30%,58080,29.24,0.0476,50462559
10950,Prepare people for participation in religious ceremonies....,Clergy,21-2011,Tier1_Knowledge,30%,58080,29.24,0.0476,50462559
10943,Administer religious rites or ordinances....,Clergy,21-2011,Tier1_Knowledge,30%,58080,29.24,0.0476,50462559
6216,"Compile, administer, and grade examinations, or assign this work to others....","Law Teachers, Postsecondary",25-1112,Tier1_Good,40%,22800,60.89,0.0435,50219478
6230,Collaborate with colleagues to address teaching and research issues....,"Law Teachers, Postsecondary",25-1112,Tier1_Good,40%,22800,60.89,0.0435,50219478
21413,Talk to customers to convey information about events or activities....,"Entertainment and Recreation Managers, Except Gambling",11-9072,Tier1_Knowledge,30%,36700,37.11,0.0588,49991099
21400,Administer first aid in emergency situations....,"Entertainment and Recreation Managers, Except Gambling",11-9072,Tier1_Knowledge,30%,36700,37.11,0.0588,49991099
21414,Train workers in company procedures or policy....,"Entertainment and Recreation Managers, Except Gambling",11-9072,Tier1_Knowledge,30%,36700,37.11,0.0588,49991099
21411,"Store and retrieve equipment, such as vehicles, radios, and ride components....","Entertainment and Recreation Managers, Except Gambling",11-9072,Tier1_Knowledge,30%,36700,37.11,0.0588,49991099
21401,Assign tasks and work hours to staff....,"Entertainment and Recreation Managers, Except Gambling",11-9072,Tier1_Knowledge,30%,36700,37.11,0.0588,49991099
21405,"Inspect equipment, such as rides, games, and vehicles, to detect wear and damage....","Entertainment and Recreation Managers, Except Gambling",11-9072,Tier1_Knowledge,30%,36700,37.11,0.0588,49991099
21406,Interview and hire associates to fill staff vacancies....,"Entertainment and Recreation Managers, Except Gambling",11-9072,Tier1_Writing,30%,36700,37.11,0.0588,49991099
16967,Receive and inspect raw materials....,Quality Control Analysts,19-4099,Tier1_Knowledge,30%,71400,28.91,0.0385,49540176
16970,Perform validations or transfers of analytical methods in accordance with applicable policies or gui...,Quality Control Analysts,19-4099,Tier1_Knowledge,30%,71400,28.91,0.0385,49540176
16955,Train other analysts to perform laboratory procedures and assays....,Quality Control Analysts,19-4099,Tier1_Knowledge,30%,71400,28.91,0.0385,49540176
16959,Identify and troubleshoot equipment problems....,Quality Control Analysts,19-4099,Tier1_Knowledge,30%,71400,28.91,0.0385,49540176
16958,Participate in internal assessments and audits as required....,Quality Control Analysts,19-4099,Tier1_Knowledge,30%,71400,28.91,0.0385,49540176
8382,"Prepare rims and wheel drums for reassembly by scraping, grinding, or sandblasting....",Tire Repairers and Changers,49-3093,Tier1_Knowledge,30%,106620,17.85,0.0417,49482342
8372,"Inspect tire casings for defects, such as holes or tears....",Tire Repairers and Changers,49-3093,Tier1_Knowledge,30%,106620,17.85,0.0417,49482342
20655,Identify tire size and ply and inflate tires accordingly....,Tire Repairers and Changers,49-3093,Tier1_Knowledge,30%,106620,17.85,0.0417,49482342
17573,"Verify proper functioning of physical security systems, such as closed-circuit televisions, alarms, ...",Retail Loss Prevention Specialists,33-9099,Tier1_Knowledge,30%,83110,20.0,0.0476,49391086
17579,Recommend methods to reduce potential financial fraud losses....,Retail Loss Prevention Specialists,33-9099,Tier1_Knowledge,30%,83110,20.0,0.0476,49391086
17571,Recommend new or improved processes or equipment to reduce risk exposure....,Retail Loss Prevention Specialists,33-9099,Tier1_Knowledge,30%,83110,20.0,0.0476,49391086
17564,Direct work of contract security officers or other loss prevention agents....,Retail Loss Prevention Specialists,33-9099,Tier1_Knowledge,30%,83110,20.0,0.0476,49391086
5803,Supervise students' laboratory work....,"Biological Science Teachers, Postsecondary",25-1042,Tier1_Knowledge,30%,53250,40.12,0.037,49380500
5806,"Initiate, facilitate, and moderate classroom discussions....","Biological Science Teachers, Postsecondary",25-1042,Tier1_Knowledge,30%,53250,40.12,0.037,49380500
5818,Act as advisers to student organizations....,"Biological Science Teachers, Postsecondary",25-1042,Tier1_Writing,30%,53250,40.12,0.037,49380500
5811,"Select and obtain materials and supplies, such as textbooks and laboratory equipment....","Biological Science Teachers, Postsecondary",25-1042,Tier1_Knowledge,30%,53250,40.12,0.037,49380500
5804,"Keep abreast of developments in the field by reading current literature, talking with colleagues, an...","Biological Science Teachers, Postsecondary",25-1042,Tier1_Knowledge,30%,53250,40.12,0.037,49380500
5808,Advise students on academic and vocational curricula and on career issues....,"Biological Science Teachers, Postsecondary",25-1042,Tier1_Writing,30%,53250,40.12,0.037,49380500
5821,Provide professional consulting services to government or industry....,"Biological Science Teachers, Postsecondary",25-1042,Tier1_Writing,30%,53250,40.12,0.037,49380500
5813,"Conduct research in a particular field of knowledge and publish findings in professional journals, b...","Biological Science Teachers, Postsecondary",25-1042,Tier1_Partial,30%,53250,40.12,0.037,49380500
3685,"Research use of bacteria and microorganisms to develop vitamins, antibiotics, amino acids, grain alc...",Microbiologists,19-1022,Tier1_Good,40%,19760,41.98,0.0714,49297474
16260,Collect data through surveys or experimentation....,Biostatisticians,15-2041,Tier1_Good,40%,29800,49.66,0.04,49250007
13559,"Select appropriate insulation, such as fiberglass, Styrofoam, or cork, based on the heat retaining o...","Insulation Workers, Mechanical",47-2132,Tier1_Knowledge,30%,25640,27.52,0.1111,48922487
13562,"Prepare surfaces for insulation application by brushing or spreading on adhesives, cement, or asphal...","Insulation Workers, Mechanical",47-2132,Tier1_Knowledge,30%,25640,27.52,0.1111,48922487
8076,Refer clients to medical personnel for treatment of serious skin problems....,Skincare Specialists,39-5094,Tier1_Knowledge,30%,70240,19.98,0.0556,48651034
8073,"Select and apply cosmetic products, such as creams, lotions, and tonics....",Skincare Specialists,39-5094,Tier1_Knowledge,30%,70240,19.98,0.0556,48651034
8075,"Treat the facial skin to maintain and improve its appearance, using specialized techniques and produ...",Skincare Specialists,39-5094,Tier1_Knowledge,30%,70240,19.98,0.0556,48651034
8083,Sell makeup to clients....,Skincare Specialists,39-5094,Tier1_Knowledge,30%,70240,19.98,0.0556,48651034
21101,Prepare and structure data warehouses for storing data....,Statisticians,15-2041,Tier1_Knowledge,30%,29800,49.66,0.0526,48601981
20764,"Sell or collect admission tickets, passes, or facility memberships from patrons at entertainment eve...","Ushers, Lobby Attendants, and Ticket Takers",39-3031,Tier1_Knowledge,30%,119210,14.98,0.0435,48448603
5106,Count and record number of tickets collected....,"Ushers, Lobby Attendants, and Ticket Takers",39-3031,Tier1_Knowledge,30%,119210,14.98,0.0435,48448603
5112,Manage inventory or sale of artist merchandise....,"Ushers, Lobby Attendants, and Ticket Takers",39-3031,Tier1_Knowledge,30%,119210,14.98,0.0435,48448603
5114,Manage informational kiosks or displays of event signs or posters....,"Ushers, Lobby Attendants, and Ticket Takers",39-3031,Tier1_Knowledge,30%,119210,14.98,0.0435,48448603
5097,"Examine tickets or passes to verify authenticity, using criteria such as color or date issued....","Ushers, Lobby Attendants, and Ticket Takers",39-3031,Tier1_Knowledge,30%,119210,14.98,0.0435,48448603
5103,Settle seating disputes or help solve other customer concerns....,"Ushers, Lobby Attendants, and Ticket Takers",39-3031,Tier1_Knowledge,30%,119210,14.98,0.0435,48448603
5098,Guide patrons to exits or provide other instructions or assistance in case of emergency....,"Ushers, Lobby Attendants, and Ticket Takers",39-3031,Tier1_Knowledge,30%,119210,14.98,0.0435,48448603
3547,"Locate and mark sites selected for geophysical prospecting activities, such as efforts to locate pet...",Surveyors,17-1022,Tier1_Knowledge,30%,53080,34.97,0.0417,48261398
22043,Select material quantities or processing methods needed to achieve efficient production....,Industrial Engineering Technologists and Technicians,17-3026,Tier1_Knowledge,30%,73410,31.15,0.0333,47563807
22025,"Calibrate or adjust equipment to ensure quality production, using tools such as calipers, micrometer...",Industrial Engineering Technologists and Technicians,17-3026,Tier1_Knowledge,30%,73410,31.15,0.0333,47563807
22044,Set up and operate production equipment in accordance with current good manufacturing practices and ...,Industrial Engineering Technologists and Technicians,17-3026,Tier1_Knowledge,30%,73410,31.15,0.0333,47563807
22036,"Oversee equipment start-up, characterization, qualification, or release....",Industrial Engineering Technologists and Technicians,17-3026,Tier1_Knowledge,30%,73410,31.15,0.0333,47563807
22040,Provide advice or training to other technicians....,Industrial Engineering Technologists and Technicians,17-3026,Tier1_Knowledge,30%,73410,31.15,0.0333,47563807
22041,Recommend corrective or preventive actions to assure or improve product quality or reliability....,Industrial Engineering Technologists and Technicians,17-3026,Tier1_Knowledge,30%,73410,31.15,0.0333,47563807
22034,"Identify opportunities for improvements in quality, cost, or efficiency of automation equipment....",Industrial Engineering Technologists and Technicians,17-3026,Tier1_Knowledge,30%,73410,31.15,0.0333,47563807
22030,Develop manufacturing infrastructure to integrate or deploy new manufacturing processes....,Industrial Engineering Technologists and Technicians,17-3026,Tier1_Knowledge,30%,73410,31.15,0.0333,47563807
22897,Develop in-service educational materials....,Health Information Technologists and Medical Registrars,29-9021,Tier1_Knowledge,30%,37620,32.36,0.0625,47477945
22899,"Facilitate and promote activities, such as lunches, seminars, or tours, to foster healthcare informa...",Health Information Technologists and Medical Registrars,29-9021,Tier1_Writing,30%,37620,32.36,0.0625,47477945
10695,Instruct workers to set warning signals in front and at rear of trains during emergency stops....,Railroad Conductors and Yardmasters,53-4031,Tier1_Knowledge,30%,42710,35.62,0.05,47465502
10701,Inspect each car periodically during runs....,Railroad Conductors and Yardmasters,53-4031,Tier1_Knowledge,30%,42710,35.62,0.05,47465502
10705,Supervise and coordinate crew activities to transport freight and passengers and to provide boarding...,Railroad Conductors and Yardmasters,53-4031,Tier1_Knowledge,30%,42710,35.62,0.05,47465502
10690,"Signal engineers to begin train runs, stop trains, or change speed, using telecommunications equipme...",Railroad Conductors and Yardmasters,53-4031,Tier1_Knowledge,30%,42710,35.62,0.05,47465502
10707,"Record departure and arrival times, messages, tickets and revenue collected, and passenger accommoda...",Railroad Conductors and Yardmasters,53-4031,Tier1_Knowledge,30%,42710,35.62,0.05,47465502
4725,Interview customers to obtain information needed for opening accounts or renting safe-deposit boxes....,New Accounts Clerks,43-4141,Tier1_Good,40%,38030,22.41,0.0667,47271594
17691,"Maintain current knowledge of relevant legislation, political situations, or other factors that coul...",Freight Forwarders,43-5011,Tier1_Knowledge,30%,97800,23.99,0.0323,47227178
17703,Provide detailed port information to importers or exporters....,Freight Forwarders,43-5011,Tier1_Writing,30%,97800,23.99,0.0323,47227178
17694,Obtain or arrange cargo insurance....,Freight Forwarders,43-5011,Tier1_Knowledge,30%,97800,23.99,0.0323,47227178
17682,"Reserve necessary space on ships, aircraft, trains, or trucks....",Freight Forwarders,43-5011,Tier1_Knowledge,30%,97800,23.99,0.0323,47227178
17702,Make arrangements with customs brokers to facilitate the passage of goods through customs....,Freight Forwarders,43-5011,Tier1_Knowledge,30%,97800,23.99,0.0323,47227178
19832,Recommend shipping solutions to minimize cost or environmental impacts....,Freight Forwarders,43-5011,Tier1_Knowledge,30%,97800,23.99,0.0323,47227178
17693,Negotiate shipping rates with freight carriers....,Freight Forwarders,43-5011,Tier1_Writing,30%,97800,23.99,0.0323,47227178
17690,Keep records of goods dispatched or received....,Freight Forwarders,43-5011,Tier1_Knowledge,30%,97800,23.99,0.0323,47227178
17685,Assist clients in obtaining insurance reimbursements....,Freight Forwarders,43-5011,Tier1_Knowledge,30%,97800,23.99,0.0323,47227178
19830,"Arrange for transport, using a variety of modes, such as rail, short sea shipping, air, or roadways,...",Freight Forwarders,43-5011,Tier1_Knowledge,30%,97800,23.99,0.0323,47227178
17683,Arrange delivery or storage of goods at destinations....,Freight Forwarders,43-5011,Tier1_Knowledge,30%,97800,23.99,0.0323,47227178
17695,Pay or arrange for payment of freight or insurance fees or other charges....,Freight Forwarders,43-5011,Tier1_Knowledge,30%,97800,23.99,0.0323,47227178
17689,"Inform clients of factors such as shipping options, timelines, transfers, or regulations affecting s...",Freight Forwarders,43-5011,Tier1_Knowledge,30%,97800,23.99,0.0323,47227178
17684,"Arrange for special transport of sensitive cargoes, such as livestock, food, or medical supplies....",Freight Forwarders,43-5011,Tier1_Knowledge,30%,97800,23.99,0.0323,47227178
17700,"Arrange for applicable duties, taxes, or paperwork for customs clearance....",Freight Forwarders,43-5011,Tier1_Knowledge,30%,97800,23.99,0.0323,47227178
11749,"Test insulators and bushings of equipment by inducing voltage across insulation, testing current, an...","Electrical and Electronics Repairers, Powerhouse, Substation, and Relay",49-2095,Tier1_Knowledge,30%,23040,48.53,0.0667,46514258
11756,"Maintain inventories of spare parts for all equipment, requisitioning parts as necessary....","Electrical and Electronics Repairers, Powerhouse, Substation, and Relay",49-2095,Tier1_Knowledge,30%,23040,48.53,0.0667,46514258
11755,"Test oil in circuit breakers and transformers for dielectric strength, refilling oil periodically....","Electrical and Electronics Repairers, Powerhouse, Substation, and Relay",49-2095,Tier1_Knowledge,30%,23040,48.53,0.0667,46514258
11745,Notify facility personnel of equipment shutdowns....,"Electrical and Electronics Repairers, Powerhouse, Substation, and Relay",49-2095,Tier1_Writing,30%,23040,48.53,0.0667,46514258
6757,"Guide and counsel students with adjustments, academic problems, or special academic interests....","Special Education Teachers, Middle School",25-2057,Tier1_Knowledge,30%,95330,31.19,0.025,46387578
6781,Provide additional instruction in vocational areas....,"Special Education Teachers, Middle School",25-2057,Tier1_Knowledge,30%,95330,31.19,0.025,46387578
6766,Meet with parents and guardians to provide guidance in using community resources and to teach skills...,"Special Education Teachers, Middle School",25-2057,Tier1_Knowledge,30%,95330,31.19,0.025,46387578
6749,"Teach socially acceptable behavior, employing techniques such as behavior modification and positive ...","Special Education Teachers, Middle School",25-2057,Tier1_Knowledge,30%,95330,31.19,0.025,46387578
6780,"Provide assistive devices, supportive technology, and assistance accessing facilities, such as restr...","Special Education Teachers, Middle School",25-2057,Tier1_Knowledge,30%,95330,31.19,0.025,46387578
6748,Develop and implement strategies to meet the needs of students with a variety of handicapping condit...,"Special Education Teachers, Middle School",25-2057,Tier1_Knowledge,30%,95330,31.19,0.025,46387578
6782,Visit schools to tutor students with sensory impairments and to consult with teachers regarding stud...,"Special Education Teachers, Middle School",25-2057,Tier1_Knowledge,30%,95330,31.19,0.025,46387578
6746,Prepare materials and classrooms for class activities....,"Special Education Teachers, Middle School",25-2057,Tier1_Knowledge,30%,95330,31.19,0.025,46387578
6754,Coordinate placement of students with special needs into mainstream classes....,"Special Education Teachers, Middle School",25-2057,Tier1_Knowledge,30%,95330,31.19,0.025,46387578
10730,Examine aircraft access plates and doors for security....,Aviation Inspectors,53-6051,Tier1_Knowledge,30%,23320,41.23,0.0769,46151213
10741,Approve or deny issuance of certificates of airworthiness....,Aviation Inspectors,53-6051,Tier1_Knowledge,30%,23320,41.23,0.0769,46151213
10736,"Recommend changes in rules, policies, standards, and regulations, based on knowledge of operating co...",Aviation Inspectors,53-6051,Tier1_Knowledge,30%,23320,41.23,0.0769,46151213
10729,"Start aircraft and observe gauges, meters, and other instruments to detect evidence of malfunctions....",Aviation Inspectors,53-6051,Tier1_Knowledge,30%,23320,41.23,0.0769,46151213
6056,"Compile, administer, and grade examinations, or assign this work to others....","Psychology Teachers, Postsecondary",25-1066,Tier1_Good,40%,41610,38.62,0.0345,46103880
6066,Collaborate with colleagues to address teaching and research issues....,"Psychology Teachers, Postsecondary",25-1066,Tier1_Good,40%,41610,38.62,0.0345,46103880
2539,"Track the status of requisitions, contracts, and orders....",Procurement Clerks,43-3061,Tier1_Knowledge,30%,59900,23.32,0.0526,45876086
20786,Approve and pay bills....,Procurement Clerks,43-3061,Tier1_Knowledge,30%,59900,23.32,0.0526,45876086
2533,"Respond to customer and supplier inquiries about order status, changes, or cancellations....",Procurement Clerks,43-3061,Tier1_Knowledge,30%,59900,23.32,0.0526,45876086
19227,Provide headphones or earplugs to patients to improve comfort and reduce unpleasant noise....,Magnetic Resonance Imaging Technologists,29-2035,Tier1_Knowledge,30%,41530,42.4,0.0417,45782672
23974,Review physicians' orders to confirm prescribed exams....,Magnetic Resonance Imaging Technologists,29-2035,Tier1_Knowledge,30%,41530,42.4,0.0417,45782672
19223,"Intravenously inject contrast dyes, such as gadolinium contrast, in accordance with scope of practic...",Magnetic Resonance Imaging Technologists,29-2035,Tier1_Partial,30%,41530,42.4,0.0417,45782672
19220,Create backup copies of images by transferring images from disk to storage media or workstation....,Magnetic Resonance Imaging Technologists,29-2035,Tier1_Knowledge,30%,41530,42.4,0.0417,45782672
23975,"Comfort patients during exams, or request sedatives or other medication from physicians for patients...",Magnetic Resonance Imaging Technologists,29-2035,Tier1_Knowledge,30%,41530,42.4,0.0417,45782672
19232,"Operate optical systems to capture dynamic magnetic resonance imaging (MRI) images, such as function...",Magnetic Resonance Imaging Technologists,29-2035,Tier1_Knowledge,30%,41530,42.4,0.0417,45782672
19230,Conduct inventories to maintain stock of clinical supplies....,Magnetic Resonance Imaging Technologists,29-2035,Tier1_Knowledge,30%,41530,42.4,0.0417,45782672
19228,Select appropriate imaging techniques or coils to produce required images....,Magnetic Resonance Imaging Technologists,29-2035,Tier1_Knowledge,30%,41530,42.4,0.0417,45782672
5291,"Confer with taxpayers or their representatives to discuss the issues, laws, and regulations involved...","Tax Examiners and Collectors, and Revenue Agents",13-2081,Tier1_Knowledge,30%,53530,28.72,0.0476,45682196
5294,"Notify taxpayers of any overpayment or underpayment, and either issue a refund or request further pa...","Tax Examiners and Collectors, and Revenue Agents",13-2081,Tier1_Writing,30%,53530,28.72,0.0476,45682196
5312,Participate in informal appeals hearings on contested cases from other agents....,"Tax Examiners and Collectors, and Revenue Agents",13-2081,Tier1_Knowledge,30%,53530,28.72,0.0476,45682196
5306,Secure a taxpayer's agreement to discharge a tax assessment or submit contested determinations to ot...,"Tax Examiners and Collectors, and Revenue Agents",13-2081,Tier1_Knowledge,30%,53530,28.72,0.0476,45682196
20016,Answer questions from taxpayers and assist them in completing tax forms....,"Tax Examiners and Collectors, and Revenue Agents",13-2081,Tier1_Partial,30%,53530,28.72,0.0476,45682196
4316,Examine animals to detect behavioral changes or clinical symptoms that could indicate illness or inj...,Veterinary Assistants and Laboratory Animal Caretakers,31-9096,Tier1_Knowledge,30%,114190,17.94,0.0357,45653815
4332,Sell pet food or supplies to customers....,Veterinary Assistants and Laboratory Animal Caretakers,31-9096,Tier1_Knowledge,30%,114190,17.94,0.0357,45653815
4312,Hold or restrain animals during veterinary procedures....,Veterinary Assistants and Laboratory Animal Caretakers,31-9096,Tier1_Knowledge,30%,114190,17.94,0.0357,45653815
4309,"Administer medication, immunizations, or blood plasma to animals as prescribed by veterinarians....",Veterinary Assistants and Laboratory Animal Caretakers,31-9096,Tier1_Knowledge,30%,114190,17.94,0.0357,45653815
4315,"Collect laboratory specimens, such as blood, urine, or feces, for testing....",Veterinary Assistants and Laboratory Animal Caretakers,31-9096,Tier1_Knowledge,30%,114190,17.94,0.0357,45653815
4325,Prepare examination or treatment rooms by stocking them with appropriate supplies....,Veterinary Assistants and Laboratory Animal Caretakers,31-9096,Tier1_Knowledge,30%,114190,17.94,0.0357,45653815
12150,"Position items under needles, using marks on machines, clamps, templates, or cloth as guides....",Sewing Machine Operators,51-6031,Tier1_Knowledge,30%,109590,17.31,0.0385,45528070
12155,Record quantities of materials processed....,Sewing Machine Operators,51-6031,Tier1_Knowledge,30%,109590,17.31,0.0385,45528070
22202,Interview patients to obtain comprehensive medical histories....,Neuropsychologists,19-3039,Tier1_Knowledge,30%,17790,56.53,0.0714,44824091
22197,"Diagnose and treat conditions involving injury to the central nervous system, such as cerebrovascula...",Neuropsychologists,19-3039,Tier1_Knowledge,30%,17790,56.53,0.0714,44824091
22198,"Diagnose and treat conditions such as chemical dependency, alcohol dependency, Acquired Immune Defic...",Neuropsychologists,19-3039,Tier1_Knowledge,30%,17790,56.53,0.0714,44824091
22204,Provide education or counseling to individuals and families....,Neuropsychologists,19-3039,Tier1_Writing,30%,17790,56.53,0.0714,44824091
12944,"Study physical principles of living cells or organisms and their electrical or mechanical energy, ap...",Biochemists and Biophysicists,19-1021,Tier1_Knowledge,30%,34520,49.83,0.0417,44723422
12945,"Produce pharmaceutically or industrially useful proteins, using recombinant DNA technology....",Biochemists and Biophysicists,19-1021,Tier1_Knowledge,30%,34520,49.83,0.0417,44723422
12939,Prepare pharmaceutical compounds for commercial distribution....,Biochemists and Biophysicists,19-1021,Tier1_Knowledge,30%,34520,49.83,0.0417,44723422
12950,Examine the molecular or chemical aspects of immune system functioning....,Biochemists and Biophysicists,19-1021,Tier1_Knowledge,30%,34520,49.83,0.0417,44723422
12940,"Research the chemical effects of substances, such as drugs, serums, hormones, or food, on tissues or...",Biochemists and Biophysicists,19-1021,Tier1_Partial,30%,34520,49.83,0.0417,44723422
12949,"Research transformations of substances in cells, using atomic isotopes....",Biochemists and Biophysicists,19-1021,Tier1_Partial,30%,34520,49.83,0.0417,44723422
12935,Study the mutations in organisms that lead to cancer or other diseases....,Biochemists and Biophysicists,19-1021,Tier1_Knowledge,30%,34520,49.83,0.0417,44723422
4270,"Demonstrate therapy techniques, such as manual or creative arts or games....",Occupational Therapy Assistants,31-2011,Tier1_Knowledge,30%,47910,32.86,0.0455,44653514
4269,Transport patients to and from the occupational therapy work area....,Occupational Therapy Assistants,31-2011,Tier1_Knowledge,30%,47910,32.86,0.0455,44653514
18699,Communicate and collaborate with other healthcare professionals involved with the care of a patient....,Occupational Therapy Assistants,31-2011,Tier1_Knowledge,30%,47910,32.86,0.0455,44653514
4260,Aid patients in dressing and grooming themselves....,Occupational Therapy Assistants,31-2011,Tier1_Knowledge,30%,47910,32.86,0.0455,44653514
7769,Instruct individuals and groups on ways to preserve health and prevent disease....,Anesthesiologists,29-1211,Tier1_Knowledge,30%,41890,30.61,0.0556,44451434
7753,"Administer anesthetic or sedation during medical procedures, using local, intravenous, spinal, or ca...",Anesthesiologists,29-1211,Tier1_Knowledge,30%,41890,30.61,0.0556,44451434
7762,"Coordinate and direct work of nurses, medical technicians, and other health care providers....",Anesthesiologists,29-1211,Tier1_Knowledge,30%,41890,30.61,0.0556,44451434
7766,"Provide medical care and consultation in many settings, prescribing medication and treatment and ref...",Anesthesiologists,29-1211,Tier1_Knowledge,30%,41890,30.61,0.0556,44451434
18266,Conduct research into the application or enhancement of remote sensing technology....,Remote Sensing Scientists and Technologists,19-2099,Tier1_Good,40%,22580,56.71,0.0417,44391076
19030,"Interpret, translate, or provide cultural mediation related to health services or information for co...",Community Health Workers,21-1094,Tier1_Good,40%,60730,24.54,0.0357,44283622
19040,Collect information from individuals to compile vital statistics about the general health of communi...,Community Health Workers,21-1094,Tier1_Good,40%,60730,24.54,0.0357,44283622
17913,"Start, adjust, or stop generating units, operating valves, gates, or auxiliary equipment in hydroele...",Hydroelectric Plant Technicians,51-8013,Tier1_Knowledge,30%,30720,47.92,0.0476,43742471
17922,"Take readings and record data, such as water levels, temperatures, or flow rates....",Hydroelectric Plant Technicians,51-8013,Tier1_Knowledge,30%,30720,47.92,0.0476,43742471
17931,Splice or terminate cables or electrical wiring in hydroelectric plants....,Hydroelectric Plant Technicians,51-8013,Tier1_Knowledge,30%,30720,47.92,0.0476,43742471
17914,Communicate status of hydroelectric operating equipment to dispatchers or supervisors....,Hydroelectric Plant Technicians,51-8013,Tier1_Writing,30%,30720,47.92,0.0476,43742471
7501,Study rangeland management practices and research range problems to provide sustained production of ...,Range Managers,19-1031,Tier1_Good,40%,25590,32.67,0.0625,43473316
13101,"Question persons to obtain evidence for cases of divorce, child custody, or missing persons or infor...",Private Detectives and Investigators,33-9021,Tier1_Writing,30%,38700,25.18,0.0714,43433342
13105,"Investigate companies' financial standings, or locate funds stolen by embezzlers, using accounting s...",Private Detectives and Investigators,33-9021,Tier1_Knowledge,30%,38700,25.18,0.0714,43433342
19699,"Test performance of vehicles that use alternative fuels, such as alcohol blends, natural gas, liquef...",Automotive Engineering Technicians,17-3027,Tier1_Knowledge,30%,37450,33.04,0.0556,42894731
16598,"Order new test equipment, supplies, or replacement parts....",Automotive Engineering Technicians,17-3027,Tier1_Knowledge,30%,37450,33.04,0.0556,42894731
16608,"Analyze test data for automotive systems, subsystems, or component parts....",Automotive Engineering Technicians,17-3027,Tier1_Knowledge,30%,37450,33.04,0.0556,42894731
19697,"Improve fuel efficiency by testing vehicles or components that use lighter materials, such as alumin...",Automotive Engineering Technicians,17-3027,Tier1_Knowledge,30%,37450,33.04,0.0556,42894731
14572,"Conduct vehicle or transportation equipment tests, using diagnostic equipment....","Transportation Vehicle, Equipment and Systems Inspectors, Except Aviation",53-6051,Tier1_Knowledge,30%,23320,41.23,0.0714,42854698
14580,"Investigate incidents or violations, such as delays, accidents, and equipment failures....","Transportation Vehicle, Equipment and Systems Inspectors, Except Aviation",53-6051,Tier1_Knowledge,30%,23320,41.23,0.0714,42854698
14569,"Inspect vehicles or other equipment for evidence of abuse, damage, or mechanical malfunction....","Transportation Vehicle, Equipment and Systems Inspectors, Except Aviation",53-6051,Tier1_Knowledge,30%,23320,41.23,0.0714,42854698
14575,Issue notices and recommend corrective actions when infractions or problems are found....,"Transportation Vehicle, Equipment and Systems Inspectors, Except Aviation",53-6051,Tier1_Knowledge,30%,23320,41.23,0.0714,42854698
14576,Investigate complaints regarding safety violations....,"Transportation Vehicle, Equipment and Systems Inspectors, Except Aviation",53-6051,Tier1_Knowledge,30%,23320,41.23,0.0714,42854698
14585,"Push dual control buttons and move controls to start, stop, or adjust machinery and equipment....",Machine Feeders and Offbearers,53-7063,Tier1_Knowledge,30%,46690,19.09,0.0769,42782981
14594,Open and close gates of belt and pneumatic conveyors on machines that are fed directly from precedin...,Machine Feeders and Offbearers,53-7063,Tier1_Knowledge,30%,46690,19.09,0.0769,42782981
14310,"Verify that incoming and outgoing products are moving through the correct meters, and that meters ar...","Petroleum Pump System Operators, Refinery Operators, and Gaugers",51-8093,Tier1_Knowledge,30%,34860,46.9,0.0417,42508284
14320,"Inspect pipelines, tightening connections and lubricating valves as necessary....","Petroleum Pump System Operators, Refinery Operators, and Gaugers",51-8093,Tier1_Knowledge,30%,34860,46.9,0.0417,42508284
14316,Synchronize activities with other pumphouses to ensure a continuous flow of products and a minimum o...,"Petroleum Pump System Operators, Refinery Operators, and Gaugers",51-8093,Tier1_Knowledge,30%,34860,46.9,0.0417,42508284
14324,Prepare calculations for receipts and deliveries of oil and oil products....,"Petroleum Pump System Operators, Refinery Operators, and Gaugers",51-8093,Tier1_Knowledge,30%,34860,46.9,0.0417,42508284
14307,Control or operate manifold and pumping systems to circulate liquids through a petroleum refinery....,"Petroleum Pump System Operators, Refinery Operators, and Gaugers",51-8093,Tier1_Knowledge,30%,34860,46.9,0.0417,42508284
14313,"Plan movement of products through lines to processing, storage, and shipping units, using knowledge ...","Petroleum Pump System Operators, Refinery Operators, and Gaugers",51-8093,Tier1_Knowledge,30%,34860,46.9,0.0417,42508284
6899,Coordinate the look and function of product lines....,Commercial and Industrial Designers,27-1021,Tier1_Knowledge,30%,30250,38.2,0.0588,42415482
6333,Provide professional consulting services to government or industry....,"English Language and Literature Teachers, Postsecondary",25-1123,Tier1_Writing,30%,59590,37.63,0.0303,42400994
6320,Advise students on academic and vocational curricula and on career issues....,"English Language and Literature Teachers, Postsecondary",25-1123,Tier1_Writing,30%,59590,37.63,0.0303,42400994
6319,"Select and obtain materials and supplies, such as textbooks....","English Language and Literature Teachers, Postsecondary",25-1123,Tier1_Knowledge,30%,59590,37.63,0.0303,42400994
6318,"Keep abreast of developments in the field by reading current literature, talking with colleagues, an...","English Language and Literature Teachers, Postsecondary",25-1123,Tier1_Knowledge,30%,59590,37.63,0.0303,42400994
6310,"Initiate, facilitate, and moderate classroom discussions....","English Language and Literature Teachers, Postsecondary",25-1123,Tier1_Knowledge,30%,59590,37.63,0.0303,42400994
6331,Act as advisers to student organizations....,"English Language and Literature Teachers, Postsecondary",25-1123,Tier1_Writing,30%,59590,37.63,0.0303,42400994
6321,"Conduct research in a particular field of knowledge and publish findings in professional journals, b...","English Language and Literature Teachers, Postsecondary",25-1123,Tier1_Partial,30%,59590,37.63,0.0303,42400994
21127,Teach writing or communication classes....,"English Language and Literature Teachers, Postsecondary",25-1123,Tier1_Knowledge,30%,59590,37.63,0.0303,42400994
12735,Transfer control of departing flights to traffic control centers and accept control of arriving flig...,Air Traffic Controllers,53-2021,Tier1_Knowledge,30%,22400,69.51,0.0435,42242738
12736,"Direct ground traffic, including taxiing aircraft, maintenance or baggage vehicles, or airport worke...",Air Traffic Controllers,53-2021,Tier1_Knowledge,30%,22400,69.51,0.0435,42242738
12738,"Maintain radio or telephone contact with adjacent control towers, terminal control units, or other a...",Air Traffic Controllers,53-2021,Tier1_Knowledge,30%,22400,69.51,0.0435,42242738
12742,"Relay air traffic information, such as courses, altitudes, or expected arrival times, to control cen...",Air Traffic Controllers,53-2021,Tier1_Knowledge,30%,22400,69.51,0.0435,42242738
23097,"Talk to children's parents or guardians about problematic behaviors, emotional or developmental prob...",School Bus Monitors,33-9094,Tier1_Knowledge,30%,72140,16.82,0.0556,42064353
23082,"Assist children with disabilities or children with psychological, emotional, or behavioral issues wi...",School Bus Monitors,33-9094,Tier1_Knowledge,30%,72140,16.82,0.0556,42064353
23085,Direct students boarding and exiting the school bus....,School Bus Monitors,33-9094,Tier1_Knowledge,30%,72140,16.82,0.0556,42064353
6292,"Compile, administer, and grade examinations, or assign this work to others....","Communications Teachers, Postsecondary",25-1122,Tier1_Good,40%,29260,37.4,0.0455,41389600
6300,Collaborate with colleagues to address teaching and research issues....,"Communications Teachers, Postsecondary",25-1122,Tier1_Good,40%,29260,37.4,0.0455,41389600
11647,Calibrate testing instruments....,"Computer, Automated Teller, and Office Machine Repairers",49-2011,Tier1_Knowledge,30%,73010,22.53,0.04,41057086
1375,Advise industries or government agencies about environmental policies and standards....,Environmental Engineers,17-2081,Tier1_Writing,30%,37950,50.08,0.0345,40894292
1389,Request bids from suppliers or consultants....,Environmental Engineers,17-2081,Tier1_Knowledge,30%,37950,50.08,0.0345,40894292
1376,Inform company employees or other interested parties of environmental issues....,Environmental Engineers,17-2081,Tier1_Writing,30%,37950,50.08,0.0345,40894292
1383,Prepare hazardous waste manifests or land disposal restriction notifications....,Environmental Engineers,17-2081,Tier1_Knowledge,30%,37950,50.08,0.0345,40894292
23987,Attend professional conferences to share information....,Environmental Engineers,17-2081,Tier1_Writing,30%,37950,50.08,0.0345,40894292
20195,"Collaborate with environmental scientists, planners, hazardous waste technicians, engineers, experts...",Environmental Engineers,17-2081,Tier1_Knowledge,30%,37950,50.08,0.0345,40894292
12328,"Control generator output to match the phase, frequency, or voltage of electricity supplied to panels...",Power Plant Operators,51-8013,Tier1_Good,40%,30720,47.92,0.0333,40826307
12321,"Control or maintain auxiliary equipment, such as pumps, fans, compressors, condensers, feedwater hea...",Power Plant Operators,51-8013,Tier1_Good,40%,30720,47.92,0.0333,40826307
5690,"Keep abreast of developments in the field by reading current literature, talking with colleagues, an...","Computer Science Teachers, Postsecondary",25-1021,Tier1_Knowledge,30%,36240,46.49,0.0385,40431295
5693,Supervise students' laboratory work....,"Computer Science Teachers, Postsecondary",25-1021,Tier1_Knowledge,30%,36240,46.49,0.0385,40431295
5703,"Conduct research in a particular field of knowledge and publish findings in professional journals, b...","Computer Science Teachers, Postsecondary",25-1021,Tier1_Partial,30%,36240,46.49,0.0385,40431295
5700,Act as advisers to student organizations....,"Computer Science Teachers, Postsecondary",25-1021,Tier1_Writing,30%,36240,46.49,0.0385,40431295
5695,"Select and obtain materials and supplies, such as textbooks and laboratory equipment....","Computer Science Teachers, Postsecondary",25-1021,Tier1_Knowledge,30%,36240,46.49,0.0385,40431295
5691,"Initiate, facilitate, and moderate classroom discussions....","Computer Science Teachers, Postsecondary",25-1021,Tier1_Knowledge,30%,36240,46.49,0.0385,40431295
5705,Provide professional consulting services to government or industry....,"Computer Science Teachers, Postsecondary",25-1021,Tier1_Writing,30%,36240,46.49,0.0385,40431295
5696,Advise students on academic and vocational curricula and on career issues....,"Computer Science Teachers, Postsecondary",25-1021,Tier1_Writing,30%,36240,46.49,0.0385,40431295
7074,Confer with others to gather information regarding pipe or tool sizes or borehole conditions in well...,"Service Unit Operators, Oil and Gas",47-5013,Tier1_Partial,30%,44120,27.88,0.0526,40397944
7080,Operate controls that raise derricks or level rigs....,"Service Unit Operators, Oil and Gas",47-5013,Tier1_Knowledge,30%,44120,27.88,0.0526,40397944
12365,"Inspect machines or equipment for hazards, operating efficiency, malfunctions, wear, or leaks....","Separating, Filtering, Clarifying, Precipitating, and Still Machine Setters, Operators, and Tenders",51-9012,Tier1_Knowledge,30%,54200,23.8,0.05,40246752
12369,"Remove clogs, defects, or impurities from machines, tanks, conveyors, screens, or other processing e...","Separating, Filtering, Clarifying, Precipitating, and Still Machine Setters, Operators, and Tenders",51-9012,Tier1_Knowledge,30%,54200,23.8,0.05,40246752
12363,"Measure or weigh materials to be refined, mixed, transferred, stored, or otherwise processed....","Separating, Filtering, Clarifying, Precipitating, and Still Machine Setters, Operators, and Tenders",51-9012,Tier1_Knowledge,30%,54200,23.8,0.05,40246752
12368,Communicate processing instructions to other workers....,"Separating, Filtering, Clarifying, Precipitating, and Still Machine Setters, Operators, and Tenders",51-9012,Tier1_Knowledge,30%,54200,23.8,0.05,40246752
7617,Prepare written opinions and decisions....,"Administrative Law Judges, Adjudicators, and Hearing Officers",23-1021,Tier1_Knowledge,30%,16230,55.4,0.0714,40076043
7620,Confer with individuals or organizations involved in cases to obtain relevant information....,"Administrative Law Judges, Adjudicators, and Hearing Officers",23-1021,Tier1_Writing,30%,16230,55.4,0.0714,40076043
7621,"Recommend the acceptance or rejection of claims or compromise settlements according to laws, regulat...","Administrative Law Judges, Adjudicators, and Hearing Officers",23-1021,Tier1_Knowledge,30%,16230,55.4,0.0714,40076043
7626,"Rule on exceptions, motions, and admissibility of evidence....","Administrative Law Judges, Adjudicators, and Hearing Officers",23-1021,Tier1_Knowledge,30%,16230,55.4,0.0714,40076043
7629,Conduct studies of appeals procedures in field agencies to ensure adherence to legal requirements an...,"Administrative Law Judges, Adjudicators, and Hearing Officers",23-1021,Tier1_Knowledge,30%,16230,55.4,0.0714,40076043
17016,Adapt instructional techniques to the age and skill levels of students....,Adapted Physical Education Specialists,25-2059,Tier1_Knowledge,30%,39350,32.42,0.05,39800558
17007,Prepare lesson plans in accordance with individualized education plans (IEPs) and the functional abi...,Adapted Physical Education Specialists,25-2059,Tier1_Knowledge,30%,39350,32.42,0.05,39800558
17014,Assess students' physical progress or needs....,Adapted Physical Education Specialists,25-2059,Tier1_Knowledge,30%,39350,32.42,0.05,39800558
17005,Provide students positive feedback to encourage them and help them develop an appreciation for physi...,Adapted Physical Education Specialists,25-2059,Tier1_Knowledge,30%,39350,32.42,0.05,39800558
17006,Provide individual or small groups of students with adapted physical education instruction that meet...,Adapted Physical Education Specialists,25-2059,Tier1_Knowledge,30%,39350,32.42,0.05,39800558
17018,"Instruct students, using adapted physical education techniques, to improve physical fitness, gross m...",Adapted Physical Education Specialists,25-2059,Tier1_Knowledge,30%,39350,32.42,0.05,39800558
17015,Advise education professionals of students' physical abilities or disabilities and the accommodation...,Adapted Physical Education Specialists,25-2059,Tier1_Writing,30%,39350,32.42,0.05,39800558
4002,"Control the lights and sound of events, such as live concerts, before and after performances, and du...",Audio and Video Technicians,27-4011,Tier1_Knowledge,30%,70080,26.36,0.0345,39748989
3993,Direct and coordinate activities of assistants and other personnel during production....,Audio and Video Technicians,27-4011,Tier1_Knowledge,30%,70080,26.36,0.0345,39748989
7857,"Educate the public about the benefits of foot care through techniques such as speaking engagements, ...",Podiatrists,29-1081,Tier1_Knowledge,30%,9520,73.46,0.0909,39671606
7856,"Perform administrative duties, such as hiring employees, ordering supplies, or keeping records....",Podiatrists,29-1081,Tier1_Knowledge,30%,9520,73.46,0.0909,39671606
7852,Advise patients about treatments and foot care techniques necessary for prevention of future problem...,Podiatrists,29-1081,Tier1_Knowledge,30%,9520,73.46,0.0909,39671606
1831,Counsel outpatients or other patients during office visits....,Psychiatrists,29-1223,Tier1_Knowledge,30%,24800,30.61,0.0833,39474656
1838,Serve on committees to promote or maintain community mental health services or delivery systems....,Psychiatrists,29-1223,Tier1_Knowledge,30%,24800,30.61,0.0833,39474656
1835,Review and evaluate treatment procedures and outcomes of other psychiatrists or medical professional...,Psychiatrists,29-1223,Tier1_Knowledge,30%,24800,30.61,0.0833,39474656
1834,"Advise or inform guardians, relatives, or significant others of patients' conditions or treatment....",Psychiatrists,29-1223,Tier1_Knowledge,30%,24800,30.61,0.0833,39474656
1828,"Prescribe, direct, or administer psychotherapeutic treatments or medications to treat mental, emotio...",Psychiatrists,29-1223,Tier1_Knowledge,30%,24800,30.61,0.0833,39474656
4455,"Apply rule variations to card games such as poker, in which players bet on the value of their hands....",Gambling Dealers,39-3011,Tier1_Knowledge,30%,82980,16.0,0.0476,39451063
4464,Train new dealers....,Gambling Dealers,39-3011,Tier1_Knowledge,30%,82980,16.0,0.0476,39451063
21151,Greet customers and make them feel welcome....,Gambling Dealers,39-3011,Tier1_Knowledge,30%,82980,16.0,0.0476,39451063
4460,Participate in games for gambling establishments to provide the minimum complement of players at a t...,Gambling Dealers,39-3011,Tier1_Knowledge,30%,82980,16.0,0.0476,39451063
4448,"Conduct gambling games, such as dice, roulette, cards, or keno, following all applicable rules and r...",Gambling Dealers,39-3011,Tier1_Knowledge,30%,82980,16.0,0.0476,39451063
4452,"Start and control games and gaming equipment, and announce winning numbers or colors....",Gambling Dealers,39-3011,Tier1_Knowledge,30%,82980,16.0,0.0476,39451063
21106,Explain economic impact of policies to the public....,Economists,19-3011,Tier1_Knowledge,30%,15880,55.5,0.0714,39282583
7537,"Provide advice and consultation on economic relationships to businesses, public and private agencies...",Economists,19-3011,Tier1_Writing,30%,15880,55.5,0.0714,39282583
7544,"Teach theories, principles, and methods of economics....",Economists,19-3011,Tier1_Knowledge,30%,15880,55.5,0.0714,39282583
9934,"Test and troubleshoot instruments, components, and assemblies, using circuit testers, oscilloscopes,...",Avionics Technicians,49-2091,Tier1_Knowledge,30%,20900,39.13,0.0769,39255216
9942,Fabricate parts and test aids as required....,Avionics Technicians,49-2091,Tier1_Knowledge,30%,20900,39.13,0.0769,39255216
9936,"Coordinate work with that of engineers, technicians, and other aircraft maintenance personnel....",Avionics Technicians,49-2091,Tier1_Knowledge,30%,20900,39.13,0.0769,39255216
9937,Interpret flight test data to diagnose malfunctions and systemic performance problems....,Avionics Technicians,49-2091,Tier1_Knowledge,30%,20900,39.13,0.0769,39255216
3280,Negotiate bargaining agreements....,Compensation and Benefits Managers,11-3111,Tier1_Writing,30%,20070,67.48,0.0455,38413542
3266,"Advise management on such matters as equal employment opportunity, sexual harassment, and discrimina...",Compensation and Benefits Managers,11-3111,Tier1_Knowledge,30%,20070,67.48,0.0455,38413542
22728,Refer patients to specialists or other practitioners....,Emergency Medicine Physicians,29-1214,Tier1_Knowledge,30%,33680,30.61,0.0588,37841739
22726,Perform emergency resuscitations on patients....,Emergency Medicine Physicians,29-1214,Tier1_Knowledge,30%,33680,30.61,0.0588,37841739
22731,Stabilize patients in critical condition....,Emergency Medicine Physicians,29-1214,Tier1_Knowledge,30%,33680,30.61,0.0588,37841739
22720,"Consult with hospitalists and other professionals, such as social workers, regarding patients' hospi...",Emergency Medicine Physicians,29-1214,Tier1_Knowledge,30%,33680,30.61,0.0588,37841739
22718,Communicate likely outcomes of medical diseases or traumatic conditions to patients or their represe...,Emergency Medicine Physicians,29-1214,Tier1_Knowledge,30%,33680,30.61,0.0588,37841739
22721,"Direct and coordinate activities of nurses, assistants, specialists, residents, and other medical st...",Emergency Medicine Physicians,29-1214,Tier1_Knowledge,30%,33680,30.61,0.0588,37841739
11384,"Communicate with customers and vendors to exchange information regarding products, materials, and se...","Weighers, Measurers, Checkers, and Samplers, Recordkeeping",43-5111,Tier1_Knowledge,30%,49720,21.95,0.0556,37833605
21861,Conduct research to evaluate safety levels for products....,"Health and Safety Engineers, Except Mining Safety Engineers and Inspectors",17-2111,Tier1_Good,40%,23220,52.72,0.037,37722214
21879,Plan and conduct industrial hygiene research....,"Health and Safety Engineers, Except Mining Safety Engineers and Inspectors",17-2111,Tier1_Good,40%,23220,52.72,0.037,37722214
6236,Provide professional consulting services to government or industry....,"Law Teachers, Postsecondary",25-1112,Tier1_Writing,30%,22800,60.89,0.0435,37664609
6223,"Conduct research in a particular field of knowledge and publish findings in professional journals, b...","Law Teachers, Postsecondary",25-1112,Tier1_Partial,30%,22800,60.89,0.0435,37664609
6218,"Initiate, facilitate, and moderate classroom discussions....","Law Teachers, Postsecondary",25-1112,Tier1_Knowledge,30%,22800,60.89,0.0435,37664609
6226,"Select and obtain materials and supplies, such as textbooks....","Law Teachers, Postsecondary",25-1112,Tier1_Knowledge,30%,22800,60.89,0.0435,37664609
6234,Act as advisers to student organizations....,"Law Teachers, Postsecondary",25-1112,Tier1_Writing,30%,22800,60.89,0.0435,37664609
6224,Advise students on academic and vocational curricula and on career issues....,"Law Teachers, Postsecondary",25-1112,Tier1_Writing,30%,22800,60.89,0.0435,37664609
6235,Assign cases for students to hear and try....,"Law Teachers, Postsecondary",25-1112,Tier1_Knowledge,30%,22800,60.89,0.0435,37664609
6220,"Keep abreast of developments in the field by reading current literature, talking with colleagues, an...","Law Teachers, Postsecondary",25-1112,Tier1_Knowledge,30%,22800,60.89,0.0435,37664609
5381,Keep abreast of developments and changes in the nuclear field by reading technical journals or by in...,Nuclear Engineers,17-2161,Tier1_Good,40%,14740,61.31,0.05,37594311
11574,Participate in additional training to keep skills up to date....,Elevator and Escalator Installers and Repairers,47-4021,Tier1_Knowledge,30%,23340,51.24,0.05,37313378
11568,Connect electrical wiring to control panels and electric motors....,Elevator and Escalator Installers and Repairers,47-4021,Tier1_Knowledge,30%,23340,51.24,0.05,37313378
11569,"Adjust safety controls, counterweights, door mechanisms, and components such as valves, ratchets, se...",Elevator and Escalator Installers and Repairers,47-4021,Tier1_Knowledge,30%,23340,51.24,0.05,37313378
11575,Attach guide shoes and rollers to minimize the lateral motion of cars as they travel through shafts....,Elevator and Escalator Installers and Repairers,47-4021,Tier1_Knowledge,30%,23340,51.24,0.05,37313378
3680,"Study growth, structure, development, and general characteristics of bacteria and other microorganis...",Microbiologists,19-1022,Tier1_Knowledge,30%,19760,41.98,0.0714,36973105
3682,"Study the structure and function of human, animal, and plant tissues, cells, pathogens, and toxins....",Microbiologists,19-1022,Tier1_Knowledge,30%,19760,41.98,0.0714,36973105
9802,"Inspect equipment for safety prior to use, and perform necessary basic maintenance tasks....",Logging Equipment Operators,45-4022,Tier1_Knowledge,30%,22520,23.66,0.1111,36942409
16242,Teach graduate or continuing education courses or seminars in biostatistics....,Biostatisticians,15-2041,Tier1_Knowledge,30%,29800,49.66,0.04,36937505
16915,"Conduct research on economic and environmental topics, such as alternative fuel use, public and priv...",Environmental Economists,19-3011,Tier1_Good,40%,15880,55.5,0.05,36663744
4536,Arrange for interpreters or translators when patrons require such services....,Concierges,39-6012,Tier1_Good,40%,44200,17.94,0.0556,36651819
4732,Duplicate records for distribution to branch offices....,New Accounts Clerks,43-4141,Tier1_Knowledge,30%,38030,22.41,0.0667,35453696
4733,"Issue initial and replacement safe-deposit keys to customers, and admit customers to vaults....",New Accounts Clerks,43-4141,Tier1_Knowledge,30%,38030,22.41,0.0667,35453696
4724,Refer customers to appropriate bank personnel to meet their financial needs....,New Accounts Clerks,43-4141,Tier1_Knowledge,30%,38030,22.41,0.0667,35453696
20143,Control traffic....,"Paving, Surfacing, and Tamping Equipment Operators",47-2071,Tier1_Knowledge,30%,45680,24.83,0.05,35388113
4806,"Light burners or start heating units of machines, and regulate screed temperatures and asphalt flow ...","Paving, Surfacing, and Tamping Equipment Operators",47-2071,Tier1_Knowledge,30%,45680,24.83,0.05,35388113
4801,Set up and tear down equipment....,"Paving, Surfacing, and Tamping Equipment Operators",47-2071,Tier1_Knowledge,30%,45680,24.83,0.05,35388113
4800,Coordinate truck dumping....,"Paving, Surfacing, and Tamping Equipment Operators",47-2071,Tier1_Knowledge,30%,45680,24.83,0.05,35388113
4805,"Observe distribution of paving material to adjust machine settings or material flow, and indicate lo...","Paving, Surfacing, and Tamping Equipment Operators",47-2071,Tier1_Knowledge,30%,45680,24.83,0.05,35388113
4807,Control paving machines to push dump trucks and to maintain a constant flow of asphalt or other mate...,"Paving, Surfacing, and Tamping Equipment Operators",47-2071,Tier1_Knowledge,30%,45680,24.83,0.05,35388113
23857,Notify workers of any special treatment required for shipments....,Transportation Inspectors,53-6051,Tier1_Writing,30%,23320,41.23,0.0588,35292104
23852,"Record details about freight conditions, handling of freight, and any problems encountered....",Transportation Inspectors,53-6051,Tier1_Knowledge,30%,23320,41.23,0.0588,35292104
23853,Advise crews in techniques of stowing dangerous and heavy cargo....,Transportation Inspectors,53-6051,Tier1_Writing,30%,23320,41.23,0.0588,35292104
23870,Visually inspect cargo for damage upon arrival or discharge....,Transportation Inspectors,53-6051,Tier1_Knowledge,30%,23320,41.23,0.0588,35292104
9020,Teach in colleges and universities....,Materials Engineers,17-2131,Tier1_Knowledge,30%,22770,52.07,0.0476,35230264
21167,Present technical information at conferences....,Materials Engineers,17-2131,Tier1_Writing,30%,22770,52.07,0.0476,35230264
1111,Manage and maintain temporary or permanent lodging facilities....,Lodging Managers,11-9081,Tier1_Knowledge,30%,41350,32.76,0.0417,35220276
18600,Collect payments and record data pertaining to funds and expenditures....,Lodging Managers,11-9081,Tier1_Knowledge,30%,41350,32.76,0.0417,35220276
1118,Interview and hire applicants....,Lodging Managers,11-9081,Tier1_Writing,30%,41350,32.76,0.0417,35220276
1117,Prepare required paperwork pertaining to departmental functions....,Lodging Managers,11-9081,Tier1_Knowledge,30%,41350,32.76,0.0417,35220276
1114,"Show, rent, or assign accommodations....",Lodging Managers,11-9081,Tier1_Knowledge,30%,41350,32.76,0.0417,35220276
1126,Book tickets for guests for local tours and attractions....,Lodging Managers,11-9081,Tier1_Knowledge,30%,41350,32.76,0.0417,35220276
1105,"Answer inquiries pertaining to hotel policies and services, and resolve occupants' complaints....",Lodging Managers,11-9081,Tier1_Knowledge,30%,41350,32.76,0.0417,35220276
1109,Confer and cooperate with other managers to ensure coordination of hotel activities....,Lodging Managers,11-9081,Tier1_Knowledge,30%,41350,32.76,0.0417,35220276
13204,Train demonstrators to present a company's products or services....,Demonstrators and Product Promoters,41-9011,Tier1_Knowledge,30%,64770,18.25,0.0476,35123846
13207,Recommend product or service improvements to employers....,Demonstrators and Product Promoters,41-9011,Tier1_Knowledge,30%,64770,18.25,0.0476,35123846
13194,Sell products being promoted and keep records of sales....,Demonstrators and Product Promoters,41-9011,Tier1_Knowledge,30%,64770,18.25,0.0476,35123846
13196,Suggest specific product purchases to meet customers' needs....,Demonstrators and Product Promoters,41-9011,Tier1_Knowledge,30%,64770,18.25,0.0476,35123846
13191,"Provide product samples, coupons, informational brochures, or other incentives to persuade people to...",Demonstrators and Product Promoters,41-9011,Tier1_Writing,30%,64770,18.25,0.0476,35123846
22596,Direct bands or orchestras....,Musicians and Singers,27-2042,Tier1_Knowledge,30%,38350,42.45,0.0345,35029154
22581,"Play musical instruments as soloists, or as members or guest artists of musical groups such as orche...",Musicians and Singers,27-2042,Tier1_Knowledge,30%,38350,42.45,0.0345,35029154
22586,Teach music for specific instruments....,Musicians and Singers,27-2042,Tier1_Knowledge,30%,38350,42.45,0.0345,35029154
22598,Arrange and edit music to fit style and purpose....,Musicians and Singers,27-2042,Tier1_Knowledge,30%,38350,42.45,0.0345,35029154
22591,Promote their own or their group's music by participating in media interviews and other activities....,Musicians and Singers,27-2042,Tier1_Writing,30%,38350,42.45,0.0345,35029154
22578,Sing as a soloist or as a member of a vocal group....,Musicians and Singers,27-2042,Tier1_Knowledge,30%,38350,42.45,0.0345,35029154
22603,"Practice performances, individually or in rehearsal with other musicians, to master individual piece...",Musicians and Singers,27-2042,Tier1_Knowledge,30%,38350,42.45,0.0345,35029154
22588,"Audition for orchestras, bands, or other musical groups....",Musicians and Singers,27-2042,Tier1_Knowledge,30%,38350,42.45,0.0345,35029154
22593,"Research particular roles to find out more about a character, or the time and place in which a piece...",Musicians and Singers,27-2042,Tier1_Partial,30%,38350,42.45,0.0345,35029154
22600,"Collaborate with a manager or agent who handles administrative details, finds work, and negotiates c...",Musicians and Singers,27-2042,Tier1_Knowledge,30%,38350,42.45,0.0345,35029154
20797,Prepare hazardous material for removal or storage....,Hazardous Materials Removal Workers,47-4041,Tier1_Knowledge,30%,50570,23.31,0.0476,35026805
19870,Identify or separate waste products or materials for recycling or reuse....,Hazardous Materials Removal Workers,47-4041,Tier1_Knowledge,30%,50570,23.31,0.0476,35026805
11585,"Record numbers of containers stored at disposal sites, specifying amounts or types of equipment or w...",Hazardous Materials Removal Workers,47-4041,Tier1_Knowledge,30%,50570,23.31,0.0476,35026805
3590,Assign work to staff to obtain maximum utilization of personnel....,Petroleum Engineers,17-2171,Tier1_Knowledge,30%,18970,67.92,0.0435,34956003
3597,"Take samples to assess the amount and quality of oil, the depth at which resources lie, and the equi...",Petroleum Engineers,17-2171,Tier1_Knowledge,30%,18970,67.92,0.0435,34956003
22211,"Diagnose and treat conditions involving injury to the central nervous system, such as cerebrovascula...",Clinical Neuropsychologists,19-3039,Tier1_Knowledge,30%,17790,56.53,0.0556,34863182
22219,Interview patients to obtain comprehensive medical histories....,Clinical Neuropsychologists,19-3039,Tier1_Knowledge,30%,17790,56.53,0.0556,34863182
22221,Provide education or counseling to individuals and families....,Clinical Neuropsychologists,19-3039,Tier1_Writing,30%,17790,56.53,0.0556,34863182
22214,"Diagnose and treat psychiatric populations for conditions such as somatoform disorder, dementias, an...",Clinical Neuropsychologists,19-3039,Tier1_Knowledge,30%,17790,56.53,0.0556,34863182
22215,"Distinguish between psychogenic and neurogenic syndromes, two or more suspected etiologies of cerebr...",Clinical Neuropsychologists,19-3039,Tier1_Knowledge,30%,17790,56.53,0.0556,34863182
12969,"Track research participants, and perform any necessary follow-up tasks....",Social Science Research Assistants,19-4061,Tier1_Good,40%,32940,27.9,0.0455,34755892
10050,"Set up face blocks, jigs, and fixtures....",Structural Metal Fabricators and Fitters,51-2041,Tier1_Knowledge,30%,53380,23.99,0.0435,34742860
6070,Supervise students' laboratory work....,"Psychology Teachers, Postsecondary",25-1066,Tier1_Knowledge,30%,41610,38.62,0.0345,34577910
6065,"Select and obtain materials and supplies, such as textbooks....","Psychology Teachers, Postsecondary",25-1066,Tier1_Knowledge,30%,41610,38.62,0.0345,34577910
6055,"Initiate, facilitate, and moderate classroom discussions....","Psychology Teachers, Postsecondary",25-1066,Tier1_Knowledge,30%,41610,38.62,0.0345,34577910
20082,Supervise the clinical work of practicum students....,"Psychology Teachers, Postsecondary",25-1066,Tier1_Knowledge,30%,41610,38.62,0.0345,34577910
6064,Advise students on academic and vocational curricula and on career issues....,"Psychology Teachers, Postsecondary",25-1066,Tier1_Writing,30%,41610,38.62,0.0345,34577910
6072,Act as advisers to student organizations....,"Psychology Teachers, Postsecondary",25-1066,Tier1_Writing,30%,41610,38.62,0.0345,34577910
6075,Provide professional consulting services to government or industry....,"Psychology Teachers, Postsecondary",25-1066,Tier1_Writing,30%,41610,38.62,0.0345,34577910
6063,"Conduct research in a particular field of knowledge and publish findings in professional journals, b...","Psychology Teachers, Postsecondary",25-1066,Tier1_Partial,30%,41610,38.62,0.0345,34577910
6057,"Keep abreast of developments in the field by reading current literature, talking with colleagues, an...","Psychology Teachers, Postsecondary",25-1066,Tier1_Knowledge,30%,41610,38.62,0.0345,34577910
3054,"Level bedplate and establish centerline, using straightedge, levels, and transit....",Millwrights,49-9044,Tier1_Knowledge,30%,40660,31.33,0.0435,34560859
4860,"Requisition tools and equipment, select type and size of pipe, and collect and transport materials a...","Helpers--Pipelayers, Plumbers, Pipefitters, and Steamfitters",47-3015,Tier1_Knowledge,30%,43640,18.88,0.0667,34275205
11235,"Plant grass with seed spreaders, and operate straw blowers to cover seeded areas with mixtures of as...","Pesticide Handlers, Sprayers, and Applicators, Vegetation",37-3012,Tier1_Knowledge,30%,25200,21.73,0.1,34169990
15345,Notify supervisors or other appropriate personnel when security breaches occur....,Transportation Security Screeners,33-9093,Tier1_Writing,30%,46340,30.46,0.0385,33876394
15339,Inform other screeners when baggage should not be opened because it might contain explosives....,Transportation Security Screeners,33-9093,Tier1_Writing,30%,46340,30.46,0.0385,33876394
15338,Direct passengers to areas where they can pick up their baggage after screening is complete....,Transportation Security Screeners,33-9093,Tier1_Knowledge,30%,46340,30.46,0.0385,33876394
15340,"Inform passengers of how to mail prohibited items to themselves, or confiscate these items....",Transportation Security Screeners,33-9093,Tier1_Writing,30%,46340,30.46,0.0385,33876394
15335,Contact leads or supervisors to discuss objects of concern that are not on prohibited object lists....,Transportation Security Screeners,33-9093,Tier1_Knowledge,30%,46340,30.46,0.0385,33876394
15336,"Contact police directly in cases of urgent security issues, using phones or two-way radios....",Transportation Security Screeners,33-9093,Tier1_Knowledge,30%,46340,30.46,0.0385,33876394
15350,"Test baggage for any explosive materials, using equipment such as explosive detection machines or ch...",Transportation Security Screeners,33-9093,Tier1_Knowledge,30%,46340,30.46,0.0385,33876394
15337,Decide whether baggage that triggers alarms should be searched or should be allowed to pass through....,Transportation Security Screeners,33-9093,Tier1_Knowledge,30%,46340,30.46,0.0385,33876394
15355,Patrol work areas to detect any suspicious items....,Transportation Security Screeners,33-9093,Tier1_Knowledge,30%,46340,30.46,0.0385,33876394
12786,Receive written or oral instructions regarding material movement or excavation....,"Excavating and Loading Machine and Dragline Operators, Surface Mining",47-5022,Tier1_Knowledge,30%,34210,25.26,0.0625,33701639
12785,"Measure and verify levels of rock or gravel, bases, or other excavated material....","Excavating and Loading Machine and Dragline Operators, Surface Mining",47-5022,Tier1_Knowledge,30%,34210,25.26,0.0625,33701639
12790,"Direct ground workers engaged in activities such as moving stakes or markers, or changing positions ...","Excavating and Loading Machine and Dragline Operators, Surface Mining",47-5022,Tier1_Knowledge,30%,34210,25.26,0.0625,33701639
12789,"Perform manual labor to prepare or finish sites, such as shoveling materials by hand....","Excavating and Loading Machine and Dragline Operators, Surface Mining",47-5022,Tier1_Knowledge,30%,34210,25.26,0.0625,33701639
22629,Arrange interviews with people who can provide information about a story....,"News Analysts, Reporters, and Journalists",27-3023,Tier1_Good,40%,41550,28.98,0.0333,33394234
22630,"Gather information and develop perspectives about news subjects through research, interviews, observ...","News Analysts, Reporters, and Journalists",27-3023,Tier1_Good,40%,41550,28.98,0.0333,33394234
18275,Recommend new remote sensing hardware or software acquisitions....,Remote Sensing Scientists and Technologists,19-2099,Tier1_Knowledge,30%,22580,56.71,0.0417,33293307
18269,Develop new analytical techniques or sensor systems....,Remote Sensing Scientists and Technologists,19-2099,Tier1_Knowledge,30%,22580,56.71,0.0417,33293307
18264,"Collect supporting data, such as climatic or field survey data, to corroborate remote sensing data a...",Remote Sensing Scientists and Technologists,19-2099,Tier1_Knowledge,30%,22580,56.71,0.0417,33293307
18265,Compile and format image data to increase its usefulness....,Remote Sensing Scientists and Technologists,19-2099,Tier1_Partial,30%,22580,56.71,0.0417,33293307
19017,"Advise clients or community groups on issues related to improving general health, such as diet or ex...",Community Health Workers,21-1094,Tier1_Knowledge,30%,60730,24.54,0.0357,33212716
19038,"Teach classes or otherwise disseminate medical or dental health information to school groups, commun...",Community Health Workers,21-1094,Tier1_Knowledge,30%,60730,24.54,0.0357,33212716
19036,Refer community members to needed health services....,Community Health Workers,21-1094,Tier1_Knowledge,30%,60730,24.54,0.0357,33212716
19015,Administer immunizations or other basic preventive treatments....,Community Health Workers,21-1094,Tier1_Knowledge,30%,60730,24.54,0.0357,33212716
19029,Identify the particular health care needs of individuals in a community or target area....,Community Health Workers,21-1094,Tier1_Knowledge,30%,60730,24.54,0.0357,33212716
19041,"Develop plans or formal contracts for individuals, families, or community groups to improve overall ...",Community Health Workers,21-1094,Tier1_Knowledge,30%,60730,24.54,0.0357,33212716
11790,"Connect hoses from provers to meter inlets and outlets, and raise prover bells until prover gauges r...","Control and Valve Installers and Repairers, Except Mechanical Door",49-9012,Tier1_Knowledge,30%,46920,35.91,0.0312,32855495
11774,Turn meters on or off to establish or close service....,"Control and Valve Installers and Repairers, Except Mechanical Door",49-9012,Tier1_Knowledge,30%,46920,35.91,0.0312,32855495
11783,"Test valves and regulators for leaks and accurate temperature and pressure settings, using precision...","Control and Valve Installers and Repairers, Except Mechanical Door",49-9012,Tier1_Knowledge,30%,46920,35.91,0.0312,32855495
11793,Investigate instances of illegal tapping into service lines....,"Control and Valve Installers and Repairers, Except Mechanical Door",49-9012,Tier1_Knowledge,30%,46920,35.91,0.0312,32855495
11797,Vary air pressure flowing into regulators and turn handles to assess functioning of valves and pisto...,"Control and Valve Installers and Repairers, Except Mechanical Door",49-9012,Tier1_Knowledge,30%,46920,35.91,0.0312,32855495
7498,"Maintain soil stability and vegetation for non-grazing uses, such as wildlife habitats and outdoor r...",Range Managers,19-1031,Tier1_Knowledge,30%,25590,32.67,0.0625,32604987
7500,"Manage forage resources through fire, herbicide use, or revegetation to maintain a sustainable yield...",Range Managers,19-1031,Tier1_Knowledge,30%,25590,32.67,0.0625,32604987
7511,"Develop new and improved instruments and techniques for activities, such as range reseeding....",Range Managers,19-1031,Tier1_Knowledge,30%,25590,32.67,0.0625,32604987
21170,Coordinate with federal land managers and other agencies and organizations to manage and protect ran...,Range Managers,19-1031,Tier1_Knowledge,30%,25590,32.67,0.0625,32604987
7504,"Tailor conservation plans to landowners' goals, such as livestock support, wildlife, or recreation....",Range Managers,19-1031,Tier1_Knowledge,30%,25590,32.67,0.0625,32604987
7502,"Offer advice to rangeland users on water management, forage production methods, and control of brush...",Range Managers,19-1031,Tier1_Knowledge,30%,25590,32.67,0.0625,32604987
7507,Plan and implement revegetation of disturbed sites....,Range Managers,19-1031,Tier1_Knowledge,30%,25590,32.67,0.0625,32604987
2052,Operate cash register to process cash or credit sales....,Pharmacy Aides,31-9095,Tier1_Knowledge,30%,41100,17.79,0.0714,32589247
2048,Greet customers and help them locate merchandise....,Pharmacy Aides,31-9095,Tier1_Knowledge,30%,41100,17.79,0.0714,32589247
6995,Accompany and supervise students during meals....,Residential Advisors,39-9041,Tier1_Knowledge,30%,82810,18.84,0.0333,32450920
6990,Supervise the activities of housekeeping personnel....,Residential Advisors,39-9041,Tier1_Knowledge,30%,82810,18.84,0.0333,32450920
6981,Hold regular meetings with each assigned unit....,Residential Advisors,39-9041,Tier1_Knowledge,30%,82810,18.84,0.0333,32450920
6983,Assign rooms to students....,Residential Advisors,39-9041,Tier1_Knowledge,30%,82810,18.84,0.0333,32450920
6992,Supervise students' housekeeping work to ensure that it is done properly....,Residential Advisors,39-9041,Tier1_Knowledge,30%,82810,18.84,0.0333,32450920
6974,Communicate with other staff to resolve problems with individual students....,Residential Advisors,39-9041,Tier1_Knowledge,30%,82810,18.84,0.0333,32450920
6985,Confer with medical personnel to better understand the backgrounds and needs of individual residents...,Residential Advisors,39-9041,Tier1_Writing,30%,82810,18.84,0.0333,32450920
6984,Provide requested information on students' progress and the development of case plans....,Residential Advisors,39-9041,Tier1_Knowledge,30%,82810,18.84,0.0333,32450920
6976,Make regular rounds to ensure that residents and areas are safe and secure....,Residential Advisors,39-9041,Tier1_Knowledge,30%,82810,18.84,0.0333,32450920
6975,"Counsel students in the handling of issues such as family, financial, and educational problems....",Residential Advisors,39-9041,Tier1_Writing,30%,82810,18.84,0.0333,32450920
9415,"Distinguish between homonyms and recognize inconsistencies and mistakes in medical terms, referring ...",Medical Transcriptionists,31-9094,Tier1_Knowledge,30%,43070,18.05,0.0667,32340402
9420,"Perform data entry and data retrieval services, providing data for inclusion in medical records and ...",Medical Transcriptionists,31-9094,Tier1_Knowledge,30%,43070,18.05,0.0667,32340402
9427,Receive and screen telephone calls and visitors....,Medical Transcriptionists,31-9094,Tier1_Knowledge,30%,43070,18.05,0.0667,32340402
13896,"Control movement of heavy equipment through narrow openings or confined spaces, using chainfalls, gi...",Riggers,49-9096,Tier1_Knowledge,30%,24190,29.84,0.0714,32172976
13901,"Attach pulleys and blocks to fixed overhead structures, such as beams, ceilings, and gin pole booms,...",Riggers,49-9096,Tier1_Knowledge,30%,24190,29.84,0.0714,32172976
13902,Dismantle and store rigging equipment after use....,Riggers,49-9096,Tier1_Knowledge,30%,24190,29.84,0.0714,32172976
7660,"Perform original and stock tricks of illusion to entertain and mystify audiences, occasionally inclu...",Actors,27-2011,Tier1_Knowledge,30%,38800,23.33,0.0556,31380405
7648,Attend auditions and casting calls to audition for roles....,Actors,27-2011,Tier1_Knowledge,30%,38800,23.33,0.0556,31380405
7659,"Dress in comical clown costumes and makeup, and perform comedy routines to entertain audiences....",Actors,27-2011,Tier1_Knowledge,30%,38800,23.33,0.0556,31380405
7655,"Prepare and perform action stunts for motion picture, television, or stage productions....",Actors,27-2011,Tier1_Knowledge,30%,38800,23.33,0.0556,31380405
7653,Promote productions using means such as interviews about plays or movies....,Actors,27-2011,Tier1_Writing,30%,38800,23.33,0.0556,31380405
7650,"Work with other crew members responsible for lighting, costumes, make-up, and props....",Actors,27-2011,Tier1_Knowledge,30%,38800,23.33,0.0556,31380405
7644,"Work closely with directors, other actors, and playwrights to find the interpretation most suited to...",Actors,27-2011,Tier1_Knowledge,30%,38800,23.33,0.0556,31380405
1550,"Collect samples of gases, soils, water, industrial wastewater, or asbestos products to conduct tests...","Environmental Science and Protection Technicians, Including Health",19-4042,Tier1_Good,40%,39390,23.79,0.04,31186292
8972,"Research new materials to be used for products, such as implanted artificial organs....",Bioengineers and Biomedical Engineers,17-2031,Tier1_Good,40%,21860,51.42,0.0333,31173409
8975,"Conduct research, along with life scientists, chemists, and medical scientists, on the engineering a...",Bioengineers and Biomedical Engineers,17-2031,Tier1_Good,40%,21860,51.42,0.0333,31173409
6290,"Initiate, facilitate, and moderate classroom discussions....","Communications Teachers, Postsecondary",25-1122,Tier1_Knowledge,30%,29260,37.4,0.0455,31042200
6297,Advise students on academic and vocational curricula and on career issues....,"Communications Teachers, Postsecondary",25-1122,Tier1_Writing,30%,29260,37.4,0.0455,31042200
6299,"Select and obtain materials and supplies, such as textbooks....","Communications Teachers, Postsecondary",25-1122,Tier1_Knowledge,30%,29260,37.4,0.0455,31042200
6309,Provide professional consulting services to government or industry....,"Communications Teachers, Postsecondary",25-1122,Tier1_Writing,30%,29260,37.4,0.0455,31042200
6301,"Conduct research in a particular field of knowledge and publish findings in professional journals, b...","Communications Teachers, Postsecondary",25-1122,Tier1_Partial,30%,29260,37.4,0.0455,31042200
6305,Act as advisers to student organizations....,"Communications Teachers, Postsecondary",25-1122,Tier1_Writing,30%,29260,37.4,0.0455,31042200
4834,"Maintain tools, vehicles, and equipment and keep parts and supplies in order....",Helpers--Electricians,47-3013,Tier1_Knowledge,30%,64440,19.18,0.04,30849542
4832,"Trace out short circuits in wiring, using test meter....",Helpers--Electricians,47-3013,Tier1_Knowledge,30%,64440,19.18,0.04,30849542
13769,"Adjust carburetor mixtures, electrical point settings, or timing while motors are running in water-f...",Motorboat Mechanics and Service Technicians,49-3051,Tier1_Knowledge,30%,24250,26.42,0.0769,30752880
12276,"Feed stock through feed mechanisms or conveyors into planing, shaping, boring, mortising, or sanding...","Woodworking Machine Setters, Operators, and Tenders, Except Sawing",51-7042,Tier1_Knowledge,30%,63350,19.44,0.04,30738839
12298,Control hoists to remove parts or products from work stations....,"Woodworking Machine Setters, Operators, and Tenders, Except Sawing",51-7042,Tier1_Knowledge,30%,63350,19.44,0.04,30738839
12288,"Secure woodstock against a guide or in a holding device, place woodstock on a conveyor, or dump wood...","Woodworking Machine Setters, Operators, and Tenders, Except Sawing",51-7042,Tier1_Knowledge,30%,63350,19.44,0.04,30738839
12331,"Examine and test electrical power distribution machinery and equipment, using testing devices....",Power Plant Operators,51-8013,Tier1_Knowledge,30%,30720,47.92,0.0333,30619730
23613,Diagnose or troubleshoot problems with gas collection systems....,Power Plant Operators,51-8013,Tier1_Knowledge,30%,30720,47.92,0.0333,30619730
12315,Adjust controls to generate specified electrical power or to regulate the flow of power between gene...,Power Plant Operators,51-8013,Tier1_Knowledge,30%,30720,47.92,0.0333,30619730
12319,"Start or stop generators, auxiliary pumping equipment, turbines, or other power plant equipment as n...",Power Plant Operators,51-8013,Tier1_Knowledge,30%,30720,47.92,0.0333,30619730
12316,"Control power generating equipment, including boilers, turbines, generators, or reactors, using cont...",Power Plant Operators,51-8013,Tier1_Knowledge,30%,30720,47.92,0.0333,30619730
13747,"Position or mount speakers, and wire speakers to consoles....",Audiovisual Equipment Installers and Repairers,49-2097,Tier1_Writing,30%,22170,24.34,0.0909,30611046
4233,Conduct research or provide instruction on subject matter related to athletic training or sports med...,Athletic Trainers,29-9091,Tier1_Good,40%,28950,28.97,0.0435,30334565
23809,Stand watches on vessels during specified periods while vessels are under way....,"Captains, Mates, and Pilots of Water Vessels",53-5021,Tier1_Knowledge,30%,35390,41.13,0.0333,30276287
23811,"Read gauges to verify sufficient levels of hydraulic fluid, air pressure, or oxygen....","Captains, Mates, and Pilots of Water Vessels",53-5021,Tier1_Knowledge,30%,35390,41.13,0.0333,30276287
23830,Interview and hire crew members....,"Captains, Mates, and Pilots of Water Vessels",53-5021,Tier1_Knowledge,30%,35390,41.13,0.0333,30276287
23818,Advise ships' masters on harbor rules and customs procedures....,"Captains, Mates, and Pilots of Water Vessels",53-5021,Tier1_Knowledge,30%,35390,41.13,0.0333,30276287
23802,"Direct courses and speeds of ships, based on specialized knowledge of local winds, weather, water de...","Captains, Mates, and Pilots of Water Vessels",53-5021,Tier1_Knowledge,30%,35390,41.13,0.0333,30276287
23817,"Signal crew members or deckhands to rig tow lines, open or close gates or ramps, or pull guard chain...","Captains, Mates, and Pilots of Water Vessels",53-5021,Tier1_Knowledge,30%,35390,41.13,0.0333,30276287
13125,"Provide information to the public regarding trees, such as advice on tree care....",Tree Trimmers and Pruners,37-3013,Tier1_Partial,30%,47870,24.25,0.0417,30182035
13129,"Transplant and remove trees and shrubs, and prepare trees for moving....",Tree Trimmers and Pruners,37-3013,Tier1_Knowledge,30%,47870,24.25,0.0417,30182035
20882,Receive instructions from coaches or other sports staff prior to events and discuss performance afte...,Athletes and Sports Competitors,27-2021,Tier1_Knowledge,30%,14370,29.98,0.1111,29870440
13041,Lead teams by serving as captain....,Athletes and Sports Competitors,27-2021,Tier1_Knowledge,30%,14370,29.98,0.1111,29870440
13036,Maintain equipment used in a particular sport....,Athletes and Sports Competitors,27-2021,Tier1_Knowledge,30%,14370,29.98,0.1111,29870440
13038,"Assess performance following athletic competition, identifying strengths and weaknesses and making a...",Athletes and Sports Competitors,27-2021,Tier1_Knowledge,30%,14370,29.98,0.1111,29870440
12471,Measure arbors and dies to verify sizes specified on work tickets....,"Extruding, Forming, Pressing, and Compacting Machine Setters, Operators, and Tenders",51-9041,Tier1_Knowledge,30%,57310,21.7,0.0385,29847048
12447,Press control buttons to activate machinery and equipment....,"Extruding, Forming, Pressing, and Compacting Machine Setters, Operators, and Tenders",51-9041,Tier1_Knowledge,30%,57310,21.7,0.0385,29847048
12444,"Adjust machine components to regulate speeds, pressures, and temperatures, and amounts, dimensions, ...","Extruding, Forming, Pressing, and Compacting Machine Setters, Operators, and Tenders",51-9041,Tier1_Knowledge,30%,57310,21.7,0.0385,29847048
12445,"Examine, measure, and weigh materials or products to verify conformance to standards, using measurin...","Extruding, Forming, Pressing, and Compacting Machine Setters, Operators, and Tenders",51-9041,Tier1_Knowledge,30%,57310,21.7,0.0385,29847048
12470,Couple air and gas lines to machines to maintain plasticity of material and to regulate solidificati...,"Extruding, Forming, Pressing, and Compacting Machine Setters, Operators, and Tenders",51-9041,Tier1_Knowledge,30%,57310,21.7,0.0385,29847048
12448,"Turn controls to adjust machine functions, such as regulating air pressure, creating vacuums, and ad...","Extruding, Forming, Pressing, and Compacting Machine Setters, Operators, and Tenders",51-9041,Tier1_Knowledge,30%,57310,21.7,0.0385,29847048
12452,Notify supervisors when extruded filaments fail to meet standards....,"Extruding, Forming, Pressing, and Compacting Machine Setters, Operators, and Tenders",51-9041,Tier1_Writing,30%,57310,21.7,0.0385,29847048
12646,"Place glass into dies or molds of presses and control presses to form products, such as glassware co...","Glass Blowers, Molders, Benders, and Finishers",51-9195,Tier1_Knowledge,30%,34750,21.97,0.0625,29774842
12621,Move fingers over surfaces of carvings to ensure smoothness of finish....,"Stone Cutters and Carvers, Manufacturing",51-9195,Tier1_Knowledge,30%,34750,21.97,0.0625,29774842
12631,"Record manufacturing information, such as quantities, sizes, or types of goods produced....","Glass Blowers, Molders, Benders, and Finishers",51-9195,Tier1_Knowledge,30%,34750,21.97,0.0625,29774842
6392,Collaborate with colleagues to address teaching and research issues....,"Philosophy and Religion Teachers, Postsecondary",25-1126,Tier1_Good,40%,20840,37.52,0.0455,29573855
6382,"Compile, administer, and grade examinations, or assign this work to others....","Philosophy and Religion Teachers, Postsecondary",25-1126,Tier1_Good,40%,20840,37.52,0.0455,29573855
6044,Collaborate with colleagues to address teaching and research issues....,"Political Science Teachers, Postsecondary",25-1065,Tier1_Good,40%,17170,45.52,0.0455,29557375
6034,"Compile, administer, and grade examinations, or assign this work to others....","Political Science Teachers, Postsecondary",25-1065,Tier1_Good,40%,17170,45.52,0.0455,29557375
5266,Negotiate labor disputes....,Postmasters and Mail Superintendents,11-9131,Tier1_Writing,30%,13810,44.58,0.0769,29551190
5269,"Inform the public of available services, and of postal laws and regulations....",Postmasters and Mail Superintendents,11-9131,Tier1_Writing,30%,13810,44.58,0.0769,29551190
5271,"Confer with suppliers to obtain bids for proposed purchases and to requisition supplies, disbursing ...",Postmasters and Mail Superintendents,11-9131,Tier1_Knowledge,30%,13810,44.58,0.0769,29551190
22122,"Adjust and operate surveying instruments such as prisms, theodolites, electronic distance measuring ...",Surveying and Mapping Technicians,17-3031,Tier1_Knowledge,30%,56720,24.97,0.0333,29459007
22114,Research and combine existing property information to describe property boundaries in relation to ad...,Surveying and Mapping Technicians,17-3031,Tier1_Partial,30%,56720,24.97,0.0333,29459007
22130,"Search for section corners, property irons, or survey points....",Surveying and Mapping Technicians,17-3031,Tier1_Knowledge,30%,56720,24.97,0.0333,29459007
12875,"Advise clients on financial and legal matters, such as investments and taxes....","Agents and Business Managers of Artists, Performers, and Athletes",13-1011,Tier1_Knowledge,30%,14220,46.3,0.0714,29345205
4157,Maintain and calibrate radioisotope and laboratory equipment....,Nuclear Medicine Technologists,29-2033,Tier1_Knowledge,30%,16960,46.64,0.0588,29034882
4154,"Dispose of radioactive materials and store radiopharmaceuticals, following radiation safety procedur...",Nuclear Medicine Technologists,29-2033,Tier1_Knowledge,30%,16960,46.64,0.0588,29034882
4155,Record and process results of procedures....,Nuclear Medicine Technologists,29-2033,Tier1_Knowledge,30%,16960,46.64,0.0588,29034882
1725,"Trim material and arrange bouquets, wreaths, terrariums, and other items, using trimmers, shapers, w...",Floral Designers,27-1023,Tier1_Knowledge,30%,40160,17.37,0.0667,29019295
1724,Wrap and price completed arrangements....,Floral Designers,27-1023,Tier1_Knowledge,30%,40160,17.37,0.0667,29019295
8258,"Measure and mark guidelines on surfaces or foundations, using chalk lines and dividers....","Floor Layers, Except Carpet, Wood, and Hard Tiles",47-2042,Tier1_Knowledge,30%,24850,26.13,0.0714,28941588
7145,Prepare wax bite blocks and impression trays for use....,Dental Laboratory Technicians,51-9081,Tier1_Knowledge,30%,33920,23.23,0.0588,28922826
1699,Process print and non-print library materials to prepare them for inclusion in library collections....,Library Technicians,25-4031,Tier1_Knowledge,30%,73770,19.22,0.0323,28540138
7490,Study the structure and composition of food or the changes foods undergo in storage and processing....,Food Scientists and Technologists,19-1012,Tier1_Knowledge,30%,14370,41.02,0.0769,28293955
7485,"Test new products for flavor, texture, color, nutritional content, and adherence to government and i...",Food Scientists and Technologists,19-1012,Tier1_Knowledge,30%,14370,41.02,0.0769,28293955
18612,Stay up to date on new regulations and current events regarding food science by reviewing scientific...,Food Scientists and Technologists,19-1012,Tier1_Knowledge,30%,14370,41.02,0.0769,28293955
21872,Interview employers and employees to obtain information about work environments and workplace incide...,"Health and Safety Engineers, Except Mining Safety Engineers and Inspectors",17-2111,Tier1_Partial,30%,23220,52.72,0.037,28291661
21873,Provide expert testimony in litigation cases....,"Health and Safety Engineers, Except Mining Safety Engineers and Inspectors",17-2111,Tier1_Knowledge,30%,23220,52.72,0.037,28291661
21869,"Interpret safety regulations for others interested in industrial safety, such as safety engineers, l...","Health and Safety Engineers, Except Mining Safety Engineers and Inspectors",17-2111,Tier1_Knowledge,30%,23220,52.72,0.037,28291661
21868,Evaluate adequacy of actions taken to correct health inspection violations....,"Health and Safety Engineers, Except Mining Safety Engineers and Inspectors",17-2111,Tier1_Knowledge,30%,23220,52.72,0.037,28291661
21877,Develop industry standards of product safety....,"Health and Safety Engineers, Except Mining Safety Engineers and Inspectors",17-2111,Tier1_Knowledge,30%,23220,52.72,0.037,28291661
21865,"Recommend procedures for detection, prevention, and elimination of physical, chemical, or other prod...","Health and Safety Engineers, Except Mining Safety Engineers and Inspectors",17-2111,Tier1_Knowledge,30%,23220,52.72,0.037,28291661
21864,"Maintain and apply knowledge of current policies, regulations, and industrial processes....","Health and Safety Engineers, Except Mining Safety Engineers and Inspectors",17-2111,Tier1_Knowledge,30%,23220,52.72,0.037,28291661
21867,Evaluate potential health hazards or damage that could occur from product misuse....,"Health and Safety Engineers, Except Mining Safety Engineers and Inspectors",17-2111,Tier1_Knowledge,30%,23220,52.72,0.037,28291661
19814,Collect data related to ecological or human health risks at brownfield sites....,Occupational Health and Safety Technicians,19-5012,Tier1_Good,40%,31450,28.1,0.0385,28279840
5385,Initiate corrective actions or order plant shutdowns in emergency situations....,Nuclear Engineers,17-2161,Tier1_Knowledge,30%,14740,61.31,0.05,28195733
5382,Perform experiments that will provide information about acceptable methods of nuclear material usage...,Nuclear Engineers,17-2161,Tier1_Partial,30%,14740,61.31,0.05,28195733
4071,Discuss the sound requirements of pictures with sound effects editors....,Film and Video Editors,27-4032,Tier1_Writing,30%,28860,34.12,0.0455,27929763
4062,Record needed sounds or obtain them from sound effects libraries....,Film and Video Editors,27-4032,Tier1_Knowledge,30%,28860,34.12,0.0455,27929763
4056,Verify key numbers and time codes on materials....,Film and Video Editors,27-4032,Tier1_Knowledge,30%,28860,34.12,0.0455,27929763
19760,Collaborate with medical or health researchers to address health problems related to geological mate...,"Geoscientists, Except Hydrologists and Geographers",19-2042,Tier1_Good,40%,22510,47.71,0.0312,27922755
19770,Research ways to reduce the ecological footprint of increasingly prevalent megacities....,"Geoscientists, Except Hydrologists and Geographers",19-2042,Tier1_Good,40%,22510,47.71,0.0312,27922755
10471,"Activate valves to maintain required amounts of water in boilers, to adjust supplies of combustion a...",Stationary Engineers and Boiler Operators,51-8021,Tier1_Knowledge,30%,30780,36.15,0.04,27772917
10482,"Weigh, measure, and record fuel used....",Stationary Engineers and Boiler Operators,51-8021,Tier1_Knowledge,30%,30780,36.15,0.04,27772917
10485,Contact equipment manufacturers or appropriate specialists when necessary to resolve equipment probl...,Stationary Engineers and Boiler Operators,51-8021,Tier1_Knowledge,30%,30780,36.15,0.04,27772917
13261,"Verify that items are addressed correctly, marked with the proper postage, and in suitable condition...","Mail Clerks and Mail Machine Operators, Except Postal Service",43-9051,Tier1_Knowledge,30%,62730,18.34,0.0385,27611237
19985,"Assess the costs and benefits of various activities, policies, or regulations that affect the enviro...",Environmental Economists,19-3011,Tier1_Knowledge,30%,15880,55.5,0.05,27497808
21177,Teach courses in environmental economics....,Environmental Economists,19-3011,Tier1_Knowledge,30%,15880,55.5,0.05,27497808
16906,"Develop systems for collecting, analyzing, and interpreting environmental and economic data....",Environmental Economists,19-3011,Tier1_Knowledge,30%,15880,55.5,0.05,27497808
16901,Demonstrate or promote the economic benefits of sound environmental regulations....,Environmental Economists,19-3011,Tier1_Knowledge,30%,15880,55.5,0.05,27497808
16905,Examine the exhaustibility of natural resources or the long-term costs of environmental rehabilitati...,Environmental Economists,19-3011,Tier1_Knowledge,30%,15880,55.5,0.05,27497808
24010,Assist guests with special needs by providing equipment such as wheelchairs....,Concierges,39-6012,Tier1_Knowledge,30%,44200,17.94,0.0556,27488864
21203,Order flowers for guests....,Concierges,39-6012,Tier1_Knowledge,30%,44200,17.94,0.0556,27488864
4533,Pick up and deliver items or run errands for guests....,Concierges,39-6012,Tier1_Knowledge,30%,44200,17.94,0.0556,27488864
4530,Make travel arrangements for sightseeing or other tours....,Concierges,39-6012,Tier1_Knowledge,30%,44200,17.94,0.0556,27488864
4531,"Receive, store, or deliver luggage or mail....",Concierges,39-6012,Tier1_Knowledge,30%,44200,17.94,0.0556,27488864
4529,"Provide information about local features, such as shopping, dining, nightlife, or recreational desti...",Concierges,39-6012,Tier1_Partial,30%,44200,17.94,0.0556,27488864
4535,Arrange for the replacement of items lost by travelers....,Concierges,39-6012,Tier1_Knowledge,30%,44200,17.94,0.0556,27488864
20265,Provide food and beverage services to guests....,Concierges,39-6012,Tier1_Knowledge,30%,44200,17.94,0.0556,27488864
19370,"Provide physical support to patients to assist them to perform daily living activities, such as gett...",Orderlies,31-1132,Tier1_Knowledge,30%,53020,18.12,0.0455,27249581
19369,"Turn or reposition bedridden patients, alone or with assistance, to prevent bedsores....",Orderlies,31-1132,Tier1_Knowledge,30%,53020,18.12,0.0455,27249581
796,Keep records of work performed....,Word Processors and Typists,43-9022,Tier1_Knowledge,30%,36030,23.01,0.0526,27227757
801,"Search for specific sets of stored, typed characters to make changes....",Word Processors and Typists,43-9022,Tier1_Knowledge,30%,36030,23.01,0.0526,27227757
6338,"Compile, administer, and grade examinations, or assign this work to others....","Foreign Language and Literature Teachers, Postsecondary",25-1124,Tier1_Good,40%,21170,37.02,0.0417,27171695
6346,Collaborate with colleagues to address teaching and research issues....,"Foreign Language and Literature Teachers, Postsecondary",25-1124,Tier1_Good,40%,21170,37.02,0.0417,27171695
5987,"Compile, administer, and grade examinations, or assign this work to others....","Economics Teachers, Postsecondary",25-1063,Tier1_Good,40%,12420,57.68,0.0455,27093665
5998,Collaborate with colleagues to address teaching and research issues....,"Economics Teachers, Postsecondary",25-1063,Tier1_Good,40%,12420,57.68,0.0455,27093665
2662,"Select substitute titles when requested materials are unavailable, following criteria such as age, e...","Library Assistants, Clerical",43-4121,Tier1_Knowledge,30%,80070,17.31,0.0312,27027228
2655,Register new patrons and issue borrower identification cards that permit patrons to borrow books and...,"Library Assistants, Clerical",43-4121,Tier1_Knowledge,30%,80070,17.31,0.0312,27027228
2654,Classify and catalog items according to content and purpose....,"Library Assistants, Clerical",43-4121,Tier1_Knowledge,30%,80070,17.31,0.0312,27027228
3243,Contact organizations to explain services and facilities offered....,Advertising and Promotions Managers,11-2011,Tier1_Knowledge,30%,21100,61.04,0.0333,26789235
18586,"Manage sales team, including setting goals, providing incentives, and evaluating employee performanc...",Advertising and Promotions Managers,11-2011,Tier1_Knowledge,30%,21100,61.04,0.0333,26789235
3242,Coordinate with the media to disseminate advertising....,Advertising and Promotions Managers,11-2011,Tier1_Knowledge,30%,21100,61.04,0.0333,26789235
21218,Analyze the effectiveness of marketing tactics or channels....,Advertising and Promotions Managers,11-2011,Tier1_Knowledge,30%,21100,61.04,0.0333,26789235
3228,Prepare and negotiate advertising and sales contracts....,Advertising and Promotions Managers,11-2011,Tier1_Knowledge,30%,21100,61.04,0.0333,26789235
3231,"Confer with department heads or staff to discuss topics such as contracts, selection of advertising ...",Advertising and Promotions Managers,11-2011,Tier1_Knowledge,30%,21100,61.04,0.0333,26789235
21225,"Maintain portfolios of marketing campaigns, strategies, and other marketing products or ideas....",Advertising and Promotions Managers,11-2011,Tier1_Knowledge,30%,21100,61.04,0.0333,26789235
21219,"Attend or participate in conferences, community events, and promotional events related to products o...",Advertising and Promotions Managers,11-2011,Tier1_Knowledge,30%,21100,61.04,0.0333,26789235
1497,"Study characteristics of animals, such as origin, interrelationships, classification, life histories...",Zoologists and Wildlife Biologists,19-1023,Tier1_Knowledge,30%,16920,35.03,0.0714,26417824
1494,Analyze characteristics of animals to identify and classify them....,Zoologists and Wildlife Biologists,19-1023,Tier1_Knowledge,30%,16920,35.03,0.0714,26417824
23958,Conduct literature reviews....,Zoologists and Wildlife Biologists,19-1023,Tier1_Knowledge,30%,16920,35.03,0.0714,26417824
1504,Collect and dissect animal specimens and examine specimens under microscope....,Zoologists and Wildlife Biologists,19-1023,Tier1_Knowledge,30%,16920,35.03,0.0714,26417824
1502,Prepare collections of preserved specimens or microscopic slides for species identification and stud...,Zoologists and Wildlife Biologists,19-1023,Tier1_Knowledge,30%,16920,35.03,0.0714,26417824
18615,"Inform and respond to public regarding wildlife and conservation issues, such as plant identificatio...",Zoologists and Wildlife Biologists,19-1023,Tier1_Knowledge,30%,16920,35.03,0.0714,26417824
17491,Compile and evaluate clinical practice statistics....,Midwives,29-9099,Tier1_Good,40%,36970,30.78,0.0278,26298979
3696,Research stories regarding the area's natural history or environment....,Park Naturalists,19-1031,Tier1_Partial,30%,25590,32.67,0.05,26083989
3693,Perform routine maintenance on park structures....,Park Naturalists,19-1031,Tier1_Knowledge,30%,25590,32.67,0.05,26083989
12426,"Start machines to verify setups, and make any necessary adjustments....","Cutting and Slicing Machine Setters, Operators, and Tenders",51-9032,Tier1_Knowledge,30%,47540,21.97,0.04,26069567
12423,"Adjust machine controls to alter position, alignment, speed, or pressure....","Cutting and Slicing Machine Setters, Operators, and Tenders",51-9032,Tier1_Knowledge,30%,47540,21.97,0.04,26069567
12956,"Verify the accuracy and validity of data entered in databases, correcting any errors....",Social Science Research Assistants,19-4061,Tier1_Knowledge,30%,32940,27.9,0.0455,26066919
12970,Allocate and manage laboratory space and resources....,Social Science Research Assistants,19-4061,Tier1_Knowledge,30%,32940,27.9,0.0455,26066919
12972,Track laboratory supplies and expenses such as participant reimbursement....,Social Science Research Assistants,19-4061,Tier1_Knowledge,30%,32940,27.9,0.0455,26066919
12961,Present research findings to groups of people....,Social Science Research Assistants,19-4061,Tier1_Partial,30%,32940,27.9,0.0455,26066919
12954,Obtain informed consent of research subjects or their guardians....,Social Science Research Assistants,19-4061,Tier1_Partial,30%,32940,27.9,0.0455,26066919
5021,Supervise oil pumpers and other workers engaged in producing oil from wells....,Wellhead Pumpers,53-7073,Tier1_Knowledge,30%,17350,33.66,0.0714,26029759
5023,Prepare trucks and equipment necessary for the type of pumping service required....,Wellhead Pumpers,53-7073,Tier1_Knowledge,30%,17350,33.66,0.0714,26029759
4088,"Follow principles of radiation protection for patient, self, and others....",Radiation Therapists,29-1124,Tier1_Knowledge,30%,18700,49.03,0.0455,26005512
4103,Implement appropriate follow-up care plans....,Radiation Therapists,29-1124,Tier1_Knowledge,30%,18700,49.03,0.0455,26005512
6359,"Compile, administer, and grade examinations, or assign this work to others....","History Teachers, Postsecondary",25-1125,Tier1_Good,40%,19860,39.18,0.04,25897440
6368,Collaborate with colleagues to address teaching and research issues....,"History Teachers, Postsecondary",25-1125,Tier1_Good,40%,19860,39.18,0.04,25897440
22070,Analyze energy requirements and distribution systems to maximize the use of intermittent or inflexib...,Mechanical Engineering Technologists and Technicians,17-3027,Tier1_Knowledge,30%,37450,33.04,0.0333,25736838
22074,Assist mechanical engineers in product testing through activities such as setting up instrumentation...,Mechanical Engineering Technologists and Technicians,17-3027,Tier1_Knowledge,30%,37450,33.04,0.0333,25736838
2006,"Accompany patients to and from wards for medical or dental treatments, shopping trips, or religious ...",Psychiatric Aides,31-1133,Tier1_Knowledge,30%,34900,20.0,0.0588,25620706
2000,Serve meals or feed patients needing assistance or persuasion....,Psychiatric Aides,31-1133,Tier1_Knowledge,30%,34900,20.0,0.0588,25620706
2003,"Provide patients with assistance in bathing, dressing, or grooming, demonstrating these skills as ne...",Psychiatric Aides,31-1133,Tier1_Knowledge,30%,34900,20.0,0.0588,25620706
1996,"Work as part of a team that may include psychiatrists, psychologists, psychiatric nurses, or social ...",Psychiatric Aides,31-1133,Tier1_Knowledge,30%,34900,20.0,0.0588,25620706
1997,Aid patients in becoming accustomed to hospital routines....,Psychiatric Aides,31-1133,Tier1_Knowledge,30%,34900,20.0,0.0588,25620706
2004,"Participate in recreational activities with patients, including card games, sports, or television vi...",Psychiatric Aides,31-1133,Tier1_Knowledge,30%,34900,20.0,0.0588,25620706
4175,Refer patients to other relevant services to provide continuity of care....,Dietetic Technicians,29-2051,Tier1_Knowledge,30%,29950,17.81,0.0769,25603656
4166,"Analyze menus or recipes, standardize recipes, or test new products....",Dietetic Technicians,29-2051,Tier1_Knowledge,30%,29950,17.81,0.0769,25603656
4173,"Provide dietitians with assistance researching food, nutrition, or food service systems....",Dietetic Technicians,29-2051,Tier1_Partial,30%,29950,17.81,0.0769,25603656
23923,Attend interdisciplinary meetings with other health care professionals to discuss patient care....,Dietetic Technicians,29-2051,Tier1_Knowledge,30%,29950,17.81,0.0769,25603656
4165,"Prepare a major meal, following recipes and determining group food quantities....",Dietetic Technicians,29-2051,Tier1_Knowledge,30%,29950,17.81,0.0769,25603656
7809,"Prescribe or administer therapy, medication, and other specialized medical care to treat or prevent ...",Obstetricians and Gynecologists,29-1218,Tier1_Knowledge,30%,19900,30.61,0.0667,25340182
7814,Consult with or provide consulting services to other physicians....,Obstetricians and Gynecologists,29-1218,Tier1_Writing,30%,19900,30.61,0.0667,25340182
7813,Refer patient to medical specialist or other practitioner when necessary....,Obstetricians and Gynecologists,29-1218,Tier1_Knowledge,30%,19900,30.61,0.0667,25340182
7815,"Direct and coordinate activities of nurses, students, assistants, specialists, therapists, and other...",Obstetricians and Gynecologists,29-1218,Tier1_Knowledge,30%,19900,30.61,0.0667,25340182
7812,"Advise patients and community members concerning diet, activity, hygiene, and disease prevention....",Obstetricians and Gynecologists,29-1218,Tier1_Knowledge,30%,19900,30.61,0.0667,25340182
5569,Patrol park or forest areas to protect resources and prevent damage....,Forest and Conservation Technicians,19-4071,Tier1_Knowledge,30%,31080,26.11,0.05,25318763
5577,"Provide forestry education and general information, advice, and recommendations to woodlot owners, c...",Forest and Conservation Technicians,19-4071,Tier1_Knowledge,30%,31080,26.11,0.05,25318763
5566,"Thin and space trees and control weeds and undergrowth, using manual tools and chemicals, or supervi...",Forest and Conservation Technicians,19-4071,Tier1_Knowledge,30%,31080,26.11,0.05,25318763
5571,Keep records of the amount and condition of logs taken to mills....,Forest and Conservation Technicians,19-4071,Tier1_Knowledge,30%,31080,26.11,0.05,25318763
5579,"Conduct laboratory or field experiments with plants, animals, insects, diseases, and soils....",Forest and Conservation Technicians,19-4071,Tier1_Knowledge,30%,31080,26.11,0.05,25318763
5570,"Provide information about, and enforce, regulations, such as those concerning environmental protecti...",Forest and Conservation Technicians,19-4071,Tier1_Partial,30%,31080,26.11,0.05,25318763
13019,Select materials and production techniques to be used for products....,Fashion Designers,27-1022,Tier1_Knowledge,30%,20910,38.79,0.05,25306286
13023,Visit textile showrooms to keep up-to-date on the latest fabrics....,Fashion Designers,27-1022,Tier1_Knowledge,30%,20910,38.79,0.05,25306286
13020,"Provide sample garments to agents and sales representatives, and arrange for showings of sample garm...",Fashion Designers,27-1022,Tier1_Knowledge,30%,20910,38.79,0.05,25306286
5871,"Compile, administer, and grade examinations, or assign this work to others....","Chemistry Teachers, Postsecondary",25-1052,Tier1_Good,40%,20390,41.45,0.0357,25114654
5882,Collaborate with colleagues to address teaching and research issues....,"Chemistry Teachers, Postsecondary",25-1052,Tier1_Good,40%,20390,41.45,0.0357,25114654
22648,"Develop ideas or material for columns or commentaries by analyzing and interpreting news, current is...","News Analysts, Reporters, and Journalists",27-3023,Tier1_Knowledge,30%,41550,28.98,0.0333,25045675
22645,Present live or recorded commentary via broadcast media....,"News Analysts, Reporters, and Journalists",27-3023,Tier1_Knowledge,30%,41550,28.98,0.0333,25045675
22643,Discuss issues with editors to establish priorities or positions....,"News Analysts, Reporters, and Journalists",27-3023,Tier1_Knowledge,30%,41550,28.98,0.0333,25045675
22636,Review and evaluate notes taken about news events to isolate pertinent facts and details....,"News Analysts, Reporters, and Journalists",27-3023,Tier1_Knowledge,30%,41550,28.98,0.0333,25045675
22628,Research a story's background information to provide complete and accurate information....,"News Analysts, Reporters, and Journalists",27-3023,Tier1_Partial,30%,41550,28.98,0.0333,25045675
22626,Analyze and interpret news and information received from various sources to broadcast the informatio...,"News Analysts, Reporters, and Journalists",27-3023,Tier1_Knowledge,30%,41550,28.98,0.0333,25045675
389,Encourage clients with special needs and circumstances to acquire new skills and get involved in hea...,Recreational Therapists,29-1125,Tier1_Knowledge,30%,15060,28.98,0.0909,24757983
18949,Conduct research to help clients avoid repossessions or foreclosures or remove levies or wage garnis...,Credit Counselors,13-2071,Tier1_Good,40%,28110,24.27,0.0435,24678918
12575,"Inspect materials, components, or products for surface defects and measure circuitry, using electron...",Semiconductor Processing Technicians,51-9141,Tier1_Knowledge,30%,32150,24.6,0.05,24675768
15107,"Select shaping wheels for tasks, and mix and apply abrasives, bort, or polishing compounds....",Gem and Diamond Workers,51-9071,Tier1_Knowledge,30%,23420,23.63,0.0714,24666479
2858,"Prepare surfaces for tiling by attaching lath or waterproof paper, or by applying a cement mortar co...",Tile and Stone Setters,47-2044,Tier1_Knowledge,30%,38740,25.11,0.04,24280125
11317,Leave messages to arrange different times to read meters in cases in which meters are not accessible...,"Meter Readers, Utilities",43-5041,Tier1_Knowledge,30%,19620,23.64,0.0833,24118474
5427,"Consult with and advise physicians, educators, researchers, government health officials and others r...",Epidemiologists,19-1041,Tier1_Good,40%,11460,40.38,0.0625,24063250
18667,Stay current with new technologies in the field by reading trade magazines....,"Camera Operators, Television, Video, and Film",27-4031,Tier1_Knowledge,30%,24460,33.08,0.0476,24042922
18669,Direct studio productions....,"Camera Operators, Television, Video, and Film",27-4031,Tier1_Knowledge,30%,24460,33.08,0.0476,24042922
18664,Set up and perform live shots for broadcast....,"Camera Operators, Television, Video, and Film",27-4031,Tier1_Knowledge,30%,24460,33.08,0.0476,24042922
4277,"Transport patients to and from treatment areas, using wheelchairs or providing standing support....",Physical Therapist Aides,31-2022,Tier1_Knowledge,30%,44010,16.59,0.0526,23978872
4288,"Fit patients for orthopedic braces, prostheses, or supportive devices, adjusting fit as needed....",Physical Therapist Aides,31-2022,Tier1_Knowledge,30%,44010,16.59,0.0526,23978872
4289,"Participate in patient care tasks, such as assisting with passing food trays, feeding residents, or ...",Physical Therapist Aides,31-2022,Tier1_Knowledge,30%,44010,16.59,0.0526,23978872
4290,"Administer traction to relieve neck or back pain, using intermittent or static traction equipment....",Physical Therapist Aides,31-2022,Tier1_Knowledge,30%,44010,16.59,0.0526,23978872
4279,Record treatment given and equipment used....,Physical Therapist Aides,31-2022,Tier1_Knowledge,30%,44010,16.59,0.0526,23978872
4281,"Maintain equipment or furniture to keep it in good working condition, including performing the assem...",Physical Therapist Aides,31-2022,Tier1_Knowledge,30%,44010,16.59,0.0526,23978872
4285,"Assist patients to dress, undress, or put on and remove supportive devices, such as braces, splints,...",Physical Therapist Aides,31-2022,Tier1_Knowledge,30%,44010,16.59,0.0526,23978872
4284,Arrange treatment supplies to keep them in order....,Physical Therapist Aides,31-2022,Tier1_Knowledge,30%,44010,16.59,0.0526,23978872
4276,Secure patients into or onto therapy equipment....,Physical Therapist Aides,31-2022,Tier1_Knowledge,30%,44010,16.59,0.0526,23978872
13175,Explain and demonstrate safety procedures and safety equipment use....,Passenger Attendants,53-6061,Tier1_Knowledge,30%,25340,18.06,0.0833,23797301
5517,Identify issues for research and analysis....,Political Scientists,19-3094,Tier1_Good,40%,5950,67.01,0.0714,23694736
12250,"Adjust saw blades, using wrenches and rulers, or by turning handwheels or pressing pedals, levers, o...","Sawing Machine Setters, Operators, and Tenders, Wood",51-7041,Tier1_Knowledge,30%,43140,19.21,0.0455,23505496
12265,Dispose of waste material after completing work assignments....,"Sawing Machine Setters, Operators, and Tenders, Wood",51-7041,Tier1_Knowledge,30%,43140,19.21,0.0455,23505496
12270,"Position and clamp stock on tables, conveyors, or carriages, using hoists, guides, stops, dogs, wedg...","Sawing Machine Setters, Operators, and Tenders, Wood",51-7041,Tier1_Knowledge,30%,43140,19.21,0.0455,23505496
12765,Operate controls to open and close transit vehicle doors....,Subway and Streetcar Operators,53-4041,Tier1_Knowledge,30%,9200,40.78,0.1,23410982
12768,Direct emergency evacuation procedures....,Subway and Streetcar Operators,53-4041,Tier1_Knowledge,30%,9200,40.78,0.1,23410982
17814,Collect turbine data for testing or research and analysis....,Wind Turbine Service Technicians,49-9081,Tier1_Good,40%,11220,30.09,0.0833,23407613
20791,Set up scaffolds....,Plasterers and Stucco Masons,47-2161,Tier1_Knowledge,30%,20880,26.93,0.0667,23391613
9880,"Create decorative textures in finish coat, using brushes or trowels, sand, pebbles, or stones....",Plasterers and Stucco Masons,47-2161,Tier1_Knowledge,30%,20880,26.93,0.0667,23391613
9879,Mix mortar and plaster to desired consistency or direct workers who perform mixing....,Plasterers and Stucco Masons,47-2161,Tier1_Knowledge,30%,20880,26.93,0.0667,23391613
1553,Calibrate microscopes or test instruments....,"Environmental Science and Protection Technicians, Including Health",19-4042,Tier1_Knowledge,30%,39390,23.79,0.04,23389719
20870,Direct activities of workers in laboratory....,"Environmental Science and Protection Technicians, Including Health",19-4042,Tier1_Knowledge,30%,39390,23.79,0.04,23389719
1558,Initiate procedures to close down or fine establishments violating environmental or health regulatio...,"Environmental Science and Protection Technicians, Including Health",19-4042,Tier1_Knowledge,30%,39390,23.79,0.04,23389719
1555,Inspect sanitary conditions at public facilities....,"Environmental Science and Protection Technicians, Including Health",19-4042,Tier1_Knowledge,30%,39390,23.79,0.04,23389719
20869,"Investigate hazardous conditions or spills or outbreaks of disease or food poisoning, collecting sam...","Environmental Science and Protection Technicians, Including Health",19-4042,Tier1_Knowledge,30%,39390,23.79,0.04,23389719
21853,Maintain databases of experiment characteristics or results....,Bioengineers and Biomedical Engineers,17-2031,Tier1_Knowledge,30%,21860,51.42,0.0333,23380057
21857,"Read current scientific or trade literature to stay abreast of scientific, industrial, or technologi...",Bioengineers and Biomedical Engineers,17-2031,Tier1_Knowledge,30%,21860,51.42,0.0333,23380057
18603,Conduct training or in-services to educate clinicians and other personnel on proper use of equipment...,Bioengineers and Biomedical Engineers,17-2031,Tier1_Knowledge,30%,21860,51.42,0.0333,23380057
8970,"Advise hospital administrators on the planning, acquisition, and use of medical equipment....",Bioengineers and Biomedical Engineers,17-2031,Tier1_Knowledge,30%,21860,51.42,0.0333,23380057
21849,"Develop bioremediation processes to reduce pollution, protect the environment, or treat waste produc...",Bioengineers and Biomedical Engineers,17-2031,Tier1_Knowledge,30%,21860,51.42,0.0333,23380057
21859,Review existing manufacturing processes to identify opportunities for yield improvement or reduced p...,Bioengineers and Biomedical Engineers,17-2031,Tier1_Knowledge,30%,21860,51.42,0.0333,23380057
8968,"Evaluate the safety, efficiency, and effectiveness of biomedical equipment....",Bioengineers and Biomedical Engineers,17-2031,Tier1_Knowledge,30%,21860,51.42,0.0333,23380057
9346,"Create artificial light, using flashes and reflectors....",Photographers,27-4021,Tier1_Knowledge,30%,51230,20.44,0.0357,23336290
3337,"Provide information on funeral service options, products, or merchandise, and maintain a casket disp...","Morticians, Undertakers, and Funeral Arrangers",39-4031,Tier1_Good,40%,25700,23.94,0.0455,23267939
13367,Walk beside or ride on planting machines while inserting plants in planter mechanisms at specified i...,Agricultural Equipment Operators,45-2091,Tier1_Knowledge,30%,30940,20.47,0.0588,23247370
13357,"Irrigate soil, using portable pipes or ditch systems, and maintain ditches or pipes and pumps....",Agricultural Equipment Operators,45-2091,Tier1_Knowledge,30%,30940,20.47,0.0588,23247370
4238,"Perform team support duties, such as running errands, maintaining equipment, or stocking supplies....",Athletic Trainers,29-9091,Tier1_Knowledge,30%,28950,28.97,0.0435,22750924
18693,Teach sports medicine courses to athletic training students....,Athletic Trainers,29-9091,Tier1_Knowledge,30%,28950,28.97,0.0435,22750924
18692,File athlete insurance claims and communicate with insurance providers....,Athletic Trainers,29-9091,Tier1_Knowledge,30%,28950,28.97,0.0435,22750924
4234,"Recommend special diets to improve athletes' health, increase their stamina, or alter their weight....",Athletic Trainers,29-9091,Tier1_Knowledge,30%,28950,28.97,0.0435,22750924
4227,Advise athletes on the proper use of equipment....,Athletic Trainers,29-9091,Tier1_Writing,30%,28950,28.97,0.0435,22750924
4232,Inspect playing fields to locate any items that could injure players....,Athletic Trainers,29-9091,Tier1_Knowledge,30%,28950,28.97,0.0435,22750924
4223,Evaluate athletes' readiness to play and provide participation clearances when necessary and warrant...,Athletic Trainers,29-9091,Tier1_Knowledge,30%,28950,28.97,0.0435,22750924
10164,Inspect furnaces and equipment to locate defects and wear....,Metal-Refining Furnace Operators and Tenders,51-4051,Tier1_Knowledge,30%,20330,26.81,0.0667,22673968
10172,"Scrape accumulations of metal oxides from floors, molds, and crucibles, and sift and store them for ...",Metal-Refining Furnace Operators and Tenders,51-4051,Tier1_Knowledge,30%,20330,26.81,0.0667,22673968
10167,"Remove impurities from the surface of molten metal, using strainers....",Metal-Refining Furnace Operators and Tenders,51-4051,Tier1_Knowledge,30%,20330,26.81,0.0667,22673968
10168,"Kindle fires, and shovel fuel and other materials into furnaces or onto conveyors by hand, with hois...",Metal-Refining Furnace Operators and Tenders,51-4051,Tier1_Knowledge,30%,20330,26.81,0.0667,22673968
10161,Operate controls to move or discharge metal workpieces from furnaces....,Metal-Refining Furnace Operators and Tenders,51-4051,Tier1_Knowledge,30%,20330,26.81,0.0667,22673968
10163,"Regulate supplies of fuel and air, or control flow of electric current and water coolant to heat fur...",Metal-Refining Furnace Operators and Tenders,51-4051,Tier1_Knowledge,30%,20330,26.81,0.0667,22673968
13939,"Mark identifying information on tubing or cable assemblies, using etching devices, labels, rubber st...","Aircraft Structure, Surfaces, Rigging, and Systems Assemblers",51-2011,Tier1_Knowledge,30%,32890,29.65,0.037,22537690
13938,"Verify dimensions of cable assemblies or positions of fittings, using measuring instruments....","Aircraft Structure, Surfaces, Rigging, and Systems Assemblers",51-2011,Tier1_Knowledge,30%,32890,29.65,0.037,22537690
13836,Keep records of merchandise distributed and money collected....,"Coin, Vending, and Amusement Machine Servicers and Repairers",49-9091,Tier1_Knowledge,30%,28260,22.77,0.0556,22307314
6379,"Initiate, facilitate, and moderate classroom discussions....","Philosophy and Religion Teachers, Postsecondary",25-1126,Tier1_Knowledge,30%,20840,37.52,0.0455,22180391
6397,Act as advisers to student organizations....,"Philosophy and Religion Teachers, Postsecondary",25-1126,Tier1_Writing,30%,20840,37.52,0.0455,22180391
6383,"Keep abreast of developments in the field by reading current literature, talking with colleagues, an...","Philosophy and Religion Teachers, Postsecondary",25-1126,Tier1_Knowledge,30%,20840,37.52,0.0455,22180391
6387,"Select and obtain materials and supplies, such as textbooks....","Philosophy and Religion Teachers, Postsecondary",25-1126,Tier1_Knowledge,30%,20840,37.52,0.0455,22180391
6388,Advise students on academic and vocational curricula and on career issues....,"Philosophy and Religion Teachers, Postsecondary",25-1126,Tier1_Writing,30%,20840,37.52,0.0455,22180391
6389,"Conduct research in a particular field of knowledge and publish findings in professional journals, b...","Philosophy and Religion Teachers, Postsecondary",25-1126,Tier1_Partial,30%,20840,37.52,0.0455,22180391
6042,"Conduct research in a particular field of knowledge and publish findings in professional journals, b...","Political Science Teachers, Postsecondary",25-1065,Tier1_Partial,30%,17170,45.52,0.0455,22168031
6036,"Keep abreast of developments in the field by reading current literature, talking with colleagues, an...","Political Science Teachers, Postsecondary",25-1065,Tier1_Knowledge,30%,17170,45.52,0.0455,22168031
6031,"Initiate, facilitate, and moderate classroom discussions....","Political Science Teachers, Postsecondary",25-1065,Tier1_Knowledge,30%,17170,45.52,0.0455,22168031
6040,Advise students on academic and vocational curricula and on career issues....,"Political Science Teachers, Postsecondary",25-1065,Tier1_Writing,30%,17170,45.52,0.0455,22168031
6052,Provide professional consulting services to government or industry....,"Political Science Teachers, Postsecondary",25-1065,Tier1_Writing,30%,17170,45.52,0.0455,22168031
6049,Act as advisers to student organizations....,"Political Science Teachers, Postsecondary",25-1065,Tier1_Writing,30%,17170,45.52,0.0455,22168031
6041,"Select and obtain materials and supplies, such as textbooks....","Political Science Teachers, Postsecondary",25-1065,Tier1_Knowledge,30%,17170,45.52,0.0455,22168031
5917,"Compile, administer, and grade examinations, or assign this work to others....","Physics Teachers, Postsecondary",25-1054,Tier1_Good,40%,13590,46.81,0.0417,22052040
5929,Collaborate with colleagues to address teaching and research issues....,"Physics Teachers, Postsecondary",25-1054,Tier1_Good,40%,13590,46.81,0.0417,22052040
10412,"Examine finished plates to detect flaws, verify conformity with master plates, and measure dot sizes...",Prepress Technicians and Workers,51-5111,Tier1_Knowledge,30%,23070,22.74,0.0667,21823851
10427,"Analyze originals to evaluate color density, gradation highlights, middle tones, and shadows, using ...",Prepress Technicians and Workers,51-5111,Tier1_Knowledge,30%,23070,22.74,0.0667,21823851
10425,Select proper types of plates according to press run lengths....,Prepress Technicians and Workers,51-5111,Tier1_Knowledge,30%,23070,22.74,0.0667,21823851
9094,"Research methods of processing, forming, and firing materials to develop such products as ceramic de...",Materials Scientists,19-2032,Tier1_Good,40%,8330,50.08,0.0625,21692653
9087,"Conduct research on the structures and properties of materials, such as metals, alloys, polymers, an...",Materials Scientists,19-2032,Tier1_Good,40%,8330,50.08,0.0625,21692653
4631,"Answer incoming calls, greeting callers, providing information, transferring calls or taking message...","Switchboard Operators, Including Answering Service",43-2011,Tier1_Writing,30%,35730,18.45,0.0526,21650123
4639,Keep records of calls placed and charges incurred....,"Switchboard Operators, Including Answering Service",43-2011,Tier1_Knowledge,30%,35730,18.45,0.0526,21650123
4641,Stamp messages with time and date and file them appropriately....,"Switchboard Operators, Including Answering Service",43-2011,Tier1_Knowledge,30%,35730,18.45,0.0526,21650123
4643,Complete forms for sales orders....,"Switchboard Operators, Including Answering Service",43-2011,Tier1_Writing,30%,35730,18.45,0.0526,21650123
4638,"Contact security staff members when necessary, using radio-telephones....","Switchboard Operators, Including Answering Service",43-2011,Tier1_Knowledge,30%,35730,18.45,0.0526,21650123
4633,"Page individuals to inform them of telephone calls, using paging or interoffice communication equipm...","Switchboard Operators, Including Answering Service",43-2011,Tier1_Writing,30%,35730,18.45,0.0526,21650123
4640,"Record messages, suggesting rewording for clarity or conciseness....","Switchboard Operators, Including Answering Service",43-2011,Tier1_Knowledge,30%,35730,18.45,0.0526,21650123
11095,Conduct interviews to obtain information or evidence regarding communicable diseases or violations o...,Occupational Health and Safety Technicians,19-5012,Tier1_Partial,30%,31450,28.1,0.0385,21209880
19813,Collect data regarding potential hazards from new equipment or products linked to green practices....,Occupational Health and Safety Technicians,19-5012,Tier1_Partial,30%,31450,28.1,0.0385,21209880
11093,"Educate the public about health issues or enforce health legislation to prevent disease, to promote ...",Occupational Health and Safety Technicians,19-5012,Tier1_Knowledge,30%,31450,28.1,0.0385,21209880
20250,Recommend corrective measures to be applied based on results of environmental contaminant analyses....,Occupational Health and Safety Technicians,19-5012,Tier1_Knowledge,30%,31450,28.1,0.0385,21209880
20249,Evaluate situations or make determinations when a worker has refused to work on the grounds that dan...,Occupational Health and Safety Technicians,19-5012,Tier1_Knowledge,30%,31450,28.1,0.0385,21209880
11083,"Supply, operate, or maintain personal protective equipment....",Occupational Health and Safety Technicians,19-5012,Tier1_Knowledge,30%,31450,28.1,0.0385,21209880
20253,"Provide consultation to organizations or agencies on the workplace application of safety principles,...",Occupational Health and Safety Technicians,19-5012,Tier1_Writing,30%,31450,28.1,0.0385,21209880
12306,"Track conditions that could affect power needs, such as changes in the weather, and adjust equipment...",Power Distributors and Dispatchers,51-8012,Tier1_Knowledge,30%,9180,51.56,0.0714,21096584
14819,Advise patrons with chronic or potentially contagious scalp conditions to seek medical treatment....,Shampooers,39-5093,Tier1_Writing,30%,8890,15.13,0.25,20982889
14301,"Control fractioning columns, compressors, purifying towers, heat exchangers, and related equipment t...",Gas Plant Operators,51-8092,Tier1_Knowledge,30%,15910,40.1,0.0526,20952968
14303,Signal or direct workers who tend auxiliary equipment....,Gas Plant Operators,51-8092,Tier1_Knowledge,30%,15910,40.1,0.0526,20952968
14296,"Test gas, chemicals, and air during processing to assess factors such as purity and moisture content...",Gas Plant Operators,51-8092,Tier1_Knowledge,30%,15910,40.1,0.0526,20952968
14297,Contact maintenance crews when necessary....,Gas Plant Operators,51-8092,Tier1_Writing,30%,15910,40.1,0.0526,20952968
14289,Start and shut down plant equipment....,Gas Plant Operators,51-8092,Tier1_Knowledge,30%,15910,40.1,0.0526,20952968
14291,"Adjust temperature, pressure, vacuum, level, flow rate, or transfer of gas to maintain processes at ...",Gas Plant Operators,51-8092,Tier1_Knowledge,30%,15910,40.1,0.0526,20952968
14300,"Control equipment to regulate flow and pressure of gas to feedlines of boilers, furnaces, and relate...",Gas Plant Operators,51-8092,Tier1_Knowledge,30%,15910,40.1,0.0526,20952968
20391,"Identify risks for natural disasters, such as mudslides, earthquakes, or volcanic eruptions....","Geoscientists, Except Hydrologists and Geographers",19-2042,Tier1_Knowledge,30%,22510,47.71,0.0312,20942066
19764,Develop ways to capture or use gases burned off as waste during oil production processes....,"Geoscientists, Except Hydrologists and Geographers",19-2042,Tier1_Knowledge,30%,22510,47.71,0.0312,20942066
19763,Develop strategies for more environmentally friendly resource extraction and reclamation....,"Geoscientists, Except Hydrologists and Geographers",19-2042,Tier1_Knowledge,30%,22510,47.71,0.0312,20942066
19765,"Identify new sources of platinum group elements for industrial applications, such as automotive fuel...","Geoscientists, Except Hydrologists and Geographers",19-2042,Tier1_Knowledge,30%,22510,47.71,0.0312,20942066
15126,"Maintain supplies of tools, equipment, and materials, and order additional supplies as needed....","Potters, Manufacturing",51-9195,Tier1_Knowledge,30%,34750,21.97,0.0435,20712934
15127,"Verify accuracy of shapes and sizes of objects, using calipers and templates....","Potters, Manufacturing",51-9195,Tier1_Knowledge,30%,34750,21.97,0.0435,20712934
15133,Teach pottery classes....,"Potters, Manufacturing",51-9195,Tier1_Knowledge,30%,34750,21.97,0.0435,20712934
10505,Direct workers engaged in operating machinery that regulates the flow of materials and products....,Chemical Plant and System Operators,51-8091,Tier1_Knowledge,30%,17840,35.35,0.0526,20711677
10499,"Regulate or shut down equipment during emergency situations, as directed by supervisory personnel....",Chemical Plant and System Operators,51-8091,Tier1_Knowledge,30%,17840,35.35,0.0526,20711677
10495,"Control or operate chemical processes or systems of machines, using panelboards, control boards, or ...",Chemical Plant and System Operators,51-8091,Tier1_Knowledge,30%,17840,35.35,0.0526,20711677
10493,Move control settings to make necessary adjustments on equipment units affecting speeds of chemical ...,Chemical Plant and System Operators,51-8091,Tier1_Knowledge,30%,17840,35.35,0.0526,20711677
10506,"Turn valves to regulate flow of products or byproducts through agitator tanks, storage drums, or neu...",Chemical Plant and System Operators,51-8091,Tier1_Knowledge,30%,17840,35.35,0.0526,20711677
10503,"Notify maintenance, stationary engineering, or other auxiliary personnel to correct equipment malfun...",Chemical Plant and System Operators,51-8091,Tier1_Writing,30%,17840,35.35,0.0526,20711677
6336,"Initiate, facilitate, and moderate classroom discussions....","Foreign Language and Literature Teachers, Postsecondary",25-1124,Tier1_Knowledge,30%,21170,37.02,0.0417,20378771
6345,"Conduct research in a particular field of knowledge and publish findings in scholarly journals, book...","Foreign Language and Literature Teachers, Postsecondary",25-1124,Tier1_Partial,30%,21170,37.02,0.0417,20378771
6343,"Keep abreast of developments in their field by reading current literature, talking with colleagues, ...","Foreign Language and Literature Teachers, Postsecondary",25-1124,Tier1_Knowledge,30%,21170,37.02,0.0417,20378771
6342,"Select and obtain materials and supplies, such as textbooks....","Foreign Language and Literature Teachers, Postsecondary",25-1124,Tier1_Knowledge,30%,21170,37.02,0.0417,20378771
6351,Act as advisers to student organizations....,"Foreign Language and Literature Teachers, Postsecondary",25-1124,Tier1_Writing,30%,21170,37.02,0.0417,20378771
6344,Advise students on academic and vocational curricula and on career issues....,"Foreign Language and Literature Teachers, Postsecondary",25-1124,Tier1_Writing,30%,21170,37.02,0.0417,20378771
5988,"Keep abreast of developments in the field by reading current literature, talking with colleagues, an...","Economics Teachers, Postsecondary",25-1063,Tier1_Knowledge,30%,12420,57.68,0.0455,20320249
5994,"Conduct research in a particular field of knowledge and publish findings in professional journals, b...","Economics Teachers, Postsecondary",25-1063,Tier1_Partial,30%,12420,57.68,0.0455,20320249
5990,"Initiate, facilitate, and moderate classroom discussions....","Economics Teachers, Postsecondary",25-1063,Tier1_Knowledge,30%,12420,57.68,0.0455,20320249
5996,Advise students on academic and vocational curricula and on career issues....,"Economics Teachers, Postsecondary",25-1063,Tier1_Writing,30%,12420,57.68,0.0455,20320249
5992,"Select and obtain materials and supplies, such as textbooks....","Economics Teachers, Postsecondary",25-1063,Tier1_Knowledge,30%,12420,57.68,0.0455,20320249
6004,Provide professional consulting services to government or industry....,"Economics Teachers, Postsecondary",25-1063,Tier1_Writing,30%,12420,57.68,0.0455,20320249
6005,Act as advisers to student organizations....,"Economics Teachers, Postsecondary",25-1063,Tier1_Writing,30%,12420,57.68,0.0455,20320249
18457,"Conduct clinical research on topics such as maternal or infant health care, contraceptive methods, b...",Nurse Midwives,29-1161,Tier1_Good,40%,8280,61.92,0.0476,20312591
13425,Patrol grazing lands on horseback or using all-terrain vehicles....,"Farmworkers, Farm, Ranch, and Aquacultural Animals",45-2093,Tier1_Knowledge,30%,35420,17.38,0.0526,20217587
13420,Shift animals between grazing areas to ensure that they have sufficient access to food....,"Farmworkers, Farm, Ranch, and Aquacultural Animals",45-2093,Tier1_Knowledge,30%,35420,17.38,0.0526,20217587
13430,"Protect herds from predators, using trained dogs....","Farmworkers, Farm, Ranch, and Aquacultural Animals",45-2093,Tier1_Knowledge,30%,35420,17.38,0.0526,20217587
13421,"Order food for animals, and arrange for its delivery....","Farmworkers, Farm, Ranch, and Aquacultural Animals",45-2093,Tier1_Knowledge,30%,35420,17.38,0.0526,20217587
22089,"Attend conferences, workshops, or other training sessions to learn about new tools or methods....",Calibration Technologists and Technicians,17-3028,Tier1_Knowledge,30%,15320,31.27,0.0667,19928746
22094,"Draw plans for developing jigs, fixtures, instruments, or other devices....",Calibration Technologists and Technicians,17-3028,Tier1_Knowledge,30%,15320,31.27,0.0667,19928746
22101,Visually inspect equipment to detect surface defects....,Calibration Technologists and Technicians,17-3028,Tier1_Knowledge,30%,15320,31.27,0.0667,19928746
23687,"Verify dimensions of products, using measuring instruments, such as calipers, vernier gauges, or pro...","Molders, Shapers, and Casters, Except Metal and Plastic",51-9195,Tier1_Knowledge,30%,34750,21.97,0.0417,19849895
23690,Tap or tilt molds to ensure uniform distribution of materials....,"Molders, Shapers, and Casters, Except Metal and Plastic",51-9195,Tier1_Knowledge,30%,34750,21.97,0.0417,19849895
23679,Withdraw cores or other loose mold members after castings solidify....,"Molders, Shapers, and Casters, Except Metal and Plastic",51-9195,Tier1_Knowledge,30%,34750,21.97,0.0417,19849895
2319,"Act as part of the security team at transportation terminals, hotels, or similar establishments....",Baggage Porters and Bellhops,39-6011,Tier1_Knowledge,30%,31220,17.32,0.0588,19847986
2326,"Page guests in hotel lobbies, dining rooms, or other areas....",Baggage Porters and Bellhops,39-6011,Tier1_Knowledge,30%,31220,17.32,0.0588,19847986
2330,"Set up conference rooms, display tables, racks, or shelves, and arrange merchandise displays for sal...",Baggage Porters and Bellhops,39-6011,Tier1_Knowledge,30%,31220,17.32,0.0588,19847986
2322,"Arrange for shipments of baggage, express mail, and parcels by providing weighing and billing servic...",Baggage Porters and Bellhops,39-6011,Tier1_Knowledge,30%,31220,17.32,0.0588,19847986
2320,"Deliver messages and room service orders, and run errands for guests....",Baggage Porters and Bellhops,39-6011,Tier1_Knowledge,30%,31220,17.32,0.0588,19847986
2318,Assist travelers and guests with disabilities....,Baggage Porters and Bellhops,39-6011,Tier1_Knowledge,30%,31220,17.32,0.0588,19847986
2317,Greet incoming guests and escort them to their rooms....,Baggage Porters and Bellhops,39-6011,Tier1_Knowledge,30%,31220,17.32,0.0588,19847986
4950,"Set temperature, pressure, and time controls, and start conveyers, machines, or pumps....",Food Cooking Machine Operators and Tenders,51-3093,Tier1_Knowledge,30%,27660,19.49,0.0588,19787899
4946,"Collect and examine product samples during production to test them for quality, color, content, cons...",Food Cooking Machine Operators and Tenders,51-3093,Tier1_Knowledge,30%,27660,19.49,0.0588,19787899
4945,"Listen for malfunction alarms, and shut down equipment and notify supervisors when necessary....",Food Cooking Machine Operators and Tenders,51-3093,Tier1_Writing,30%,27660,19.49,0.0588,19787899
4960,"Operate auxiliary machines and equipment, such as grinders, canners, and molding presses, to prepare...",Food Cooking Machine Operators and Tenders,51-3093,Tier1_Knowledge,30%,27660,19.49,0.0588,19787899
10883,Confer with engineering personnel regarding details and implications of test procedures and results....,Aerospace Engineering and Operations Technologists and Technicians,17-3021,Tier1_Knowledge,30%,9060,38.38,0.0909,19725366
17484,Perform post-partum health assessments of mothers and babies at regular intervals....,Midwives,29-9099,Tier1_Knowledge,30%,36970,30.78,0.0278,19724234
17493,Counsel women regarding the nutritional requirements of pregnancy....,Midwives,29-9099,Tier1_Writing,30%,36970,30.78,0.0278,19724234
17465,Assist maternal patients to find physical positions that will facilitate childbirth....,Midwives,29-9099,Tier1_Knowledge,30%,36970,30.78,0.0278,19724234
17495,Incorporate research findings into practice as appropriate....,Midwives,29-9099,Tier1_Partial,30%,36970,30.78,0.0278,19724234
23927,"Perform annual gynecologic exams, including pap smears and breast exams....",Midwives,29-9099,Tier1_Knowledge,30%,36970,30.78,0.0278,19724234
17496,Provide information about community health and social resources....,Midwives,29-9099,Tier1_Partial,30%,36970,30.78,0.0278,19724234
17474,Establish and follow emergency or contingency plans for mothers and newborns....,Midwives,29-9099,Tier1_Knowledge,30%,36970,30.78,0.0278,19724234
17494,Collaborate in research studies....,Midwives,29-9099,Tier1_Partial,30%,36970,30.78,0.0278,19724234
17471,Collect specimens for use in laboratory tests....,Midwives,29-9099,Tier1_Knowledge,30%,36970,30.78,0.0278,19724234
17485,"Provide information about the physical and emotional processes involved in the pregnancy, labor, bir...",Midwives,29-9099,Tier1_Partial,30%,36970,30.78,0.0278,19724234
11602,"Communicate with supervisors and other workers, using equipment such as wireless phones, pagers, or ...",Septic Tank Servicers and Sewer Pipe Cleaners,47-4071,Tier1_Writing,30%,29050,23.62,0.0455,19462021
6365,"Conduct research in a particular field of knowledge and publish findings in professional journals, b...","History Teachers, Postsecondary",25-1125,Tier1_Partial,30%,19860,39.18,0.04,19423080
6366,"Select and obtain materials and supplies, such as textbooks....","History Teachers, Postsecondary",25-1125,Tier1_Knowledge,30%,19860,39.18,0.04,19423080
6367,Advise students on academic and vocational curricula and on career issues....,"History Teachers, Postsecondary",25-1125,Tier1_Writing,30%,19860,39.18,0.04,19423080
6361,"Keep abreast of developments in the field by reading current literature, talking with colleagues, an...","History Teachers, Postsecondary",25-1125,Tier1_Knowledge,30%,19860,39.18,0.04,19423080
6360,"Initiate, facilitate, and moderate classroom discussions....","History Teachers, Postsecondary",25-1125,Tier1_Knowledge,30%,19860,39.18,0.04,19423080
6371,Act as advisers to student organizations....,"History Teachers, Postsecondary",25-1125,Tier1_Writing,30%,19860,39.18,0.04,19423080
6377,"Provide professional consulting services to government, educational institutions, or industry....","History Teachers, Postsecondary",25-1125,Tier1_Writing,30%,19860,39.18,0.04,19423080
20103,Teach community courses and speak to local groups and organizations....,"History Teachers, Postsecondary",25-1125,Tier1_Knowledge,30%,19860,39.18,0.04,19423080
20126,"Screen, control, and handle evidence and exhibits during court proceedings....",Bailiffs,33-3011,Tier1_Knowledge,30%,16910,27.43,0.0667,19295798
20128,Maintain court docket....,Bailiffs,33-3011,Tier1_Knowledge,30%,16910,27.43,0.0667,19295798
20127,Escort prisoners to and from courthouse and maintain custody of prisoners during court proceedings....,Bailiffs,33-3011,Tier1_Knowledge,30%,16910,27.43,0.0667,19295798
20124,Provide security by patrolling interior and exterior of courthouse and escorting judges and other co...,Bailiffs,33-3011,Tier1_Knowledge,30%,16910,27.43,0.0667,19295798
12380,"Weigh or measure materials, ingredients, or products at specified intervals to ensure conformance to...","Crushing, Grinding, and Polishing Machine Setters, Operators, and Tenders",51-9021,Tier1_Knowledge,30%,28550,22.54,0.0476,19121648
12388,"Inspect chains, belts, or scrolls for signs of wear....","Crushing, Grinding, and Polishing Machine Setters, Operators, and Tenders",51-9021,Tier1_Knowledge,30%,28550,22.54,0.0476,19121648
12391,Collect samples of materials or products for laboratory testing....,"Crushing, Grinding, and Polishing Machine Setters, Operators, and Tenders",51-9021,Tier1_Knowledge,30%,28550,22.54,0.0476,19121648
12393,Turn valves to regulate the moisture contents of materials....,"Crushing, Grinding, and Polishing Machine Setters, Operators, and Tenders",51-9021,Tier1_Knowledge,30%,28550,22.54,0.0476,19121648
12377,"Move controls to start, stop, or adjust machinery and equipment that crushes, grinds, polishes, or b...","Crushing, Grinding, and Polishing Machine Setters, Operators, and Tenders",51-9021,Tier1_Knowledge,30%,28550,22.54,0.0476,19121648
12392,Mark bins as to types of mixtures stored....,"Crushing, Grinding, and Polishing Machine Setters, Operators, and Tenders",51-9021,Tier1_Knowledge,30%,28550,22.54,0.0476,19121648
23844,Radio to flight dispatchers or other personnel to discuss incoming or outgoing aircraft....,Aircraft Service Attendants,53-6032,Tier1_Writing,30%,27310,19.97,0.0556,18906531
23840,"Inspect aircraft components to locate cracks, breaks, leaks, or other problems....",Aircraft Service Attendants,53-6032,Tier1_Knowledge,30%,27310,19.97,0.0556,18906531
23836,Complete forms describing tasks completed....,Aircraft Service Attendants,53-6032,Tier1_Writing,30%,27310,19.97,0.0556,18906531
5877,"Keep abreast of developments in the field by reading current literature, talking with colleagues, an...","Chemistry Teachers, Postsecondary",25-1052,Tier1_Knowledge,30%,20390,41.45,0.0357,18835991
5888,Act as advisers to student organizations....,"Chemistry Teachers, Postsecondary",25-1052,Tier1_Writing,30%,20390,41.45,0.0357,18835991
5881,Advise students on academic and vocational curricula and on career issues....,"Chemistry Teachers, Postsecondary",25-1052,Tier1_Writing,30%,20390,41.45,0.0357,18835991
5878,"Initiate, facilitate, and moderate classroom discussions....","Chemistry Teachers, Postsecondary",25-1052,Tier1_Knowledge,30%,20390,41.45,0.0357,18835991
5891,Provide professional consulting services to government or industry....,"Chemistry Teachers, Postsecondary",25-1052,Tier1_Writing,30%,20390,41.45,0.0357,18835991
5869,Supervise students' laboratory work....,"Chemistry Teachers, Postsecondary",25-1052,Tier1_Knowledge,30%,20390,41.45,0.0357,18835991
5880,"Conduct research in a particular field of knowledge and publish findings in professional journals, b...","Chemistry Teachers, Postsecondary",25-1052,Tier1_Partial,30%,20390,41.45,0.0357,18835991
12990,Plan or conduct conferences dealing with the interpretation of religious ideas or convictions....,"Directors, Religious Activities and Education",21-2021,Tier1_Knowledge,30%,21460,26.37,0.0526,18585354
20750,Plan fundraising activities for the church....,"Directors, Religious Activities and Education",21-2021,Tier1_Knowledge,30%,21460,26.37,0.0526,18585354
12984,"Confer with clergy members, congregational officials, or congregational organizations to encourage s...","Directors, Religious Activities and Education",21-2021,Tier1_Knowledge,30%,21460,26.37,0.0526,18585354
12975,Identify and recruit potential volunteer workers....,"Directors, Religious Activities and Education",21-2021,Tier1_Knowledge,30%,21460,26.37,0.0526,18585354
12980,"Counsel individuals regarding interpersonal, health, financial, or religious problems....","Directors, Religious Activities and Education",21-2021,Tier1_Writing,30%,21460,26.37,0.0526,18585354
18943,"Prioritize client debt repayment to avoid dire consequences, such as bankruptcy or foreclosure or to...",Credit Counselors,13-2071,Tier1_Knowledge,30%,28110,24.27,0.0435,18509188
18939,Interview clients by telephone or in person to gather financial information....,Credit Counselors,13-2071,Tier1_Knowledge,30%,28110,24.27,0.0435,18509188
18946,Refer clients to social service or community resources for needs beyond those of credit or debt coun...,Credit Counselors,13-2071,Tier1_Knowledge,30%,28110,24.27,0.0435,18509188
18951,Disburse funds from client accounts to creditors....,Credit Counselors,13-2071,Tier1_Knowledge,30%,28110,24.27,0.0435,18509188
18948,"Advise clients on housing matters, such as housing rental, homeownership, mortgage delinquency, or f...",Credit Counselors,13-2071,Tier1_Knowledge,30%,28110,24.27,0.0435,18509188
18688,"Refer patients to additional medical or educational services, if needed....",Audiologists,29-1181,Tier1_Knowledge,30%,14730,44.29,0.0455,18504201
18683,Provide information to the public on hearing or balance topics....,Audiologists,29-1181,Tier1_Partial,30%,14730,44.29,0.0455,18504201
18679,"Engage in marketing activities, such as developing marketing plans, to promote business for private ...",Audiologists,29-1181,Tier1_Knowledge,30%,14730,44.29,0.0455,18504201
18682,Advise educators or other medical staff on hearing or balance topics....,Audiologists,29-1181,Tier1_Writing,30%,14730,44.29,0.0455,18504201
22702,Inject contrast media into patients' blood vessels....,Cardiologists,29-1212,Tier1_Good,40%,18020,30.61,0.04,18356988
22691,Answer questions that patients have about their health and well-being....,Cardiologists,29-1212,Tier1_Good,40%,18020,30.61,0.04,18356988
8657,Ask speakers to clarify inaudible statements....,Court Reporters and Simultaneous Captioners,27-3092,Tier1_Partial,30%,12630,32.36,0.0714,18216646
8661,Record depositions and other proceedings for attorneys....,Court Reporters and Simultaneous Captioners,27-3092,Tier1_Knowledge,30%,12630,32.36,0.0714,18216646
21184,Log and store exhibits from court proceedings....,Court Reporters and Simultaneous Captioners,27-3092,Tier1_Knowledge,30%,12630,32.36,0.0714,18216646
8659,File and store shorthand notes of court session....,Court Reporters and Simultaneous Captioners,27-3092,Tier1_Knowledge,30%,12630,32.36,0.0714,18216646
8660,Respond to requests during court sessions to read portions of the proceedings already recorded....,Court Reporters and Simultaneous Captioners,27-3092,Tier1_Knowledge,30%,12630,32.36,0.0714,18216646
20912,Hang ventilation tubing and ventilation curtains to ensure that the mining face area is kept properl...,Continuous Mining Machine Operators,47-5041,Tier1_Knowledge,30%,14340,30.47,0.0667,18176696
5428,"Supervise professional, technical, and clerical personnel....",Epidemiologists,19-1041,Tier1_Knowledge,30%,11460,40.38,0.0625,18047437
5430,"Teach principles of medicine and medical and laboratory procedures to physicians, residents, student...",Epidemiologists,19-1041,Tier1_Knowledge,30%,11460,40.38,0.0625,18047437
15216,"Communicate research findings on various types of diseases to health practitioners, policy makers, a...",Epidemiologists,19-1041,Tier1_Partial,30%,11460,40.38,0.0625,18047437
22747,"Diagnose bodily disorders and orthopedic conditions, and provide treatments, such as medicines and s...","Orthopedic Surgeons, Except Pediatric",29-1242,Tier1_Knowledge,30%,14160,30.61,0.0667,18031004
22756,Prepare case histories....,"Orthopedic Surgeons, Except Pediatric",29-1242,Tier1_Knowledge,30%,14160,30.61,0.0667,18031004
22755,Order and interpret the results of laboratory tests and diagnostic imaging procedures....,"Orthopedic Surgeons, Except Pediatric",29-1242,Tier1_Knowledge,30%,14160,30.61,0.0667,18031004
22759,Refer patient to medical specialist or other practitioners when necessary....,"Orthopedic Surgeons, Except Pediatric",29-1242,Tier1_Knowledge,30%,14160,30.61,0.0667,18031004
22749,"Direct and coordinate activities of nurses, assistants, specialists, residents, and other medical st...","Orthopedic Surgeons, Except Pediatric",29-1242,Tier1_Knowledge,30%,14160,30.61,0.0667,18031004
22748,Diagnose or treat disorders of the musculoskeletal system....,"Orthopedic Surgeons, Except Pediatric",29-1242,Tier1_Knowledge,30%,14160,30.61,0.0667,18031004
9998,Test electrical systems of cars by operating systems and using testing equipment such as ammeters....,Rail Car Repairers,49-3043,Tier1_Knowledge,30%,18300,31.58,0.05,18030917
5854,"Compile, administer, and grade examinations, or assign this work to others....","Atmospheric, Earth, Marine, and Space Sciences Teachers, Postsecondary",25-1051,Tier1_Good,40%,11480,48.75,0.0385,17907034
5853,Collaborate with colleagues to address teaching and research issues....,"Atmospheric, Earth, Marine, and Space Sciences Teachers, Postsecondary",25-1051,Tier1_Good,40%,11480,48.75,0.0385,17907034
5519,Maintain current knowledge of government policy decisions....,Political Scientists,19-3094,Tier1_Knowledge,30%,5950,67.01,0.0714,17771052
5525,"Consult with and advise government officials, civic bodies, research agencies, the media, political ...",Political Scientists,19-3094,Tier1_Partial,30%,5950,67.01,0.0714,17771052
5515,Teach political science....,Political Scientists,19-3094,Tier1_Knowledge,30%,5950,67.01,0.0714,17771052
23949,Advise political science students....,Political Scientists,19-3094,Tier1_Writing,30%,5950,67.01,0.0714,17771052
17442,Create or modify impressions for earmolds and hearing aid shells....,Hearing Aid Specialists,29-2092,Tier1_Knowledge,30%,10580,29.6,0.0909,17765167
21189,Counsel patients and families on communication strategies and the effects of hearing loss....,Hearing Aid Specialists,29-2092,Tier1_Knowledge,30%,10580,29.6,0.0909,17765167
10270,Correct problems by adjusting controls or by stopping machines and opening holding devices....,"Welding, Soldering, and Brazing Machine Setters, Operators, and Tenders",51-4122,Tier1_Knowledge,30%,36290,22.62,0.0345,17663069
10286,"Set dials and timing controls to regulate electrical current, gas flow pressure, heating or cooling ...","Welding, Soldering, and Brazing Machine Setters, Operators, and Tenders",51-4122,Tier1_Knowledge,30%,36290,22.62,0.0345,17663069
10289,Fill hoppers and position spouts to direct flow of flux or manually brush flux onto seams of workpie...,"Welding, Soldering, and Brazing Machine Setters, Operators, and Tenders",51-4122,Tier1_Knowledge,30%,36290,22.62,0.0345,17663069
10278,"Dress electrodes, using tip dressers, files, emery cloths, or dressing wheels....","Welding, Soldering, and Brazing Machine Setters, Operators, and Tenders",51-4122,Tier1_Knowledge,30%,36290,22.62,0.0345,17663069
6847,"Attend professional meetings, conferences, and workshops to maintain and improve professional compet...","Adult Basic Education, Adult Secondary Education, and English as a Second Language Instructors",25-3011,Tier1_Knowledge,30%,36260,28.82,0.027,17624006
6858,"Provide students with disabilities with assistive devices, supportive technology, and assistance acc...","Adult Basic Education, Adult Secondary Education, and English as a Second Language Instructors",25-3011,Tier1_Knowledge,30%,36260,28.82,0.027,17624006
6842,Guide and counsel students with adjustment or academic problems or special academic interests....,"Adult Basic Education, Adult Secondary Education, and English as a Second Language Instructors",25-3011,Tier1_Knowledge,30%,36260,28.82,0.027,17624006
6835,Assign and grade class work and homework....,"Adult Basic Education, Adult Secondary Education, and English as a Second Language Instructors",25-3011,Tier1_Knowledge,30%,36260,28.82,0.027,17624006
6859,Train and assist tutors and community literacy volunteers....,"Adult Basic Education, Adult Secondary Education, and English as a Second Language Instructors",25-3011,Tier1_Knowledge,30%,36260,28.82,0.027,17624006
6829,Prepare materials and classrooms for class activities....,"Adult Basic Education, Adult Secondary Education, and English as a Second Language Instructors",25-3011,Tier1_Knowledge,30%,36260,28.82,0.027,17624006
6852,"Participate in publicity planning, community awareness efforts, and student recruitment....","Adult Basic Education, Adult Secondary Education, and English as a Second Language Instructors",25-3011,Tier1_Knowledge,30%,36260,28.82,0.027,17624006
6832,Prepare students for further education by encouraging them to explore learning opportunities and to ...,"Adult Basic Education, Adult Secondary Education, and English as a Second Language Instructors",25-3011,Tier1_Knowledge,30%,36260,28.82,0.027,17624006
6824,"Adapt teaching methods and instructional materials to meet students' varying needs, abilities, and i...","Adult Basic Education, Adult Secondary Education, and English as a Second Language Instructors",25-3011,Tier1_Knowledge,30%,36260,28.82,0.027,17624006
6846,Meet with other professionals to discuss individual students' needs and progress....,"Adult Basic Education, Adult Secondary Education, and English as a Second Language Instructors",25-3011,Tier1_Writing,30%,36260,28.82,0.027,17624006
6855,"Advise students on internships, prospective employers, and job placement services....","Adult Basic Education, Adult Secondary Education, and English as a Second Language Instructors",25-3011,Tier1_Writing,30%,36260,28.82,0.027,17624006
21152,"Exchange money, credit, tickets, or casino chips and make change for customers....",Gambling Change Persons and Booth Cashiers,41-2012,Tier1_Knowledge,30%,21930,16.74,0.0769,17621194
6998,Count money and audit money drawers....,Gambling Change Persons and Booth Cashiers,41-2012,Tier1_Knowledge,30%,21930,16.74,0.0769,17621194
7004,Obtain customers' signatures on receipts when winnings exceed the amount held in a slot machine....,Gambling Change Persons and Booth Cashiers,41-2012,Tier1_Knowledge,30%,21930,16.74,0.0769,17621194
19750,Conduct research into the use of plant species as green fuels or in the production of green fuels....,Soil and Plant Scientists,19-1013,Tier1_Good,40%,16600,34.33,0.037,17560685
17809,"Perform routine maintenance on wind turbine equipment, underground transmission systems, wind fields...",Wind Turbine Service Technicians,49-9081,Tier1_Knowledge,30%,11220,30.09,0.0833,17555710
17811,"Test electrical components of wind systems with devices, such as voltage testers, multimeters, oscil...",Wind Turbine Service Technicians,49-9081,Tier1_Knowledge,30%,11220,30.09,0.0833,17555710
7581,Analyze test results to classify products or compare results with standard tables....,Food Science Technicians,19-4013,Tier1_Good,40%,14200,23.76,0.0625,17544384
23365,"Issue equipment, such as farm implements, machinery, ladders, or containers to workers, and collect ...","First-Line Supervisors of Farming, Fishing, and Forestry Workers",45-1011,Tier1_Knowledge,30%,29530,28.53,0.0333,17523811
23357,"Transport or arrange for transport of animals, equipment, food, animal feed, and other supplies to a...","First-Line Supervisors of Farming, Fishing, and Forestry Workers",45-1011,Tier1_Knowledge,30%,29530,28.53,0.0333,17523811
23356,"Perform both supervisory and management functions, such as accounting, marketing, and personnel work...","First-Line Supervisors of Farming, Fishing, and Forestry Workers",45-1011,Tier1_Knowledge,30%,29530,28.53,0.0333,17523811
23352,"Coordinate dismantling, moving, and setting up equipment at new work sites....","First-Line Supervisors of Farming, Fishing, and Forestry Workers",45-1011,Tier1_Knowledge,30%,29530,28.53,0.0333,17523811
23347,"Train workers in spawning, rearing, cultivating, and harvesting methods, and in the use of equipment...","First-Line Supervisors of Farming, Fishing, and Forestry Workers",45-1011,Tier1_Knowledge,30%,29530,28.53,0.0333,17523811
23346,"Treat animal illnesses or injuries, following experience or instructions of veterinarians....","First-Line Supervisors of Farming, Fishing, and Forestry Workers",45-1011,Tier1_Knowledge,30%,29530,28.53,0.0333,17523811
23341,"Record the numbers and types of fish or shellfish reared, harvested, released, sold, and shipped....","First-Line Supervisors of Farming, Fishing, and Forestry Workers",45-1011,Tier1_Knowledge,30%,29530,28.53,0.0333,17523811
14427,"Roll hand rollers over rebuilt casings, exerting pressure to ensure adhesion between camelbacks and ...",Tire Builders,51-9197,Tier1_Knowledge,30%,20970,26.72,0.05,17481934
14415,"Align treads with guides, start drums to wind treads onto plies, and slice ends....",Tire Builders,51-9197,Tier1_Knowledge,30%,20970,26.72,0.05,17481934
3339,Offer counsel and comfort to bereaved families or friends....,"Morticians, Undertakers, and Funeral Arrangers",39-4031,Tier1_Writing,30%,25700,23.94,0.0455,17450954
3349,Arrange for pallbearers or inform pallbearers or honorary groups of their duties....,"Morticians, Undertakers, and Funeral Arrangers",39-4031,Tier1_Knowledge,30%,25700,23.94,0.0455,17450954
3348,"Plan placement of caskets at funeral sites or place or adjust lights, fixtures, or floral displays....","Morticians, Undertakers, and Funeral Arrangers",39-4031,Tier1_Knowledge,30%,25700,23.94,0.0455,17450954
3342,"Provide or arrange transportation between sites for the remains, mourners, pallbearers, clergy, or f...","Morticians, Undertakers, and Funeral Arrangers",39-4031,Tier1_Knowledge,30%,25700,23.94,0.0455,17450954
3346,Inform survivors of benefits for which they may be eligible....,"Morticians, Undertakers, and Funeral Arrangers",39-4031,Tier1_Writing,30%,25700,23.94,0.0455,17450954
3340,Close caskets and lead funeral corteges to churches or burial sites....,"Morticians, Undertakers, and Funeral Arrangers",39-4031,Tier1_Knowledge,30%,25700,23.94,0.0455,17450954
19456,"Set up or operate glue machines by filling glue reservoirs, turning switches to activate heating ele...",Print Binding and Finishing Workers,51-5113,Tier1_Knowledge,30%,36470,19.14,0.04,17422974
19455,"Set up or operate bindery machines, such as coil binders, thermal or tape binders, plastic comb bind...",Print Binding and Finishing Workers,51-5113,Tier1_Knowledge,30%,36470,19.14,0.04,17422974
22142,"Conduct fact-finding or mediation sessions among government units, landowners, or other agencies to ...",Conservation Scientists,19-1031,Tier1_Knowledge,30%,25590,32.67,0.0333,17389326
22157,"Develop or conduct environmental studies, such as plant material field trials or wildlife habitat im...",Conservation Scientists,19-1031,Tier1_Knowledge,30%,25590,32.67,0.0333,17389326
22152,Manage field offices or involve staff in cooperative ventures....,Conservation Scientists,19-1031,Tier1_Knowledge,30%,25590,32.67,0.0333,17389326
22143,Revisit land users to view implemented land use practices or plans....,Conservation Scientists,19-1031,Tier1_Knowledge,30%,25590,32.67,0.0333,17389326
22134,"Advise land users, such as farmers or ranchers, on plans, problems, or alternative conservation solu...",Conservation Scientists,19-1031,Tier1_Knowledge,30%,25590,32.67,0.0333,17389326
13909,"Tighten loose bolts, using wrenches, and test circuits and connections by opening and closing gates....",Signal and Track Switch Repairers,49-9097,Tier1_Knowledge,30%,8210,40.19,0.0833,17157915
17164,Conduct clinical or laboratory-based research in ophthalmology....,"Ophthalmologists, Except Pediatric",29-1241,Tier1_Good,40%,12110,30.61,0.0556,17133982
8411,"Cover treadles with carpeting or other floor covering materials, and test systems by operating tread...",Mechanical Door Repairers,49-9011,Tier1_Knowledge,30%,27970,24.54,0.04,17132140
8269,"Select tools, equipment, or materials from storage and transport items to work site....",Helpers--Carpenters,47-3012,Tier1_Knowledge,30%,24610,20.0,0.0556,17062933
8272,"Hold plumb bobs, sighting rods, or other equipment to aid in establishing reference points and lines...",Helpers--Carpenters,47-3012,Tier1_Knowledge,30%,24610,20.0,0.0556,17062933
6079,"Compile, administer, and grade examinations, or assign this work to others....","Sociology Teachers, Postsecondary",25-1067,Tier1_Good,40%,12380,39.68,0.0417,17030753
6086,Collaborate with colleagues to address teaching and research issues....,"Sociology Teachers, Postsecondary",25-1067,Tier1_Good,40%,12380,39.68,0.0417,17030753
6249,"Compile, administer, and grade examinations, or assign this work to others....","Social Work Teachers, Postsecondary",25-1113,Tier1_Good,40%,13350,36.64,0.0417,16956725
6248,Collaborate with colleagues and community agencies to address teaching and research issues....,"Social Work Teachers, Postsecondary",25-1113,Tier1_Good,40%,13350,36.64,0.0417,16956725
17762,Visually inspect and test photovoltaic (PV) modules or systems....,Solar Photovoltaic Installers,47-2231,Tier1_Knowledge,30%,28280,24.93,0.0385,16920490
17744,Activate photovoltaic (PV) systems to verify system functionality and conformity to performance expe...,Solar Photovoltaic Installers,47-2231,Tier1_Knowledge,30%,28280,24.93,0.0385,16920490
17758,Measure and analyze system performance and operating parameters to assess operating condition of sys...,Solar Photovoltaic Installers,47-2231,Tier1_Knowledge,30%,28280,24.93,0.0385,16920490
6196,"Compile, administer, and grade examinations, or assign this work to others....","Criminal Justice and Law Enforcement Teachers, Postsecondary",25-1111,Tier1_Good,40%,13560,34.36,0.0435,16854490
6206,Collaborate with colleagues to address teaching and research issues....,"Criminal Justice and Law Enforcement Teachers, Postsecondary",25-1111,Tier1_Good,40%,13560,34.36,0.0435,16854490
5739,"Compile, administer, and grade examinations, or assign this work to others....","Architecture Teachers, Postsecondary",25-1031,Tier1_Good,40%,9120,48.79,0.0455,16827229
5743,Collaborate with colleagues to address teaching and research issues....,"Architecture Teachers, Postsecondary",25-1031,Tier1_Good,40%,9120,48.79,0.0455,16827229
7125,Keep records of company locks and keys....,Locksmiths and Safe Repairers,49-9094,Tier1_Knowledge,30%,15550,24.27,0.0714,16821190
5967,"Compile, administer, and grade examinations, or assign this work to others....","Area, Ethnic, and Cultural Studies Teachers, Postsecondary",25-1062,Tier1_Good,40%,11430,40.52,0.0435,16755386
5973,Collaborate with colleagues to address teaching and research issues....,"Area, Ethnic, and Cultural Studies Teachers, Postsecondary",25-1062,Tier1_Good,40%,11430,40.52,0.0435,16755386
20079,"Participate in campus and community events, such as giving public lectures about research....","Area, Ethnic, and Cultural Studies Teachers, Postsecondary",25-1062,Tier1_Good,40%,11430,40.52,0.0435,16755386
19189,Apply selected research findings to practice....,Music Therapists,29-1129,Tier1_Good,40%,19320,31.26,0.0333,16749358
22733,"Advise other physicians of the clinical indications, limitations, assessments, or risks of diagnosti...",Radiologists,29-1224,Tier1_Knowledge,30%,26290,30.61,0.0333,16738528
17231,Participate in quality improvement activities including discussions of areas where risk of error is ...,Radiologists,29-1224,Tier1_Writing,30%,26290,30.61,0.0333,16738528
17245,Confer with medical professionals regarding image-based diagnoses....,Radiologists,29-1224,Tier1_Knowledge,30%,26290,30.61,0.0333,16738528
17239,Review or transmit images and information using picture archiving or communications systems....,Radiologists,29-1224,Tier1_Knowledge,30%,26290,30.61,0.0333,16738528
17252,"Communicate examination results or diagnostic information to referring physicians, patients, or fami...",Radiologists,29-1224,Tier1_Knowledge,30%,26290,30.61,0.0333,16738528
6433,Collaborate with colleagues to address teaching and research issues....,"Recreation and Fitness Studies Teachers, Postsecondary",25-1193,Tier1_Good,40%,12680,36.49,0.0435,16735395
6426,"Compile, administer, and grade examinations, or assign this work to others....","Recreation and Fitness Studies Teachers, Postsecondary",25-1193,Tier1_Good,40%,12680,36.49,0.0435,16735395
14475,Read pressure and temperature gauges or displays and record data in engineering logs....,Sailors and Marine Oilers,53-5011,Tier1_Knowledge,30%,31360,23.85,0.0357,16668288
14482,"Tie barges together into tow units for tugboats to handle, inspecting barges periodically during voy...",Sailors and Marine Oilers,53-5011,Tier1_Knowledge,30%,31360,23.85,0.0357,16668288
14476,Examine machinery to verify specified pressures or lubricant flows....,Sailors and Marine Oilers,53-5011,Tier1_Knowledge,30%,31360,23.85,0.0357,16668288
14457,"Maintain government-issued certifications, as required....",Sailors and Marine Oilers,53-5011,Tier1_Knowledge,30%,31360,23.85,0.0357,16668288
14459,"Stand by wheels when ships are on automatic pilot, and verify accuracy of courses, using magnetic co...",Sailors and Marine Oilers,53-5011,Tier1_Knowledge,30%,31360,23.85,0.0357,16668288
20935,"Record data in ships' logs, such as weather conditions or distances traveled....",Sailors and Marine Oilers,53-5011,Tier1_Knowledge,30%,31360,23.85,0.0357,16668288
14477,"Measure depth of water in shallow or unfamiliar waters, using leadlines, and telephone or shout dept...",Sailors and Marine Oilers,53-5011,Tier1_Knowledge,30%,31360,23.85,0.0357,16668288
14483,Participate in shore patrols....,Sailors and Marine Oilers,53-5011,Tier1_Knowledge,30%,31360,23.85,0.0357,16668288
5934,Act as advisers to student organizations....,"Physics Teachers, Postsecondary",25-1054,Tier1_Writing,30%,13590,46.81,0.0417,16539030
5926,"Conduct research in a particular field of knowledge and publish findings in professional journals, b...","Physics Teachers, Postsecondary",25-1054,Tier1_Partial,30%,13590,46.81,0.0417,16539030
5927,Advise students on academic and vocational curricula and on career issues....,"Physics Teachers, Postsecondary",25-1054,Tier1_Writing,30%,13590,46.81,0.0417,16539030
5928,"Select and obtain materials and supplies, such as textbooks and laboratory equipment....","Physics Teachers, Postsecondary",25-1054,Tier1_Knowledge,30%,13590,46.81,0.0417,16539030
5925,"Initiate, facilitate, and moderate classroom discussions....","Physics Teachers, Postsecondary",25-1054,Tier1_Knowledge,30%,13590,46.81,0.0417,16539030
5919,Supervise students' laboratory work....,"Physics Teachers, Postsecondary",25-1054,Tier1_Knowledge,30%,13590,46.81,0.0417,16539030
5935,Provide professional consulting services to government or industry....,"Physics Teachers, Postsecondary",25-1054,Tier1_Writing,30%,13590,46.81,0.0417,16539030
5923,"Keep abreast of developments in the field by reading current literature, talking with colleagues, an...","Physics Teachers, Postsecondary",25-1054,Tier1_Knowledge,30%,13590,46.81,0.0417,16539030
1574,Operate and maintain laboratory equipment and apparatus....,Forensic Science Technicians,19-4092,Tier1_Knowledge,30%,19450,32.42,0.0417,16394794
1584,"Visit morgues, examine scenes of crimes, or contact other sources to obtain evidence or information ...",Forensic Science Technicians,19-4092,Tier1_Knowledge,30%,19450,32.42,0.0417,16394794
1573,"Interpret laboratory findings or test results to identify and classify substances, materials, or oth...",Forensic Science Technicians,19-4092,Tier1_Knowledge,30%,19450,32.42,0.0417,16394794
1582,Collect impressions of dust from surfaces to obtain and identify fingerprints....,Forensic Science Technicians,19-4092,Tier1_Knowledge,30%,19450,32.42,0.0417,16394794
18481,Train new technicians or other personnel on forensic science techniques....,Forensic Science Technicians,19-4092,Tier1_Knowledge,30%,19450,32.42,0.0417,16394794
13813,"Light and adjust pilot lights on gas stoves, and examine valves and burners for gas leakage and spec...",Home Appliance Repairers,49-9031,Tier1_Knowledge,30%,31940,23.76,0.0345,16329314
9093,Visit suppliers of materials or users of products to gather specific information....,Materials Scientists,19-2032,Tier1_Knowledge,30%,8330,50.08,0.0625,16269490
9091,Recommend materials for reliable performance in various environments....,Materials Scientists,19-2032,Tier1_Knowledge,30%,8330,50.08,0.0625,16269490
9085,Plan laboratory experiments to confirm feasibility of processes and techniques used in the productio...,Materials Scientists,19-2032,Tier1_Knowledge,30%,8330,50.08,0.0625,16269490
9099,Teach in colleges and universities....,Materials Scientists,19-2032,Tier1_Knowledge,30%,8330,50.08,0.0625,16269490
14622,"Test materials and solutions, using testing equipment....","Pump Operators, Except Wellhead Pumpers",53-7072,Tier1_Knowledge,30%,12600,28.86,0.0714,16207776
14611,"Communicate with other workers, using signals, radios, or telephones, to start and stop flows of mat...","Pump Operators, Except Wellhead Pumpers",53-7072,Tier1_Writing,30%,12600,28.86,0.0714,16207776
14613,"Turn valves and start pumps to start or regulate flows of substances such as gases, liquids, slurrie...","Pump Operators, Except Wellhead Pumpers",53-7072,Tier1_Knowledge,30%,12600,28.86,0.0714,16207776
14614,"Plan movement of products through lines to processing, storage, and shipping units, using knowledge ...","Pump Operators, Except Wellhead Pumpers",53-7072,Tier1_Knowledge,30%,12600,28.86,0.0714,16207776
14610,"Record operating data such as products and quantities pumped, stocks used, gauging results, and oper...","Pump Operators, Except Wellhead Pumpers",53-7072,Tier1_Knowledge,30%,12600,28.86,0.0714,16207776
10748,Inform supervisors of equipment malfunctions that need to be addressed....,Conveyor Operators and Tenders,53-7011,Tier1_Writing,30%,26060,19.82,0.05,16115087
13300,"Complete records of production, including work volumes and outputs, materials used, and any backlogs...","Office Machine Operators, Except Computer",43-9071,Tier1_Knowledge,30%,24740,18.76,0.0556,16089577
13296,"Maintain stock of supplies, and requisition any needed items....","Office Machine Operators, Except Computer",43-9071,Tier1_Knowledge,30%,24740,18.76,0.0556,16089577
13293,"Set up and adjust machines, regulating factors such as speed, ink flow, focus, and number of copies....","Office Machine Operators, Except Computer",43-9071,Tier1_Knowledge,30%,24740,18.76,0.0556,16089577
13624,"Align posts, by lines or sighting, and verify vertical alignment of posts, using plumb bobs or spiri...",Fence Erectors,47-4031,Tier1_Knowledge,30%,22640,22.57,0.05,15942726
13975,"Bond wood reinforcing strips to decks and cabin structures of watercraft, using resin-saturated fibe...",Fiberglass Laminators and Fabricators,51-2051,Tier1_Knowledge,30%,18520,22.0,0.0625,15890160
23155,Interview and hire workers....,First-Line Supervisors of Gambling Services Workers,39-1013,Tier1_Writing,30%,25530,29.61,0.0333,15723621
23154,"Establish policies on types of gambling offered, odds, or extension of credit....",First-Line Supervisors of Gambling Services Workers,39-1013,Tier1_Knowledge,30%,25530,29.61,0.0333,15723621
23143,"Exchange currency for customers, converting currency into requested combinations of bills and coins....",First-Line Supervisors of Gambling Services Workers,39-1013,Tier1_Knowledge,30%,25530,29.61,0.0333,15723621
23129,"Observe gamblers' behavior for signs of cheating, such as marking, switching, or counting cards, and...",First-Line Supervisors of Gambling Services Workers,39-1013,Tier1_Knowledge,30%,25530,29.61,0.0333,15723621
23128,Respond to and resolve patrons' complaints....,First-Line Supervisors of Gambling Services Workers,39-1013,Tier1_Knowledge,30%,25530,29.61,0.0333,15723621
23132,Greet customers and ask about the quality of service they are receiving....,First-Line Supervisors of Gambling Services Workers,39-1013,Tier1_Knowledge,30%,25530,29.61,0.0333,15723621
23135,Maintain familiarity with the games at a facility and with strategies or tricks used by cheaters at ...,First-Line Supervisors of Gambling Services Workers,39-1013,Tier1_Knowledge,30%,25530,29.61,0.0333,15723621
23152,"Supervise the distribution of complimentary meals, hotel rooms, discounts, or other items given to p...",First-Line Supervisors of Gambling Services Workers,39-1013,Tier1_Knowledge,30%,25530,29.61,0.0333,15723621
23148,"Record, issue receipts for, and pay off bets....",First-Line Supervisors of Gambling Services Workers,39-1013,Tier1_Knowledge,30%,25530,29.61,0.0333,15723621
14374,Examine and inspect machines to detect malfunctions....,"Cleaning, Washing, and Metal Pickling Equipment Operators and Tenders",51-9192,Tier1_Knowledge,30%,13890,19.93,0.0909,15703680
14373,"Set controls to regulate temperature and length of cycles, and start conveyors, pumps, agitators, an...","Cleaning, Washing, and Metal Pickling Equipment Operators and Tenders",51-9192,Tier1_Knowledge,30%,13890,19.93,0.0909,15703680
7998,"Train horses or other equines for riding, harness, show, racing, or other work, using knowledge of b...",Animal Trainers,39-2011,Tier1_Knowledge,30%,20110,18.63,0.0667,15585411
7988,Observe animals' physical conditions to detect illness or unhealthy conditions requiring medical car...,Animal Trainers,39-2011,Tier1_Knowledge,30%,20110,18.63,0.0667,15585411
7990,Administer prescribed medications to animals....,Animal Trainers,39-2011,Tier1_Knowledge,30%,20110,18.63,0.0667,15585411
7996,Advise animal owners regarding the purchase of specific animals....,Animal Trainers,39-2011,Tier1_Writing,30%,20110,18.63,0.0667,15585411
8002,"Retrain horses to break bad habits, such as kicking, bolting, or resisting bridling or grooming....",Animal Trainers,39-2011,Tier1_Knowledge,30%,20110,18.63,0.0667,15585411
8001,Train dogs in human assistance or property protection duties....,Animal Trainers,39-2011,Tier1_Knowledge,30%,20110,18.63,0.0667,15585411
9395,Show and explain orthopedic and prosthetic appliances to healthcare workers....,Orthotists and Prosthetists,29-2091,Tier1_Knowledge,30%,9930,37.65,0.0667,15552763
9394,Update skills and knowledge by attending conferences and seminars....,Orthotists and Prosthetists,29-2091,Tier1_Writing,30%,9930,37.65,0.0667,15552763
9397,Publish research findings or present them at conferences and seminars....,Orthotists and Prosthetists,29-2091,Tier1_Partial,30%,9930,37.65,0.0667,15552763
17834,Coordinate raw product sourcing or collection....,Biofuels Processing Technicians,51-8099,Tier1_Knowledge,30%,15950,29.67,0.0526,15542083
17825,Collect biofuels samples and perform routine laboratory tests or analyses to assess biofuels quality...,Biofuels Processing Technicians,51-8099,Tier1_Knowledge,30%,15950,29.67,0.0526,15542083
17823,Assess the quality of biofuels additives for reprocessing....,Biofuels Processing Technicians,51-8099,Tier1_Knowledge,30%,15950,29.67,0.0526,15542083
17821,"Operate valves, pumps, engines, or generators to control and adjust biofuels production....",Biofuels Processing Technicians,51-8099,Tier1_Knowledge,30%,15950,29.67,0.0526,15542083
12004,Turn valve handles to direct the flow of coolant onto work areas or to coat disks with spinning comp...,"Lathe and Turning Machine Tool Setters, Operators, and Tenders, Metal and Plastic",51-4034,Tier1_Knowledge,30%,18970,23.38,0.0556,15375311
11997,"Crank machines through cycles, stopping to adjust tool positions and machine controls to ensure spec...","Lathe and Turning Machine Tool Setters, Operators, and Tenders, Metal and Plastic",51-4034,Tier1_Knowledge,30%,18970,23.38,0.0556,15375311
11993,Adjust machine controls and change tool settings to keep dimensions within specified tolerances....,"Lathe and Turning Machine Tool Setters, Operators, and Tenders, Metal and Plastic",51-4034,Tier1_Knowledge,30%,18970,23.38,0.0556,15375311
8354,"Connect test panels to engines and measure generator output, ignition timing, or other engine perfor...",Motorcycle Mechanics,49-3052,Tier1_Knowledge,30%,14010,22.69,0.0769,15258571
18459,"Read current literature, talk with colleagues, or participate in professional organizations or confe...",Nurse Midwives,29-1161,Tier1_Knowledge,30%,8280,61.92,0.0476,15234443
23919,"Instruct student nurse midwives, medical students, or residents on the birthing process....",Nurse Midwives,29-1161,Tier1_Knowledge,30%,8280,61.92,0.0476,15234443
18442,"Provide prenatal, intrapartum, postpartum, or newborn care to patients....",Nurse Midwives,29-1161,Tier1_Knowledge,30%,8280,61.92,0.0476,15234443
18453,Order and interpret diagnostic or laboratory tests....,Nurse Midwives,29-1161,Tier1_Knowledge,30%,8280,61.92,0.0476,15234443
18451,Manage newborn care during the first weeks of life....,Nurse Midwives,29-1161,Tier1_Knowledge,30%,8280,61.92,0.0476,15234443
18446,Consult with or refer patients to appropriate specialists when conditions exceed the scope of practi...,Nurse Midwives,29-1161,Tier1_Knowledge,30%,8280,61.92,0.0476,15234443
1652,"Attend meetings, conventions, and civic events to promote use of institution's services, to seek fin...",Curators,25-4012,Tier1_Knowledge,30%,12280,29.7,0.0667,15172186
1655,"Study, examine, and test acquisitions to authenticate their origin, composition, history, and to ass...",Curators,25-4012,Tier1_Knowledge,30%,12280,29.7,0.0667,15172186
1645,Provide information from the institution's holdings to other curators and to the public....,Curators,25-4012,Tier1_Partial,30%,12280,29.7,0.0667,15172186
13537,Apply additional coats to fill in holes and make surfaces smooth....,Tapers,47-2082,Tier1_Writing,30%,12500,31.11,0.0625,15166125
13541,Select the correct sealing compound or tape....,Tapers,47-2082,Tier1_Knowledge,30%,12500,31.11,0.0625,15166125
19147,"Develop individualized treatment plans that incorporate studio art therapy, counseling, or psychothe...",Art Therapists,29-1129,Tier1_Knowledge,30%,19320,31.26,0.04,15074422
19159,Recommend or purchase needed art supplies or equipment....,Art Therapists,29-1129,Tier1_Knowledge,30%,19320,31.26,0.04,15074422
19162,"Supervise staff, volunteers, practicum students, or interns....",Art Therapists,29-1129,Tier1_Knowledge,30%,19320,31.26,0.04,15074422
19155,"Conduct information sharing sessions, such as in-service workshops for other professionals, potentia...",Art Therapists,29-1129,Tier1_Knowledge,30%,19320,31.26,0.04,15074422
19163,"Teach art therapy techniques or processes to artists, interns, volunteers, or others....",Art Therapists,29-1129,Tier1_Knowledge,30%,19320,31.26,0.04,15074422
8325,"Select appropriate tools, safety equipment, and parts, according to job requirements....",Automotive Glass Installers and Repairers,49-3022,Tier1_Knowledge,30%,18940,22.72,0.0556,14917649
19302,Prepare and apply sterile wound dressings....,Surgical Assistants,29-9093,Tier1_Knowledge,30%,22860,28.99,0.0357,14768997
19314,Transport patients to operating room....,Surgical Assistants,29-9093,Tier1_Knowledge,30%,22860,28.99,0.0357,14768997
21950,Confer with engineering staff and other personnel to resolve problems....,Electrical and Electronics Drafters,17-3012,Tier1_Knowledge,30%,20020,35.44,0.0333,14757783
23298,Compile and analyze credit information gathered by investigation....,"Credit Authorizers, Checkers, and Clerks",43-4041,Tier1_Good,40%,11960,23.62,0.0625,14689750
3923,Compile scores and other athletic records....,"Umpires, Referees, and Other Sports Officials",27-2023,Tier1_Good,40%,15080,18.66,0.0625,14635140
19065,"Communicate nonverbally with children to provide them with comfort, encouragement, or positive reinf...","Special Education Teachers, Preschool",25-2051,Tier1_Writing,30%,28200,29.9,0.0278,14614650
19098,"Provide assistive devices, supportive technology, or assistance accessing facilities, such as restro...","Special Education Teachers, Preschool",25-2051,Tier1_Knowledge,30%,28200,29.9,0.0278,14614650
19083,Serve meals or snacks in accordance with nutritional guidelines....,"Special Education Teachers, Preschool",25-2051,Tier1_Knowledge,30%,28200,29.9,0.0278,14614650
19092,Coordinate placement of students with special needs into mainstream classes....,"Special Education Teachers, Preschool",25-2051,Tier1_Knowledge,30%,28200,29.9,0.0278,14614650
19063,"Arrange indoor or outdoor space to facilitate creative play, motor-skill activities, or safety....","Special Education Teachers, Preschool",25-2051,Tier1_Knowledge,30%,28200,29.9,0.0278,14614650
19091,"Control the inventory or distribution of classroom equipment, materials, or supplies....","Special Education Teachers, Preschool",25-2051,Tier1_Knowledge,30%,28200,29.9,0.0278,14614650
19094,"Meet with parents or guardians to discuss their children's progress, advise them on using community ...","Special Education Teachers, Preschool",25-2051,Tier1_Knowledge,30%,28200,29.9,0.0278,14614650
19070,Encourage students to explore learning opportunities or persevere with challenging tasks to prepare ...,"Special Education Teachers, Preschool",25-2051,Tier1_Knowledge,30%,28200,29.9,0.0278,14614650
19085,"Teach socially acceptable behavior, employing techniques such as behavior modification or positive r...","Special Education Teachers, Preschool",25-2051,Tier1_Knowledge,30%,28200,29.9,0.0278,14614650
19068,Develop or implement strategies to meet the needs of students with a variety of disabilities....,"Special Education Teachers, Preschool",25-2051,Tier1_Knowledge,30%,28200,29.9,0.0278,14614650
13215,"Gather information from agents concerning the pay, dates, times, provisions, and lengths of jobs....",Models,41-9012,Tier1_Partial,30%,5350,43.26,0.1,14441918
13216,"Follow strict routines of diet, sleep, and exercise to maintain appearance....",Models,41-9012,Tier1_Knowledge,30%,5350,43.26,0.1,14441918
13226,"Dress in sample or completed garments, and select accessories....",Models,41-9012,Tier1_Knowledge,30%,5350,43.26,0.1,14441918
21060,"Maintain inventories of robotic production supplies, such as sensors or cables....",Robotics Technicians,17-3024,Tier1_Knowledge,30%,14680,34.02,0.0455,14165186
16585,"Develop robotic path motions to maximize efficiency, safety, and quality....",Robotics Technicians,17-3024,Tier1_Knowledge,30%,14680,34.02,0.0455,14165186
16586,Attach wires between controllers....,Robotics Technicians,17-3024,Tier1_Knowledge,30%,14680,34.02,0.0455,14165186
16582,Develop three-dimensional simulations of automation systems....,Robotics Technicians,17-3024,Tier1_Knowledge,30%,14680,34.02,0.0455,14165186
16591,"Test performance of robotic assemblies, using instruments such as oscilloscopes, electronic voltmete...",Robotics Technicians,17-3024,Tier1_Knowledge,30%,14680,34.02,0.0455,14165186
7253,"Keep informed of activities or changes that could affect the likelihood of an emergency, response ef...",Emergency Management Directors,11-9161,Tier1_Knowledge,30%,12570,41.41,0.0435,14122034
7254,"Prepare plans that outline operating procedures to be used in response to disasters or emergencies, ...",Emergency Management Directors,11-9161,Tier1_Knowledge,30%,12570,41.41,0.0435,14122034
2838,"Stretch carpet to align with walls and ensure a smooth surface, and press carpet in place over tack ...",Carpet Installers,47-2041,Tier1_Knowledge,30%,14980,23.97,0.0625,14003753
9889,"Inspect derricks, or order their inspection, prior to being raised or lowered....","Derrick Operators, Oil and Gas",47-5011,Tier1_Knowledge,30%,11040,30.16,0.0667,13851402
9898,Guide lengths of pipe into and out of elevators....,"Derrick Operators, Oil and Gas",47-5011,Tier1_Knowledge,30%,11040,30.16,0.0667,13851402
22699,"Diagnose cardiovascular conditions, using cardiac catheterization....",Cardiologists,29-1212,Tier1_Knowledge,30%,18020,30.61,0.04,13767741
22690,"Advise patients and community members concerning diet, activity, hygiene, or disease prevention....",Cardiologists,29-1212,Tier1_Knowledge,30%,18020,30.61,0.04,13767741
22708,"Order medical tests, such as echocardiograms, electrocardiograms, and angiograms....",Cardiologists,29-1212,Tier1_Knowledge,30%,18020,30.61,0.04,13767741
22697,"Conduct tests of the pulmonary system, using a spirometer or other respiratory testing equipment....",Cardiologists,29-1212,Tier1_Knowledge,30%,18020,30.61,0.04,13767741
3930,"Interview show guests about their lives, their work, or topics of current interest....",Broadcast Announcers and Radio Disc Jockeys,27-3011,Tier1_Knowledge,30%,23880,21.96,0.0417,13634525
3925,Read news flashes to inform audiences of important events....,Broadcast Announcers and Radio Disc Jockeys,27-3011,Tier1_Knowledge,30%,23880,21.96,0.0417,13634525
3934,Operate control consoles....,Broadcast Announcers and Radio Disc Jockeys,27-3011,Tier1_Knowledge,30%,23880,21.96,0.0417,13634525
3937,Record commercials for later broadcast....,Broadcast Announcers and Radio Disc Jockeys,27-3011,Tier1_Knowledge,30%,23880,21.96,0.0417,13634525
20888,Develop story lines for broadcasts....,Broadcast Announcers and Radio Disc Jockeys,27-3011,Tier1_Knowledge,30%,23880,21.96,0.0417,13634525
3938,Locate guests to appear on talk or interview shows....,Broadcast Announcers and Radio Disc Jockeys,27-3011,Tier1_Knowledge,30%,23880,21.96,0.0417,13634525
3942,"Provide commentary and conduct interviews during sporting events, parades, conventions, or other eve...",Broadcast Announcers and Radio Disc Jockeys,27-3011,Tier1_Writing,30%,23880,21.96,0.0417,13634525
20890,Maintain organization of the music library....,Broadcast Announcers and Radio Disc Jockeys,27-3011,Tier1_Knowledge,30%,23880,21.96,0.0417,13634525
3931,Discuss various topics over the telephone with viewers or listeners....,Broadcast Announcers and Radio Disc Jockeys,27-3011,Tier1_Writing,30%,23880,21.96,0.0417,13634525
3944,"Moderate panels or discussion shows on topics such as current affairs, art, or education....",Broadcast Announcers and Radio Disc Jockeys,27-3011,Tier1_Writing,30%,23880,21.96,0.0417,13634525
3941,Attend press conferences to gather information for broadcast....,Broadcast Announcers and Radio Disc Jockeys,27-3011,Tier1_Partial,30%,23880,21.96,0.0417,13634525
5865,Provide professional consulting services to government or industry....,"Atmospheric, Earth, Marine, and Space Sciences Teachers, Postsecondary",25-1051,Tier1_Writing,30%,11480,48.75,0.0385,13430275
5850,Supervise laboratory work and field work....,"Atmospheric, Earth, Marine, and Space Sciences Teachers, Postsecondary",25-1051,Tier1_Knowledge,30%,11480,48.75,0.0385,13430275
5856,"Initiate, facilitate, and moderate classroom discussions....","Atmospheric, Earth, Marine, and Space Sciences Teachers, Postsecondary",25-1051,Tier1_Knowledge,30%,11480,48.75,0.0385,13430275
5847,"Keep abreast of developments in the field by reading current literature, talking with colleagues, an...","Atmospheric, Earth, Marine, and Space Sciences Teachers, Postsecondary",25-1051,Tier1_Knowledge,30%,11480,48.75,0.0385,13430275
5858,Advise students on academic and vocational curricula and on career issues....,"Atmospheric, Earth, Marine, and Space Sciences Teachers, Postsecondary",25-1051,Tier1_Writing,30%,11480,48.75,0.0385,13430275
5862,"Select and obtain materials and supplies, such as textbooks and laboratory equipment....","Atmospheric, Earth, Marine, and Space Sciences Teachers, Postsecondary",25-1051,Tier1_Knowledge,30%,11480,48.75,0.0385,13430275
5866,Act as advisers to student organizations....,"Atmospheric, Earth, Marine, and Space Sciences Teachers, Postsecondary",25-1051,Tier1_Writing,30%,11480,48.75,0.0385,13430275
20070,Answer questions from the public and media....,"Atmospheric, Earth, Marine, and Space Sciences Teachers, Postsecondary",25-1051,Tier1_Partial,30%,11480,48.75,0.0385,13430275
5845,"Conduct research in a particular field of knowledge and publish findings in professional journals, b...","Atmospheric, Earth, Marine, and Space Sciences Teachers, Postsecondary",25-1051,Tier1_Partial,30%,11480,48.75,0.0385,13430275
4971,"Remove products from equipment, manually or using hoists, and prepare them for storage, shipment, or...","Furnace, Kiln, Oven, Drier, and Kettle Operators and Tenders",51-9051,Tier1_Knowledge,30%,16160,22.6,0.0588,13405576
7639,Research and record the origins and historical significance of archival materials....,Archivists,25-4011,Tier1_Good,40%,7050,29.6,0.0769,13355520
14013,Turn valves or pull levers to start and regulate the flow of coolant or lubricant to work areas....,"Milling and Planing Machine Setters, Operators, and Tenders, Metal and Plastic",51-4035,Tier1_Knowledge,30%,13810,23.22,0.0667,13339797
14012,Record production output....,"Milling and Planing Machine Setters, Operators, and Tenders, Metal and Plastic",51-4035,Tier1_Knowledge,30%,13810,23.22,0.0667,13339797
19044,Attend court sessions to hear oral arguments or record necessary case information....,Judicial Law Clerks,23-1012,Tier1_Knowledge,30%,13220,29.04,0.0556,13308838
19045,Communicate with counsel regarding case management or procedural requirements....,Judicial Law Clerks,23-1012,Tier1_Knowledge,30%,13220,29.04,0.0556,13308838
19049,Participate in conferences or discussions between trial attorneys and judges....,Judicial Law Clerks,23-1012,Tier1_Writing,30%,13220,29.04,0.0556,13308838
19062,"Supervise law students, volunteers, or other personnel assigned to the court....",Judicial Law Clerks,23-1012,Tier1_Knowledge,30%,13220,29.04,0.0556,13308838
19048,Keep abreast of changes in the law and inform judges when cases are affected by such changes....,Judicial Law Clerks,23-1012,Tier1_Writing,30%,13220,29.04,0.0556,13308838
14230,"Examine furniture frames, upholstery, springs, and webbing to locate defects....",Upholsterers,51-6093,Tier1_Knowledge,30%,20990,22.21,0.0455,13222784
4525,Issue and store funeral equipment....,Funeral Attendants,39-4021,Tier1_Knowledge,30%,30560,16.64,0.0417,13221478
4516,Obtain burial permits and register deaths....,Funeral Attendants,39-4021,Tier1_Knowledge,30%,30560,16.64,0.0417,13221478
20607,Prepare obituaries for newspapers....,Funeral Attendants,39-4021,Tier1_Knowledge,30%,30560,16.64,0.0417,13221478
4517,Direct or escort mourners to parlors or chapels in which wakes or funerals are being held....,Funeral Attendants,39-4021,Tier1_Knowledge,30%,30560,16.64,0.0417,13221478
4522,Arrange floral offerings or lights around caskets....,Funeral Attendants,39-4021,Tier1_Knowledge,30%,30560,16.64,0.0417,13221478
20602,"Perform general maintenance tasks for funeral homes, such as maintaining equipment or caring for fun...",Funeral Attendants,39-4021,Tier1_Knowledge,30%,30560,16.64,0.0417,13221478
20600,Supervise funeral processions and assist with cemetery parking....,Funeral Attendants,39-4021,Tier1_Knowledge,30%,30560,16.64,0.0417,13221478
9039,Study insect distribution or habitat and recommend methods to prevent importation or spread of injur...,Soil and Plant Scientists,19-1013,Tier1_Knowledge,30%,16600,34.33,0.037,13170514
9040,"Identify or classify species of insects or allied forms, such as mites or spiders....",Soil and Plant Scientists,19-1013,Tier1_Knowledge,30%,16600,34.33,0.037,13170514
9034,Provide advice regarding the development of regulatory standards for land reclamation or soil conser...,Soil and Plant Scientists,19-1013,Tier1_Knowledge,30%,16600,34.33,0.037,13170514
9025,"Conduct experiments to develop new or improved varieties of field crops, focusing on characteristics...",Soil and Plant Scientists,19-1013,Tier1_Knowledge,30%,16600,34.33,0.037,13170514
9024,Develop methods of conserving or managing soil that can be applied by farmers or forestry companies....,Soil and Plant Scientists,19-1013,Tier1_Knowledge,30%,16600,34.33,0.037,13170514
9038,Develop ways of altering soils to suit different types of plants....,Soil and Plant Scientists,19-1013,Tier1_Knowledge,30%,16600,34.33,0.037,13170514
20397,Train newly hired laboratory personnel....,Food Science Technicians,19-4013,Tier1_Knowledge,30%,14200,23.76,0.0625,13158288
22261,Supervise other food science technicians....,Food Science Technicians,19-4013,Tier1_Knowledge,30%,14200,23.76,0.0625,13158288
20398,Prepare or incubate slides with cell cultures....,Food Science Technicians,19-4013,Tier1_Knowledge,30%,14200,23.76,0.0625,13158288
10061,"Set temperature and time controls, light ovens, burners, driers, or roasters, and start equipment, s...","Food and Tobacco Roasting, Baking, and Drying Machine Operators and Tenders",51-3091,Tier1_Knowledge,30%,19500,20.54,0.0526,13154248
10063,"Record production data, such as weight and amount of product processed, type of product, and time an...","Food and Tobacco Roasting, Baking, and Drying Machine Operators and Tenders",51-3091,Tier1_Knowledge,30%,19500,20.54,0.0526,13154248
10062,"Observe flow of materials and listen for machine malfunctions, such as jamming or spillage, and noti...","Food and Tobacco Roasting, Baking, and Drying Machine Operators and Tenders",51-3091,Tier1_Knowledge,30%,19500,20.54,0.0526,13154248
10075,"Test products for moisture content, using moisture meters....","Food and Tobacco Roasting, Baking, and Drying Machine Operators and Tenders",51-3091,Tier1_Knowledge,30%,19500,20.54,0.0526,13154248
18836,Negotiate contracts for prearranged funeral services....,Funeral Home Managers,11-9171,Tier1_Knowledge,30%,13120,36.94,0.0435,13148841
18843,"Sell funeral services, products, or merchandise to clients....",Funeral Home Managers,11-9171,Tier1_Knowledge,30%,13120,36.94,0.0435,13148841
18837,Offer counsel and comfort to families and friends of the deceased....,Funeral Home Managers,11-9171,Tier1_Writing,30%,13120,36.94,0.0435,13148841
18850,Interview and hire new employees....,Funeral Home Managers,11-9171,Tier1_Writing,30%,13120,36.94,0.0435,13148841
18838,Plan and implement changes to service offerings to meet community needs or increase funeral home rev...,Funeral Home Managers,11-9171,Tier1_Knowledge,30%,13120,36.94,0.0435,13148841
18840,"Respond to customer complaints, legal inquiries, payment negotiations, or other post-service matters...",Funeral Home Managers,11-9171,Tier1_Knowledge,30%,13120,36.94,0.0435,13148841
5789,Collaborate with colleagues to address teaching and research issues....,"Agricultural Sciences Teachers, Postsecondary",25-1041,Tier1_Good,40%,8700,41.51,0.0435,13065130
5784,"Compile, administer, and grade examinations, or assign this work to others....","Agricultural Sciences Teachers, Postsecondary",25-1041,Tier1_Good,40%,8700,41.51,0.0435,13065130
17174,"Prescribe ophthalmologic treatments or therapies such as chemotherapy, cryotherapy, or low vision th...","Ophthalmologists, Except Pediatric",29-1241,Tier1_Knowledge,30%,12110,30.61,0.0556,12850486
17169,Prescribe or administer topical or systemic medications to treat ophthalmic conditions and to manage...,"Ophthalmologists, Except Pediatric",29-1241,Tier1_Knowledge,30%,12110,30.61,0.0556,12850486
17170,"Perform, order, or interpret the results of diagnostic or clinical tests....","Ophthalmologists, Except Pediatric",29-1241,Tier1_Knowledge,30%,12110,30.61,0.0556,12850486
17159,Provide ophthalmic consultation to other medical professionals....,"Ophthalmologists, Except Pediatric",29-1241,Tier1_Writing,30%,12110,30.61,0.0556,12850486
17160,"Refer patients for more specialized treatments when conditions exceed the experience, expertise, or ...","Ophthalmologists, Except Pediatric",29-1241,Tier1_Knowledge,30%,12110,30.61,0.0556,12850486
17165,Collaborate with multidisciplinary teams of health professionals to provide optimal patient care....,"Ophthalmologists, Except Pediatric",29-1241,Tier1_Knowledge,30%,12110,30.61,0.0556,12850486
17168,Prescribe corrective lenses such as glasses or contact lenses....,"Ophthalmologists, Except Pediatric",29-1241,Tier1_Writing,30%,12110,30.61,0.0556,12850486
17166,Provide or direct the provision of postoperative care....,"Ophthalmologists, Except Pediatric",29-1241,Tier1_Knowledge,30%,12110,30.61,0.0556,12850486
13653,Operate track wrenches to tighten or loosen bolts at joints that hold ends of rails together....,Rail-Track Laying and Maintenance Equipment Operators,47-4061,Tier1_Knowledge,30%,16480,32.39,0.0385,12810893
13656,Engage mechanisms that lay tracks or rails to specified gauges....,Rail-Track Laying and Maintenance Equipment Operators,47-4061,Tier1_Knowledge,30%,16480,32.39,0.0385,12810893
6098,Provide professional consulting services to government or industry....,"Sociology Teachers, Postsecondary",25-1067,Tier1_Writing,30%,12380,39.68,0.0417,12773065
6078,"Initiate, facilitate, and moderate classroom discussions....","Sociology Teachers, Postsecondary",25-1067,Tier1_Knowledge,30%,12380,39.68,0.0417,12773065
6081,"Keep abreast of developments in the field by reading current literature, talking with colleagues, an...","Sociology Teachers, Postsecondary",25-1067,Tier1_Knowledge,30%,12380,39.68,0.0417,12773065
6087,"Conduct research in a particular field of knowledge and publish findings in professional journals, b...","Sociology Teachers, Postsecondary",25-1067,Tier1_Partial,30%,12380,39.68,0.0417,12773065
6085,Advise students on academic and vocational curricula and on career issues....,"Sociology Teachers, Postsecondary",25-1067,Tier1_Writing,30%,12380,39.68,0.0417,12773065
6093,Supervise students' laboratory and field work....,"Sociology Teachers, Postsecondary",25-1067,Tier1_Knowledge,30%,12380,39.68,0.0417,12773065
21121,Mentor new faculty....,"Sociology Teachers, Postsecondary",25-1067,Tier1_Knowledge,30%,12380,39.68,0.0417,12773065
6095,Act as advisers to student organizations....,"Sociology Teachers, Postsecondary",25-1067,Tier1_Writing,30%,12380,39.68,0.0417,12773065
6088,"Select and obtain materials and supplies, such as textbooks and laboratory equipment....","Sociology Teachers, Postsecondary",25-1067,Tier1_Knowledge,30%,12380,39.68,0.0417,12773065
8302,Maintain and adjust machinery to ensure proper performance....,"Rotary Drill Operators, Oil and Gas",47-5012,Tier1_Knowledge,30%,13090,31.26,0.05,12766834
8315,"Plug observation wells, and restore sites....","Rotary Drill Operators, Oil and Gas",47-5012,Tier1_Knowledge,30%,13090,31.26,0.05,12766834
6260,Act as advisers to student organizations....,"Social Work Teachers, Postsecondary",25-1113,Tier1_Writing,30%,13350,36.64,0.0417,12717544
6259,Provide professional consulting services to government or industry....,"Social Work Teachers, Postsecondary",25-1113,Tier1_Writing,30%,13350,36.64,0.0417,12717544
6242,"Conduct research in a particular field of knowledge and publish findings in professional journals, b...","Social Work Teachers, Postsecondary",25-1113,Tier1_Partial,30%,13350,36.64,0.0417,12717544
6256,"Select and obtain materials and supplies, such as textbooks or laboratory equipment....","Social Work Teachers, Postsecondary",25-1113,Tier1_Knowledge,30%,13350,36.64,0.0417,12717544
6250,Advise students on academic and vocational curricula and on career issues....,"Social Work Teachers, Postsecondary",25-1113,Tier1_Writing,30%,13350,36.64,0.0417,12717544
6241,"Keep abreast of developments in the field by reading current literature, talking with colleagues, an...","Social Work Teachers, Postsecondary",25-1113,Tier1_Knowledge,30%,13350,36.64,0.0417,12717544
6243,Supervise students' laboratory and field work....,"Social Work Teachers, Postsecondary",25-1113,Tier1_Knowledge,30%,13350,36.64,0.0417,12717544
6238,"Initiate, facilitate, and moderate classroom discussions....","Social Work Teachers, Postsecondary",25-1113,Tier1_Knowledge,30%,13350,36.64,0.0417,12717544
20210,"Conduct meteorological research into the processes or determinants of atmospheric phenomena, weather...",Atmospheric and Space Scientists,19-2021,Tier1_Good,40%,8780,46.85,0.037,12675458
6214,Act as advisers to student organizations....,"Criminal Justice and Law Enforcement Teachers, Postsecondary",25-1111,Tier1_Writing,30%,13560,34.36,0.0435,12640868
6211,Provide professional consulting services to government or industry....,"Criminal Justice and Law Enforcement Teachers, Postsecondary",25-1111,Tier1_Writing,30%,13560,34.36,0.0435,12640868
6193,"Initiate, facilitate, and moderate classroom discussions....","Criminal Justice and Law Enforcement Teachers, Postsecondary",25-1111,Tier1_Knowledge,30%,13560,34.36,0.0435,12640868
6194,"Keep abreast of developments in the field by reading current literature, talking with colleagues, an...","Criminal Justice and Law Enforcement Teachers, Postsecondary",25-1111,Tier1_Knowledge,30%,13560,34.36,0.0435,12640868
6203,"Select and obtain materials and supplies, such as textbooks....","Criminal Justice and Law Enforcement Teachers, Postsecondary",25-1111,Tier1_Knowledge,30%,13560,34.36,0.0435,12640868
6199,"Conduct research in a particular field of knowledge and publish findings in professional journals, b...","Criminal Justice and Law Enforcement Teachers, Postsecondary",25-1111,Tier1_Partial,30%,13560,34.36,0.0435,12640868
6204,Advise students on academic and vocational curricula and on career issues....,"Criminal Justice and Law Enforcement Teachers, Postsecondary",25-1111,Tier1_Writing,30%,13560,34.36,0.0435,12640868
4024,Set up and operate portable field transmission equipment outside the studio....,Broadcast Technicians,27-4012,Tier1_Knowledge,30%,21080,25.92,0.037,12627763
4028,Discuss production requirements with clients....,Broadcast Technicians,27-4012,Tier1_Knowledge,30%,21080,25.92,0.037,12627763
5734,"Initiate, facilitate, and moderate classroom discussions....","Architecture Teachers, Postsecondary",25-1031,Tier1_Knowledge,30%,9120,48.79,0.0455,12620422
5742,Advise students on academic and vocational curricula and on career issues....,"Architecture Teachers, Postsecondary",25-1031,Tier1_Writing,30%,9120,48.79,0.0455,12620422
5740,"Conduct research in a particular field of knowledge and publish findings in professional journals, b...","Architecture Teachers, Postsecondary",25-1031,Tier1_Partial,30%,9120,48.79,0.0455,12620422
5747,"Select and obtain materials and supplies, such as textbooks and laboratory equipment....","Architecture Teachers, Postsecondary",25-1031,Tier1_Knowledge,30%,9120,48.79,0.0455,12620422
5751,Act as advisers to student organizations....,"Architecture Teachers, Postsecondary",25-1031,Tier1_Writing,30%,9120,48.79,0.0455,12620422
5749,Provide professional consulting services to government or industry....,"Architecture Teachers, Postsecondary",25-1031,Tier1_Writing,30%,9120,48.79,0.0455,12620422
5736,"Keep abreast of developments in the field by reading current literature, talking with colleagues, an...","Architecture Teachers, Postsecondary",25-1031,Tier1_Knowledge,30%,9120,48.79,0.0455,12620422
5971,"Advise students on academic and vocational curricula, and on career issues....","Area, Ethnic, and Cultural Studies Teachers, Postsecondary",25-1062,Tier1_Writing,30%,11430,40.52,0.0435,12566540
5966,"Initiate, facilitate, and moderate classroom discussions....","Area, Ethnic, and Cultural Studies Teachers, Postsecondary",25-1062,Tier1_Knowledge,30%,11430,40.52,0.0435,12566540
5983,Provide professional consulting services to government or industry....,"Area, Ethnic, and Cultural Studies Teachers, Postsecondary",25-1062,Tier1_Writing,30%,11430,40.52,0.0435,12566540
5980,Act as advisers to student organizations....,"Area, Ethnic, and Cultural Studies Teachers, Postsecondary",25-1062,Tier1_Writing,30%,11430,40.52,0.0435,12566540
5974,"Select and obtain materials and supplies, such as textbooks....","Area, Ethnic, and Cultural Studies Teachers, Postsecondary",25-1062,Tier1_Knowledge,30%,11430,40.52,0.0435,12566540
5961,"Keep abreast of developments in the field by reading current literature, talking with colleagues, an...","Area, Ethnic, and Cultural Studies Teachers, Postsecondary",25-1062,Tier1_Knowledge,30%,11430,40.52,0.0435,12566540
5962,"Conduct research in a particular field of knowledge and publish findings in professional journals, b...","Area, Ethnic, and Cultural Studies Teachers, Postsecondary",25-1062,Tier1_Partial,30%,11430,40.52,0.0435,12566540
19186,"Conduct, or assist in the conduct of, music therapy research....",Music Therapists,29-1129,Tier1_Partial,30%,19320,31.26,0.0333,12562019
20165,Apply current technology to music therapy practices....,Music Therapists,29-1129,Tier1_Knowledge,30%,19320,31.26,0.0333,12562019
19185,"Conduct information sharing sessions, such as in-service workshops for other professionals, potentia...",Music Therapists,29-1129,Tier1_Knowledge,30%,19320,31.26,0.0333,12562019
19180,"Select or adapt musical instruments, musical equipment, or non-musical materials, such as adaptive d...",Music Therapists,29-1129,Tier1_Knowledge,30%,19320,31.26,0.0333,12562019
19175,"Improvise instrumentally, vocally, or physically to meet client's therapeutic needs....",Music Therapists,29-1129,Tier1_Knowledge,30%,19320,31.26,0.0333,12562019
19190,"Supervise staff, volunteers, practicum students, or interns engaged in music therapy activities....",Music Therapists,29-1129,Tier1_Knowledge,30%,19320,31.26,0.0333,12562019
19187,Identify and respond to emergency physical or mental health situations....,Music Therapists,29-1129,Tier1_Knowledge,30%,19320,31.26,0.0333,12562019
6429,"Initiate, facilitate, and moderate classroom discussions....","Recreation and Fitness Studies Teachers, Postsecondary",25-1193,Tier1_Knowledge,30%,12680,36.49,0.0435,12551546
6444,Provide professional consulting services to government or industry....,"Recreation and Fitness Studies Teachers, Postsecondary",25-1193,Tier1_Writing,30%,12680,36.49,0.0435,12551546
6434,"Select and obtain materials and supplies, such as textbooks....","Recreation and Fitness Studies Teachers, Postsecondary",25-1193,Tier1_Knowledge,30%,12680,36.49,0.0435,12551546
6430,"Keep abreast of developments in the field by reading current literature, talking with colleagues, an...","Recreation and Fitness Studies Teachers, Postsecondary",25-1193,Tier1_Knowledge,30%,12680,36.49,0.0435,12551546
6442,Act as advisers to student organizations....,"Recreation and Fitness Studies Teachers, Postsecondary",25-1193,Tier1_Writing,30%,12680,36.49,0.0435,12551546
6441,"Conduct research in a particular field of knowledge and publish findings in professional journals, b...","Recreation and Fitness Studies Teachers, Postsecondary",25-1193,Tier1_Partial,30%,12680,36.49,0.0435,12551546
6431,Advise students on academic and vocational curricula and on career issues....,"Recreation and Fitness Studies Teachers, Postsecondary",25-1193,Tier1_Writing,30%,12680,36.49,0.0435,12551546
24011,"Conduct pressure tests on vessels, such as boilers....",Boilermakers,47-2011,Tier1_Knowledge,30%,10170,35.26,0.0556,12431266
7549,Conduct research to gather information about survey topics....,Survey Researchers,19-3022,Tier1_Good,40%,7720,30.47,0.0625,12231877
13731,Run new speaker and electrical cables....,"Electronic Equipment Installers and Repairers, Motor Vehicles",49-2096,Tier1_Writing,30%,10140,23.05,0.0833,12153804
10537,"Set up machines to polish, bevel, edge, or grind lenses, flats, blanks, or other precision optical e...",Ophthalmic Laboratory Technicians,51-9083,Tier1_Knowledge,30%,18740,18.47,0.0556,11999097
10544,Control equipment that coats lenses to alter their reflective qualities....,Ophthalmic Laboratory Technicians,51-9083,Tier1_Knowledge,30%,18740,18.47,0.0556,11999097
10977,Research information requested by farmers....,Farm and Home Management Educators,25-9021,Tier1_Partial,30%,10260,27.94,0.0667,11925239
10978,"Prepare and distribute leaflets, pamphlets, and visual aids for educational and informational purpos...",Farm and Home Management Educators,25-9021,Tier1_Knowledge,30%,10260,27.94,0.0667,11925239
10326,Adjust dials to regulate flow of current and voltage supplied to terminals to control plating proces...,"Plating Machine Setters, Operators, and Tenders, Metal and Plastic",51-4193,Tier1_Knowledge,30%,31510,20.0,0.0303,11916509
10332,"Mix and test solutions, and turn valves to fill tanks with solutions....","Plating Machine Setters, Operators, and Tenders, Metal and Plastic",51-4193,Tier1_Knowledge,30%,31510,20.0,0.0303,11916509
10317,Adjust controls to set temperatures of coating substances and speeds of machines and equipment....,"Plating Machine Setters, Operators, and Tenders, Metal and Plastic",51-4193,Tier1_Knowledge,30%,31510,20.0,0.0303,11916509
10329,"Measure or weigh materials, using rulers, calculators, and scales....","Plating Machine Setters, Operators, and Tenders, Metal and Plastic",51-4193,Tier1_Knowledge,30%,31510,20.0,0.0303,11916509
10312,"Set up, operate, or tend plating or coating machines to coat metal or plastic products with chromium...","Plating Machine Setters, Operators, and Tenders, Metal and Plastic",51-4193,Tier1_Knowledge,30%,31510,20.0,0.0303,11916509
10309,"Inspect coated or plated areas for defects, such as air bubbles or uneven coverage....","Plating Machine Setters, Operators, and Tenders, Metal and Plastic",51-4193,Tier1_Knowledge,30%,31510,20.0,0.0303,11916509
23764,Notify dispatchers or company mechanics of vehicle problems....,Taxi Drivers,53-3054,Tier1_Writing,30%,17510,17.42,0.0625,11895944
23769,"Provide passengers with information or advice about the local area, points of interest, hotels, or r...",Taxi Drivers,53-3054,Tier1_Writing,30%,17510,17.42,0.0625,11895944
15267,Analyze and understand the local and national implications of proposed legislation....,Legislators,11-1031,Tier1_Knowledge,30%,26510,21.54,0.0333,11879131
15295,"Represent their government at local, national, and international meetings and conferences....",Legislators,11-1031,Tier1_Writing,30%,26510,21.54,0.0333,11879131
15293,"Oversee expense allowances, ensuring that accounts are balanced at the end of each fiscal year....",Legislators,11-1031,Tier1_Knowledge,30%,26510,21.54,0.0333,11879131
15286,"Attend receptions, dinners, and conferences to meet people, exchange views and information, and deve...",Legislators,11-1031,Tier1_Knowledge,30%,26510,21.54,0.0333,11879131
15275,"Make decisions that balance the perspectives of private citizens, public officials, and party leader...",Legislators,11-1031,Tier1_Knowledge,30%,26510,21.54,0.0333,11879131
15274,Maintain knowledge of relevant national and international current events....,Legislators,11-1031,Tier1_Knowledge,30%,26510,21.54,0.0333,11879131
17179,Manage medical laboratories....,"Physicians, Pathologists",29-1222,Tier1_Knowledge,30%,11800,30.61,0.0526,11862503
17189,Conduct genetic analyses of deoxyribonucleic acid (DNA) or chromosomes to diagnose small biopsies an...,"Physicians, Pathologists",29-1222,Tier1_Knowledge,30%,11800,30.61,0.0526,11862503
17183,Conduct research and present scientific findings....,"Physicians, Pathologists",29-1222,Tier1_Partial,30%,11800,30.61,0.0526,11862503
17193,Consult with physicians about ordering and interpreting tests or providing treatments....,"Physicians, Pathologists",29-1222,Tier1_Knowledge,30%,11800,30.61,0.0526,11862503
17192,Communicate pathologic findings to surgeons or other physicians....,"Physicians, Pathologists",29-1222,Tier1_Knowledge,30%,11800,30.61,0.0526,11862503
17194,Examine microscopic samples to identify diseases or other abnormalities....,"Physicians, Pathologists",29-1222,Tier1_Knowledge,30%,11800,30.61,0.0526,11862503
14213,"Notify other workers of defects, and direct them to adjust extruding and forming machines....","Extruding and Forming Machine Setters, Operators, and Tenders, Synthetic and Glass Fibers",51-6091,Tier1_Knowledge,30%,14900,21.63,0.0588,11829829
14208,"Set up, operate, or tend machines that extrude and form filaments from synthetic materials such as r...","Extruding and Forming Machine Setters, Operators, and Tenders, Synthetic and Glass Fibers",51-6091,Tier1_Knowledge,30%,14900,21.63,0.0588,11829829
14211,Move controls to activate and adjust extruding and forming machines....,"Extruding and Forming Machine Setters, Operators, and Tenders, Synthetic and Glass Fibers",51-6091,Tier1_Knowledge,30%,14900,21.63,0.0588,11829829
14212,Record details of machine malfunctions....,"Extruding and Forming Machine Setters, Operators, and Tenders, Synthetic and Glass Fibers",51-6091,Tier1_Knowledge,30%,14900,21.63,0.0588,11829829
8057,Stay informed of the latest styles and hair care techniques....,Barbers,39-5011,Tier1_Knowledge,30%,18100,18.73,0.0556,11752451
8051,Drape and pin protective cloths around customers' shoulders....,Barbers,39-5011,Tier1_Knowledge,30%,18100,18.73,0.0556,11752451
8061,"Perform clerical and administrative duties such as keeping records, paying bills, and hiring and sup...",Barbers,39-5011,Tier1_Knowledge,30%,18100,18.73,0.0556,11752451
8065,"Recommend and sell lotions, tonics, or other cosmetic supplies....",Barbers,39-5011,Tier1_Knowledge,30%,18100,18.73,0.0556,11752451
20540,"Analyze samples, such as air or water samples, for contaminants or other elements....",Nuclear Monitoring Technicians,19-4051,Tier1_Knowledge,30%,5990,50.11,0.0625,11706197
20539,Brief workers on radiation levels in work areas....,Nuclear Monitoring Technicians,19-4051,Tier1_Partial,30%,5990,50.11,0.0625,11706197
7601,Instruct personnel in radiation safety procedures and demonstrate use of protective clothing and equ...,Nuclear Monitoring Technicians,19-4051,Tier1_Knowledge,30%,5990,50.11,0.0625,11706197
7600,Inform supervisors when individual exposures or area radiation levels approach maximum permissible l...,Nuclear Monitoring Technicians,19-4051,Tier1_Writing,30%,5990,50.11,0.0625,11706197
14848,Verify that transportation and handling procedures meet regulatory requirements....,Agricultural Inspectors,45-2011,Tier1_Knowledge,30%,12090,24.51,0.0625,11556710
14863,"Examine, weigh, and measure commodities, such as poultry, eggs, meat, or seafood to certify qualitie...",Agricultural Inspectors,45-2011,Tier1_Knowledge,30%,12090,24.51,0.0625,11556710
14850,Interpret and enforce government acts and regulations and explain required standards to agricultural...,Agricultural Inspectors,45-2011,Tier1_Knowledge,30%,12090,24.51,0.0625,11556710
23640,Record the weights and processing times of finished pieces....,Jewelers and Precious Stone and Metal Workers,51-9071,Tier1_Knowledge,30%,23420,23.63,0.0333,11511024
23636,"Plate articles such as jewelry pieces and watch dials, using silver, gold, nickel, or other metals....",Jewelers and Precious Stone and Metal Workers,51-9071,Tier1_Knowledge,30%,23420,23.63,0.0333,11511024
23622,"Create jewelry from materials such as gold, silver, platinum, and precious or semiprecious stones....",Jewelers and Precious Stone and Metal Workers,51-9071,Tier1_Knowledge,30%,23420,23.63,0.0333,11511024
22686,Set up scaffolding or cranes to assist with setting up of lighting equipment....,Lighting Technicians,27-4015,Tier1_Knowledge,30%,10130,29.11,0.0625,11500488
22687,Test lighting equipment function and desired lighting effects....,Lighting Technicians,27-4015,Tier1_Knowledge,30%,10130,29.11,0.0625,11500488
22685,"Set up and focus light fixtures to meet requirements of television, theater, concerts, or other prod...",Lighting Technicians,27-4015,Tier1_Knowledge,30%,10130,29.11,0.0625,11500488
3574,"Devise solutions to problems of land reclamation and water and air pollution, such as methods of sto...","Mining and Geological Engineers, Including Mining Safety Engineers",17-2151,Tier1_Knowledge,30%,6770,48.57,0.0556,11399055
8607,Remove and replace soiled linens or equipment to maintain sanitary conditions....,"Ambulance Drivers and Attendants, Except Emergency Medical Technicians",53-3011,Tier1_Knowledge,30%,12080,16.51,0.0909,11313733
8610,Earn and maintain appropriate certifications....,"Ambulance Drivers and Attendants, Except Emergency Medical Technicians",53-3011,Tier1_Knowledge,30%,12080,16.51,0.0909,11313733
8613,"Administer first aid, such as bandaging, splinting, or administering oxygen....","Ambulance Drivers and Attendants, Except Emergency Medical Technicians",53-3011,Tier1_Knowledge,30%,12080,16.51,0.0909,11313733
10896,Inspect parts for surface defects....,Electro-Mechanical and Mechatronics Technologists and Technicians,17-3024,Tier1_Knowledge,30%,14680,34.02,0.0357,11129789
10892,"Test performance of electromechanical assemblies, using test instruments such as oscilloscopes, elec...",Electro-Mechanical and Mechatronics Technologists and Technicians,17-3024,Tier1_Knowledge,30%,14680,34.02,0.0357,11129789
19912,Supervise technicians' work activities to ensure that equipment is operated in accordance with polic...,Nuclear Power Reactor Operators,51-8011,Tier1_Knowledge,30%,5720,58.95,0.0526,11074161
8516,"Direct reactor operators in emergency situations, in accordance with emergency operating procedures....",Nuclear Power Reactor Operators,51-8011,Tier1_Knowledge,30%,5720,58.95,0.0526,11074161
20681,Review and edit standard operating procedures....,Nuclear Power Reactor Operators,51-8011,Tier1_Knowledge,30%,5720,58.95,0.0526,11074161
8507,"Respond to system or unit abnormalities, diagnosing the cause, and recommending or taking corrective...",Nuclear Power Reactor Operators,51-8011,Tier1_Knowledge,30%,5720,58.95,0.0526,11074161
8506,"Adjust controls to position rod and to regulate flux level, reactor period, coolant temperature, or ...",Nuclear Power Reactor Operators,51-8011,Tier1_Knowledge,30%,5720,58.95,0.0526,11074161
19911,Operate nuclear power reactors in accordance with policies and procedures to protect workers from ra...,Nuclear Power Reactor Operators,51-8011,Tier1_Knowledge,30%,5720,58.95,0.0526,11074161
23307,Prepare credit cards or charge account plates....,"Credit Authorizers, Checkers, and Clerks",43-4041,Tier1_Knowledge,30%,11960,23.62,0.0625,11017313
23310,"Contact former employers and other acquaintances to verify applicants' references, employment, healt...","Credit Authorizers, Checkers, and Clerks",43-4041,Tier1_Knowledge,30%,11960,23.62,0.0625,11017313
23308,Call customers to collect payment on delinquent accounts....,"Credit Authorizers, Checkers, and Clerks",43-4041,Tier1_Knowledge,30%,11960,23.62,0.0625,11017313
23304,Mail charge statements to customers....,"Credit Authorizers, Checkers, and Clerks",43-4041,Tier1_Knowledge,30%,11960,23.62,0.0625,11017313
23303,"Receive charge slips or credit applications by mail, or receive information from salespeople or merc...","Credit Authorizers, Checkers, and Clerks",43-4041,Tier1_Writing,30%,11960,23.62,0.0625,11017313
23299,"Obtain information about potential creditors from banks, credit bureaus, and other credit services, ...","Credit Authorizers, Checkers, and Clerks",43-4041,Tier1_Partial,30%,11960,23.62,0.0625,11017313
17360,"Consider Western medical procedures in health assessment, health care team communication, and care r...",Acupuncturists,29-1291,Tier1_Knowledge,30%,8440,37.57,0.0556,10992481
17366,Collect medical histories and general health and lifestyle information from patients....,Acupuncturists,29-1291,Tier1_Knowledge,30%,8440,37.57,0.0556,10992481
17370,Develop individual treatment plans and strategies....,Acupuncturists,29-1291,Tier1_Knowledge,30%,8440,37.57,0.0556,10992481
17357,"Maintain and follow standard quality, safety, environmental, and infection control policies and proc...",Acupuncturists,29-1291,Tier1_Knowledge,30%,8440,37.57,0.0556,10992481
3911,Signal participants or other officials to make them aware of infractions or to otherwise regulate pl...,"Umpires, Referees, and Other Sports Officials",27-2023,Tier1_Knowledge,30%,15080,18.66,0.0625,10976355
3916,Verify scoring calculations before competition winners are announced....,"Umpires, Referees, and Other Sports Officials",27-2023,Tier1_Knowledge,30%,15080,18.66,0.0625,10976355
23912,Inspect game sites for compliance with regulations or safety requirements....,"Umpires, Referees, and Other Sports Officials",27-2023,Tier1_Knowledge,30%,15080,18.66,0.0625,10976355
3922,"Verify credentials of participants in sporting events, and make other qualifying determinations, suc...","Umpires, Referees, and Other Sports Officials",27-2023,Tier1_Knowledge,30%,15080,18.66,0.0625,10976355
3913,"Keep track of event times, including race times and elapsed time during game segments, starting or s...","Umpires, Referees, and Other Sports Officials",27-2023,Tier1_Knowledge,30%,15080,18.66,0.0625,10976355
3921,Research and study players and teams to anticipate issues that might arise in future engagements....,"Umpires, Referees, and Other Sports Officials",27-2023,Tier1_Partial,30%,15080,18.66,0.0625,10976355
3917,"Direct participants to assigned areas, such as starting blocks or penalty areas....","Umpires, Referees, and Other Sports Officials",27-2023,Tier1_Knowledge,30%,15080,18.66,0.0625,10976355
22997,"Examine fire sites and collect evidence such as glass, metal fragments, charred wood, and accelerant...",Fire Inspectors and Investigators,33-2021,Tier1_Knowledge,30%,14050,37.53,0.0333,10967767
23009,Teach fire investigation techniques to other firefighter personnel....,Fire Inspectors and Investigators,33-2021,Tier1_Knowledge,30%,14050,37.53,0.0333,10967767
23006,"Coordinate efforts with other organizations, such as law enforcement agencies....",Fire Inspectors and Investigators,33-2021,Tier1_Knowledge,30%,14050,37.53,0.0333,10967767
23000,Conduct fire code compliance follow-ups to ensure that corrective actions have been taken in cases w...,Fire Inspectors and Investigators,33-2021,Tier1_Knowledge,30%,14050,37.53,0.0333,10967767
22999,Instruct children about the dangers of fire....,Fire Inspectors and Investigators,33-2021,Tier1_Knowledge,30%,14050,37.53,0.0333,10967767
10522,"Test medical supportive devices for proper alignment, movement, or biomechanical stability, using me...",Medical Appliance Technicians,51-9082,Tier1_Knowledge,30%,11490,22.63,0.0667,10816778
10512,"Fit appliances onto patients, and make any necessary adjustments....",Medical Appliance Technicians,51-9082,Tier1_Knowledge,30%,11490,22.63,0.0667,10816778
10523,"Cover or pad metal or plastic structures or devices, using coverings such as rubber, leather, felt, ...",Medical Appliance Technicians,51-9082,Tier1_Knowledge,30%,11490,22.63,0.0667,10816778
13685,Perform pumping tests to assess well performance....,"Earth Drillers, Except Oil and Gas",47-5023,Tier1_Knowledge,30%,17410,28.65,0.0345,10732725
13669,Verify depths and alignments of boring positions....,"Earth Drillers, Except Oil and Gas",47-5023,Tier1_Knowledge,30%,17410,28.65,0.0345,10732725
17091,Perform incisional biopsies to diagnose melanoma....,Dermatologists,29-1213,Tier1_Knowledge,30%,10080,30.61,0.0556,10696358
17092,"Diagnose and treat pigmented lesions such as common acquired nevi, congenital nevi, dysplastic nevi,...",Dermatologists,29-1213,Tier1_Knowledge,30%,10080,30.61,0.0556,10696358
17095,"Diagnose and treat skin conditions such as acne, dandruff, athlete's foot, moles, psoriasis, or skin...",Dermatologists,29-1213,Tier1_Knowledge,30%,10080,30.61,0.0556,10696358
17077,"Refer patients to other specialists, as needed....",Dermatologists,29-1213,Tier1_Knowledge,30%,10080,30.61,0.0556,10696358
17079,Provide dermatologic consultation to other health professionals....,Dermatologists,29-1213,Tier1_Knowledge,30%,10080,30.61,0.0556,10696358
17086,Conduct clinical or basic research....,Dermatologists,29-1213,Tier1_Partial,30%,10080,30.61,0.0556,10696358
13005,"Research laws, regulations, policies, or precedent decisions to prepare for hearings....","Arbitrators, Mediators, and Conciliators",23-1022,Tier1_Good,40%,7860,32.55,0.05,10643069
10621,Coordinate communications between air traffic control and maintenance personnel....,Airfield Operations Specialists,53-2022,Tier1_Knowledge,30%,16640,27.28,0.037,10491039
10617,Maintain air-to-ground and point-to-point radio contact with aircraft commanders....,Airfield Operations Specialists,53-2022,Tier1_Knowledge,30%,16640,27.28,0.037,10491039
23941,Initiate or conduct airport-wide coordination of snow removal on runways and taxiways....,Airfield Operations Specialists,53-2022,Tier1_Knowledge,30%,16640,27.28,0.037,10491039
20457,Manage wildlife on and around airport grounds....,Airfield Operations Specialists,53-2022,Tier1_Knowledge,30%,16640,27.28,0.037,10491039
10622,"Perform and supervise airfield management activities, including mobile airfield management functions...",Airfield Operations Specialists,53-2022,Tier1_Knowledge,30%,16640,27.28,0.037,10491039
10628,Coordinate changes to flight itineraries with appropriate Air Traffic Control (ATC) agencies....,Airfield Operations Specialists,53-2022,Tier1_Knowledge,30%,16640,27.28,0.037,10491039
10615,"Coordinate with agencies, such as air traffic control, civil engineers, or command posts, to ensure ...",Airfield Operations Specialists,53-2022,Tier1_Knowledge,30%,16640,27.28,0.037,10491039
10619,"Relay departure, arrival, delay, aircraft and airfield status, and other pertinent information to up...",Airfield Operations Specialists,53-2022,Tier1_Knowledge,30%,16640,27.28,0.037,10491039
10626,"Coordinate with agencies to meet aircrew requirements for billeting, messing, refueling, ground tran...",Airfield Operations Specialists,53-2022,Tier1_Knowledge,30%,16640,27.28,0.037,10491039
10631,Conduct departure and arrival briefings....,Airfield Operations Specialists,53-2022,Tier1_Partial,30%,16640,27.28,0.037,10491039
10623,"Receive, transmit, and control message traffic....",Airfield Operations Specialists,53-2022,Tier1_Knowledge,30%,16640,27.28,0.037,10491039
22321,"Communicate with accelerator maintenance personnel to ensure readiness of support systems, such as v...",Nuclear Technicians,19-4051,Tier1_Knowledge,30%,5990,50.11,0.0556,10405509
22313,Follow policies and procedures for radiation workers to ensure personnel safety....,Nuclear Technicians,19-4051,Tier1_Knowledge,30%,5990,50.11,0.0556,10405509
22318,Warn maintenance workers of radiation hazards and direct workers to vacate hazardous areas....,Nuclear Technicians,19-4051,Tier1_Knowledge,30%,5990,50.11,0.0556,10405509
22320,"Measure the intensity and identify the types of radiation in work areas, equipment, or materials, us...",Nuclear Technicians,19-4051,Tier1_Knowledge,30%,5990,50.11,0.0556,10405509
3823,Plan and conduct research to develop and improve methods of restoring and preserving specimens....,Museum Technicians and Conservators,25-4013,Tier1_Good,40%,13070,22.82,0.0417,10339590
5528,"Record data pertaining to experimentation, research, or animal care....",Agricultural Technicians,19-4012,Tier1_Good,40%,14340,22.49,0.0385,10320211
12604,"Start machines, and turn valves or move controls to feed, admit, apply, or transfer materials and ad...",Adhesive Bonding Machine Operators and Tenders,51-9191,Tier1_Knowledge,30%,12170,21.74,0.0625,10318456
12607,Align and position materials being joined to ensure accurate application of adhesive or heat sealing...,Adhesive Bonding Machine Operators and Tenders,51-9191,Tier1_Knowledge,30%,12170,21.74,0.0625,10318456
12612,Measure and mix ingredients to prepare glue....,Adhesive Bonding Machine Operators and Tenders,51-9191,Tier1_Knowledge,30%,12170,21.74,0.0625,10318456
7961,Remove captured animals from animal-control service vehicles and place animals in shelter cages or o...,Animal Control Workers,33-9011,Tier1_Knowledge,30%,11790,22.03,0.0625,10129614
7967,Contact animal owners to inform them that their pets are at animal holding facilities....,Animal Control Workers,33-9011,Tier1_Writing,30%,11790,22.03,0.0625,10129614
7959,"Capture and remove stray, uncontrolled, or abused animals from undesirable conditions, using nets, n...",Animal Control Workers,33-9011,Tier1_Knowledge,30%,11790,22.03,0.0625,10129614
14183,Notify supervisors or mechanics of equipment malfunctions....,"Textile Winding, Twisting, and Drawing Out Machine Setters, Operators, and Tenders",51-6064,Tier1_Writing,30%,20600,18.11,0.0435,10121443
14195,Record production data such as numbers and types of bobbins wound....,"Textile Winding, Twisting, and Drawing Out Machine Setters, Operators, and Tenders",51-6064,Tier1_Knowledge,30%,20600,18.11,0.0435,10121443
7638,Locate new materials and direct their acquisition and display....,Archivists,25-4011,Tier1_Knowledge,30%,7050,29.6,0.0769,10016640
12801,"Test samples for specific gravity, using hydrometers, or send samples to laboratories for testing....","Tank Car, Truck, and Ship Loaders",53-7121,Tier1_Knowledge,30%,10920,27.92,0.0526,10013111
12802,"Remove and replace tank car dome caps, or direct other workers in their removal and replacement....","Tank Car, Truck, and Ship Loaders",53-7121,Tier1_Knowledge,30%,10920,27.92,0.0526,10013111
5907,Collaborate with colleagues to address teaching and research issues....,"Environmental Science Teachers, Postsecondary",25-1053,Tier1_Good,40%,7130,42.17,0.04,10005957
5901,"Compile, administer, and grade examinations, or assign this work to others....","Environmental Science Teachers, Postsecondary",25-1053,Tier1_Good,40%,7130,42.17,0.04,10005957
5778,"Keep abreast of developments in the field by reading current literature, talking with colleagues, an...","Agricultural Sciences Teachers, Postsecondary",25-1041,Tier1_Knowledge,30%,8700,41.51,0.0435,9798848
5796,Provide professional consulting services to government or industry....,"Agricultural Sciences Teachers, Postsecondary",25-1041,Tier1_Writing,30%,8700,41.51,0.0435,9798848
5793,Act as advisers to student organizations....,"Agricultural Sciences Teachers, Postsecondary",25-1041,Tier1_Writing,30%,8700,41.51,0.0435,9798848
5792,"Select and obtain materials and supplies, such as textbooks and laboratory equipment....","Agricultural Sciences Teachers, Postsecondary",25-1041,Tier1_Knowledge,30%,8700,41.51,0.0435,9798848
5780,"Initiate, facilitate, and moderate classroom discussions....","Agricultural Sciences Teachers, Postsecondary",25-1041,Tier1_Knowledge,30%,8700,41.51,0.0435,9798848
5781,"Conduct research in a particular field of knowledge and publish findings in professional journals, b...","Agricultural Sciences Teachers, Postsecondary",25-1041,Tier1_Partial,30%,8700,41.51,0.0435,9798848
5785,Advise students on academic and vocational curricula and on career issues....,"Agricultural Sciences Teachers, Postsecondary",25-1041,Tier1_Writing,30%,8700,41.51,0.0435,9798848
14043,"Straighten, smooth, or shape materials to prepare them for pressing....","Pressers, Textile, Garment, and Related Materials",51-6021,Tier1_Knowledge,30%,26830,16.29,0.0357,9740210
21026,Identify and treat spots on garments....,"Pressers, Textile, Garment, and Related Materials",51-6021,Tier1_Knowledge,30%,26830,16.29,0.0357,9740210
14059,"Examine and measure finished articles to verify conformance to standards, using measuring devices su...","Pressers, Textile, Garment, and Related Materials",51-6021,Tier1_Knowledge,30%,26830,16.29,0.0357,9740210
14040,"Select appropriate pressing machines, based on garment properties such as heat tolerance....","Pressers, Textile, Garment, and Related Materials",51-6021,Tier1_Knowledge,30%,26830,16.29,0.0357,9740210
7690,Coordinate dancing with that of partners or dance ensembles....,Dancers,27-2031,Tier1_Knowledge,30%,9060,23.97,0.0714,9679497
7695,Teach dance students....,Dancers,27-2031,Tier1_Knowledge,30%,9060,23.97,0.0714,9679497
21103,Speak to the public to discuss weather topics or answer questions....,Atmospheric and Space Scientists,19-2021,Tier1_Partial,30%,8780,46.85,0.037,9506594
9078,Collect air samples from planes or ships over land or sea to study atmospheric composition....,Atmospheric and Space Scientists,19-2021,Tier1_Knowledge,30%,8780,46.85,0.037,9506594
23799,Provide passengers with assistance entering and exiting trains....,"Railroad Brake, Signal, and Switch Operators and Locomotive Firers",53-4022,Tier1_Knowledge,30%,12460,31.48,0.0385,9413779
23775,"Signal locomotive engineers to start or stop trains when coupling or uncoupling cars, using hand sig...","Railroad Brake, Signal, and Switch Operators and Locomotive Firers",53-4022,Tier1_Knowledge,30%,12460,31.48,0.0385,9413779
23785,Inspect locomotives to detect damaged or worn parts....,"Railroad Brake, Signal, and Switch Operators and Locomotive Firers",53-4022,Tier1_Knowledge,30%,12460,31.48,0.0385,9413779
23789,"Set flares, flags, lanterns, or torpedoes in front and at rear of trains during emergency stops to w...","Railroad Brake, Signal, and Switch Operators and Locomotive Firers",53-4022,Tier1_Knowledge,30%,12460,31.48,0.0385,9413779
23782,Raise levers to couple and uncouple cars for makeup and breakup of trains....,"Railroad Brake, Signal, and Switch Operators and Locomotive Firers",53-4022,Tier1_Knowledge,30%,12460,31.48,0.0385,9413779
23796,"Ride atop cars that have been shunted, and turn handwheels to control speeds or stop cars at specifi...","Railroad Brake, Signal, and Switch Operators and Locomotive Firers",53-4022,Tier1_Knowledge,30%,12460,31.48,0.0385,9413779
23780,Observe tracks from left sides of locomotives to detect obstructions on tracks....,"Railroad Brake, Signal, and Switch Operators and Locomotive Firers",53-4022,Tier1_Knowledge,30%,12460,31.48,0.0385,9413779
5161,"Compare information or figures on one record against same data on other records, or with original co...",Proofreaders and Copy Markers,43-9081,Tier1_Good,40%,5160,23.66,0.0909,9234111
17611,"Recruit, interview, or hire employees....",Spa Managers,11-9179,Tier1_Writing,30%,10490,29.49,0.0476,9192117
17603,Assess employee performance and suggest ways to improve work....,Spa Managers,11-9179,Tier1_Knowledge,30%,10490,29.49,0.0476,9192117
17620,"Sell products, services, or memberships....",Spa Managers,11-9179,Tier1_Knowledge,30%,10490,29.49,0.0476,9192117
17615,Develop or implement marketing strategies....,Spa Managers,11-9179,Tier1_Knowledge,30%,10490,29.49,0.0476,9192117
17612,Respond to customer inquiries or complaints....,Spa Managers,11-9179,Tier1_Knowledge,30%,10490,29.49,0.0476,9192117
17614,"Verify staff credentials, such as educational and certification requirements....",Spa Managers,11-9179,Tier1_Knowledge,30%,10490,29.49,0.0476,9192117
17618,Participate in continuing education classes to maintain current knowledge of industry....,Spa Managers,11-9179,Tier1_Knowledge,30%,10490,29.49,0.0476,9192117
7558,Hire and train recruiters and data collectors....,Survey Researchers,19-3022,Tier1_Knowledge,30%,7720,30.47,0.0625,9173908
19801,Apply precision agriculture information to specifically reduce the negative environmental impacts of...,Precision Agriculture Technicians,19-4012,Tier1_Writing,30%,14340,22.49,0.0455,9147460
18293,"Analyze remote sensing imagery to identify relationships between soil quality, crop canopy densities...",Precision Agriculture Technicians,19-4012,Tier1_Knowledge,30%,14340,22.49,0.0455,9147460
18290,"Contact equipment manufacturers for technical assistance, as needed....",Precision Agriculture Technicians,19-4012,Tier1_Writing,30%,14340,22.49,0.0455,9147460
12089,"Set up and operate or tend machines, such as furnaces, baths, flame-hardening machines, and electron...","Heat Treating Equipment Setters, Operators, and Tenders, Metal and Plastic",51-4191,Tier1_Knowledge,30%,14590,22.81,0.0435,9028952
12099,Move controls to light gas burners and to adjust gas and water flow and flame temperature....,"Heat Treating Equipment Setters, Operators, and Tenders, Metal and Plastic",51-4191,Tier1_Knowledge,30%,14590,22.81,0.0435,9028952
12102,"Test parts for hardness, using hardness testing equipment, or by examining and feeling samples....","Heat Treating Equipment Setters, Operators, and Tenders, Metal and Plastic",51-4191,Tier1_Knowledge,30%,14590,22.81,0.0435,9028952
7739,Instruct dental officers and technical assistants in orthodontic procedures and techniques....,Orthodontists,29-1023,Tier1_Knowledge,30%,5150,30.61,0.0909,8942572
7740,Coordinate orthodontic services with other dental and medical services....,Orthodontists,29-1023,Tier1_Knowledge,30%,5150,30.61,0.0909,8942572
7737,Adjust dental appliances to produce and maintain normal function....,Orthodontists,29-1023,Tier1_Knowledge,30%,5150,30.61,0.0909,8942572
7732,Fit dental appliances in patients' mouths to alter the position and relationship of teeth and jaws o...,Orthodontists,29-1023,Tier1_Knowledge,30%,5150,30.61,0.0909,8942572
7734,Diagnose teeth and jaw or other dental-facial abnormalities....,Orthodontists,29-1023,Tier1_Knowledge,30%,5150,30.61,0.0909,8942572
4674,"Record casino exchange transactions, using cash registers....",Gambling Cage Workers,43-3041,Tier1_Knowledge,30%,13490,17.78,0.0588,8803987
4672,Provide assistance in the training and orientation of new cashiers....,Gambling Cage Workers,43-3041,Tier1_Knowledge,30%,13490,17.78,0.0588,8803987
4665,Maintain cage security....,Gambling Cage Workers,43-3041,Tier1_Knowledge,30%,13490,17.78,0.0588,8803987
14172,Record information about work completed and machine settings....,"Textile Knitting and Weaving Machine Setters, Operators, and Tenders",51-6063,Tier1_Knowledge,30%,14530,18.4,0.0526,8780403
14165,Observe woven cloth to detect weaving defects....,"Textile Knitting and Weaving Machine Setters, Operators, and Tenders",51-6063,Tier1_Knowledge,30%,14530,18.4,0.0526,8780403
14173,"Confer with co-workers to obtain information about orders, processes, or problems....","Textile Knitting and Weaving Machine Setters, Operators, and Tenders",51-6063,Tier1_Partial,30%,14530,18.4,0.0526,8780403
6615,Adapt teaching methods and instructional materials to meet students' varying needs and interests....,"Career/Technical Education Teachers, Middle School",25-2023,Tier1_Knowledge,30%,14200,30.59,0.0323,8742619
6612,Prepare materials and classrooms for class activities....,"Career/Technical Education Teachers, Middle School",25-2023,Tier1_Knowledge,30%,14200,30.59,0.0323,8742619
6622,Prepare students for later educational experiences by encouraging them to explore learning opportuni...,"Career/Technical Education Teachers, Middle School",25-2023,Tier1_Knowledge,30%,14200,30.59,0.0323,8742619
6618,Assign and grade class work and homework....,"Career/Technical Education Teachers, Middle School",25-2023,Tier1_Knowledge,30%,14200,30.59,0.0323,8742619
6623,"Guide and counsel students with adjustments, academic problems, or special academic interests....","Career/Technical Education Teachers, Middle School",25-2023,Tier1_Knowledge,30%,14200,30.59,0.0323,8742619
6628,"Provide students with disabilities with assistive devices, supportive technology, and assistance acc...","Career/Technical Education Teachers, Middle School",25-2023,Tier1_Knowledge,30%,14200,30.59,0.0323,8742619
6629,Meet with other professionals to discuss individual students' needs and progress....,"Career/Technical Education Teachers, Middle School",25-2023,Tier1_Writing,30%,14200,30.59,0.0323,8742619
6638,"Sponsor extracurricular activities, such as clubs, student organizations, and academic contests....","Career/Technical Education Teachers, Middle School",25-2023,Tier1_Knowledge,30%,14200,30.59,0.0323,8742619
14869,Inspect floors for smoothness....,Floor Sanders and Finishers,47-2043,Tier1_Knowledge,30%,4140,23.63,0.1429,8720685
14871,Guide sanding machines over surfaces of floors until surfaces are smooth....,Floor Sanders and Finishers,47-2043,Tier1_Knowledge,30%,4140,23.63,0.1429,8720685
14331,"Move controls to adjust, start, or stop equipment during grinding and polishing processes....","Grinding and Polishing Workers, Hand",51-9022,Tier1_Knowledge,30%,11850,20.04,0.0588,8716693
14334,"Verify quality of finished workpieces by inspecting them, comparing them to templates, measuring the...","Grinding and Polishing Workers, Hand",51-9022,Tier1_Knowledge,30%,11850,20.04,0.0588,8716693
14333,"Measure and mark equipment, objects, or parts to ensure grinding and polishing standards are met....","Grinding and Polishing Workers, Hand",51-9022,Tier1_Knowledge,30%,11850,20.04,0.0588,8716693
14335,Record product and processing data on specified forms....,"Grinding and Polishing Workers, Hand",51-9022,Tier1_Knowledge,30%,11850,20.04,0.0588,8716693
5413,"Conduct research concerning animal nutrition, breeding, or management to improve products or process...",Animal Scientists,19-1011,Tier1_Good,40%,2470,38.04,0.1111,8685969
11721,"Test battery charges, and replace or recharge batteries as necessary....","Electric Motor, Power Tool, and Related Repairers",49-2092,Tier1_Knowledge,30%,16570,25.96,0.0323,8658648
11688,"Measure velocity, horsepower, revolutions per minute (rpm), amperage, circuitry, and voltage of unit...","Electric Motor, Power Tool, and Related Repairers",49-2092,Tier1_Knowledge,30%,16570,25.96,0.0323,8658648
11691,Maintain stocks of parts....,"Electric Motor, Power Tool, and Related Repairers",49-2092,Tier1_Knowledge,30%,16570,25.96,0.0323,8658648
11714,"Test equipment for overheating, using speed gauges and thermometers....","Electric Motor, Power Tool, and Related Repairers",49-2092,Tier1_Knowledge,30%,16570,25.96,0.0323,8658648
11713,"Verify and adjust alignments and dimensions of parts, using gauges and tracing lathes....","Electric Motor, Power Tool, and Related Repairers",49-2092,Tier1_Knowledge,30%,16570,25.96,0.0323,8658648
22851,"Teach medical dosimetry, including its application, to students, radiation therapists, or residents....",Medical Dosimetrists,29-2036,Tier1_Knowledge,30%,3970,66.4,0.0526,8657442
22843,"Fabricate patient immobilization devices, such as molds or casts, for radiation delivery....",Medical Dosimetrists,29-2036,Tier1_Knowledge,30%,3970,66.4,0.0526,8657442
8778,"Remove sections of monument from truck bed, and guide stone onto foundation, using skids, hoist, or ...",Stonemasons,47-2022,Tier1_Knowledge,30%,8750,25.0,0.0625,8531250
8768,"Set vertical and horizontal alignment of structures, using plumb bob, gauge line, and level....",Stonemasons,47-2022,Tier1_Knowledge,30%,8750,25.0,0.0625,8531250
8781,"Position mold along guidelines of wall, press mold in place, and remove mold and paper from wall....",Stonemasons,47-2022,Tier1_Knowledge,30%,8750,25.0,0.0625,8531250
20514,"Collect and analyze pollution samples, such as air or ground water....",Environmental Engineering Technologists and Technicians,17-3025,Tier1_Knowledge,30%,12500,28.31,0.0385,8493000
3652,Oversee support staff....,Environmental Engineering Technologists and Technicians,17-3025,Tier1_Knowledge,30%,12500,28.31,0.0385,8493000
19686,Assess the ability of environments to naturally remove or reduce conventional or emerging contaminan...,Environmental Engineering Technologists and Technicians,17-3025,Tier1_Knowledge,30%,12500,28.31,0.0385,8493000
14602,Turn knobs or switches to regulate pressures....,Gas Compressor and Gas Pumping Station Operators,53-7071,Tier1_Knowledge,30%,5110,34.38,0.0769,8432726
14601,"Move controls and turn valves to start compressor engines, pumps, and auxiliary equipment....",Gas Compressor and Gas Pumping Station Operators,53-7071,Tier1_Knowledge,30%,5110,34.38,0.0769,8432726
14252,"Smooth, shape, and touch up surfaces to prepare them for finishing, using sandpaper, pumice stones, ...",Furniture Finishers,51-7021,Tier1_Knowledge,30%,14230,20.45,0.0455,8253917
14255,Distress surfaces with woodworking tools or abrasives before staining to create an antique appearanc...,Furniture Finishers,51-7021,Tier1_Knowledge,30%,14230,20.45,0.0455,8253917
14264,Treat warped or stained surfaces to restore original contours and colors....,Furniture Finishers,51-7021,Tier1_Knowledge,30%,14230,20.45,0.0455,8253917
14258,"Recommend woods, colors, finishes, and furniture styles, using knowledge of wood products, fashions,...",Furniture Finishers,51-7021,Tier1_Knowledge,30%,14230,20.45,0.0455,8253917
14270,Brush bleaching agents on wood surfaces to restore natural color....,Furniture Finishers,51-7021,Tier1_Knowledge,30%,14230,20.45,0.0455,8253917
216,"Provide advice and recommendations, as a consultant on forestry issues, to private woodlot owners, f...",Foresters,19-1032,Tier1_Knowledge,30%,9650,33.97,0.04,8182150
201,"Direct, and participate in, forest fire suppression....",Foresters,19-1032,Tier1_Knowledge,30%,9650,33.97,0.04,8182150
218,Develop new techniques for wood or residue use....,Foresters,19-1032,Tier1_Knowledge,30%,9650,33.97,0.04,8182150
197,Supervise activities of other forestry workers....,Foresters,19-1032,Tier1_Knowledge,30%,9650,33.97,0.04,8182150
207,Perform inspections of forests or forest nurseries....,Foresters,19-1032,Tier1_Knowledge,30%,9650,33.97,0.04,8182150
200,"Negotiate terms and conditions of agreements and contracts for forest harvesting, forest management ...",Foresters,19-1032,Tier1_Knowledge,30%,9650,33.97,0.04,8182150
17123,"Interview patients to obtain information, such as complaints, symptoms, medical histories, and famil...",Neurologists,29-1217,Tier1_Good,40%,7700,30.61,0.0417,8170829
15549,"Teach fitness classes to improve strength, flexibility, cardiovascular conditioning, or general fitn...",Fitness and Wellness Coordinators,11-9179,Tier1_Knowledge,30%,10490,29.49,0.0417,8043103
15559,Conduct or facilitate training sessions or seminars for wellness and fitness staff....,Fitness and Wellness Coordinators,11-9179,Tier1_Knowledge,30%,10490,29.49,0.0417,8043103
15545,Provide individual support or counseling in general wellness or nutrition....,Fitness and Wellness Coordinators,11-9179,Tier1_Writing,30%,10490,29.49,0.0417,8043103
9306,Attend rehearsals and production meetings to obtain and share information related to sets....,Set and Exhibit Designers,27-1027,Tier1_Writing,30%,10850,31.87,0.037,7991580
9308,"Provide supportive materials for exhibits and displays, such as press kits, advertising, publicity n...",Set and Exhibit Designers,27-1027,Tier1_Knowledge,30%,10850,31.87,0.037,7991580
9299,"Coordinate the removal of sets, props, and exhibits after productions or events are complete....",Set and Exhibit Designers,27-1027,Tier1_Knowledge,30%,10850,31.87,0.037,7991580
9310,"Coordinate the transportation of sets that are built off-site, and coordinate their setup at the sit...",Set and Exhibit Designers,27-1027,Tier1_Knowledge,30%,10850,31.87,0.037,7991580
9300,"Select set props, such as furniture, pictures, lamps, and rugs....",Set and Exhibit Designers,27-1027,Tier1_Knowledge,30%,10850,31.87,0.037,7991580
9297,"Research architectural and stylistic elements appropriate to the time period to be depicted, consult...",Set and Exhibit Designers,27-1027,Tier1_Partial,30%,10850,31.87,0.037,7991580
20239,Conduct hearings to obtain information or evidence relative to disposition of claims....,"Arbitrators, Mediators, and Conciliators",23-1022,Tier1_Partial,30%,7860,32.55,0.05,7982302
13012,Conduct studies of appeals procedures to ensure adherence to legal requirements or to facilitate dis...,"Arbitrators, Mediators, and Conciliators",23-1022,Tier1_Knowledge,30%,7860,32.55,0.05,7982302
13004,"Interview claimants, agents, or witnesses to obtain information about disputed issues....","Arbitrators, Mediators, and Conciliators",23-1022,Tier1_Partial,30%,7860,32.55,0.05,7982302
12996,Prepare settlement agreements for disputants to sign....,"Arbitrators, Mediators, and Conciliators",23-1022,Tier1_Knowledge,30%,7860,32.55,0.05,7982302
12999,Prepare written opinions or decisions regarding cases....,"Arbitrators, Mediators, and Conciliators",23-1022,Tier1_Knowledge,30%,7860,32.55,0.05,7982302
13007,Recommend acceptance or rejection of compromise settlement offers....,"Arbitrators, Mediators, and Conciliators",23-1022,Tier1_Knowledge,30%,7860,32.55,0.05,7982302
12994,"Use mediation techniques to facilitate communication between disputants, to further parties' underst...","Arbitrators, Mediators, and Conciliators",23-1022,Tier1_Knowledge,30%,7860,32.55,0.05,7982302
13001,"Rule on exceptions, motions, or admissibility of evidence....","Arbitrators, Mediators, and Conciliators",23-1022,Tier1_Knowledge,30%,7860,32.55,0.05,7982302
22560,Explore and develop musical ideas based on sources such as imagination or sounds in the environment....,Music Directors and Composers,27-2041,Tier1_Knowledge,30%,12330,30.61,0.0333,7850363
22547,"Apply elements of music theory to create musical and tonal structures, including harmonies and melod...",Music Directors and Composers,27-2041,Tier1_Knowledge,30%,12330,30.61,0.0333,7850363
22558,Meet with soloists and concertmasters to discuss and prepare for performances....,Music Directors and Composers,27-2041,Tier1_Knowledge,30%,12330,30.61,0.0333,7850363
22546,"Study scores to learn the music in detail, and to develop interpretations....",Music Directors and Composers,27-2041,Tier1_Knowledge,30%,12330,30.61,0.0333,7850363
22548,"Consider such factors as ensemble size and abilities, availability of scores, and the need for music...",Music Directors and Composers,27-2041,Tier1_Knowledge,30%,12330,30.61,0.0333,7850363
22555,Position members within groups to obtain balance among instrumental or vocal sections....,Music Directors and Composers,27-2041,Tier1_Knowledge,30%,12330,30.61,0.0333,7850363
18643,"Direct and supervise curatorial, technical, and student staff in the handling, mounting, care, and s...",Museum Technicians and Conservators,25-4013,Tier1_Knowledge,30%,13070,22.82,0.0417,7754692
3811,Supervise and work with volunteers....,Museum Technicians and Conservators,25-4013,Tier1_Knowledge,30%,13070,22.82,0.0417,7754692
3810,Prepare artifacts for storage and shipping....,Museum Technicians and Conservators,25-4013,Tier1_Knowledge,30%,13070,22.82,0.0417,7754692
20533,"Prepare land for cultivated crops, orchards, or vineyards by plowing, discing, leveling, or contouri...",Agricultural Technicians,19-4012,Tier1_Knowledge,30%,14340,22.49,0.0385,7740158
20535,Perform tests on seeds to evaluate seed viability....,Agricultural Technicians,19-4012,Tier1_Knowledge,30%,14340,22.49,0.0385,7740158
20526,Measure or weigh ingredients used in laboratory testing....,Agricultural Technicians,19-4012,Tier1_Knowledge,30%,14340,22.49,0.0385,7740158
20534,"Perform laboratory or field testing, using spectrometers, nitrogen determination apparatus, air samp...",Agricultural Technicians,19-4012,Tier1_Knowledge,30%,14340,22.49,0.0385,7740158
5547,"Transplant trees, vegetables, or horticultural plants....",Agricultural Technicians,19-4012,Tier1_Knowledge,30%,14340,22.49,0.0385,7740158
19781,"Conduct studies of nitrogen or alternative fertilizer application methods, quantities, or timing to ...",Agricultural Technicians,19-4012,Tier1_Knowledge,30%,14340,22.49,0.0385,7740158
20536,"Prepare culture media, following standard procedures....",Agricultural Technicians,19-4012,Tier1_Knowledge,30%,14340,22.49,0.0385,7740158
5900,"Initiate, facilitate, and moderate classroom discussions....","Environmental Science Teachers, Postsecondary",25-1053,Tier1_Knowledge,30%,7130,42.17,0.04,7504468
5897,Supervise students' laboratory and field work....,"Environmental Science Teachers, Postsecondary",25-1053,Tier1_Knowledge,30%,7130,42.17,0.04,7504468
5902,Advise students on academic and vocational curricula and on career issues....,"Environmental Science Teachers, Postsecondary",25-1053,Tier1_Writing,30%,7130,42.17,0.04,7504468
5894,"Keep abreast of developments in the field by reading current literature, talking with colleagues, an...","Environmental Science Teachers, Postsecondary",25-1053,Tier1_Knowledge,30%,7130,42.17,0.04,7504468
5910,Provide professional consulting services to government or industry....,"Environmental Science Teachers, Postsecondary",25-1053,Tier1_Writing,30%,7130,42.17,0.04,7504468
5893,"Conduct research in a particular field of knowledge and publish findings in professional journals, b...","Environmental Science Teachers, Postsecondary",25-1053,Tier1_Partial,30%,7130,42.17,0.04,7504468
5914,Act as advisers to student organizations....,"Environmental Science Teachers, Postsecondary",25-1053,Tier1_Writing,30%,7130,42.17,0.04,7504468
5905,"Select and obtain materials and supplies, such as textbooks and laboratory equipment....","Environmental Science Teachers, Postsecondary",25-1053,Tier1_Knowledge,30%,7130,42.17,0.04,7504468
5952,Collaborate with colleagues to address teaching and research issues....,"Anthropology and Archeology Teachers, Postsecondary",25-1061,Tier1_Good,40%,5260,46.04,0.037,7462966
5946,"Compile, administer, and grade examinations, or assign this work to others....","Anthropology and Archeology Teachers, Postsecondary",25-1061,Tier1_Good,40%,5260,46.04,0.037,7462966
10300,"Locate center lines and verify template positions, using measuring instruments such as gauge blocks,...","Layout Workers, Metal and Plastic",51-4192,Tier1_Knowledge,30%,5610,29.74,0.0714,7436360
19408,Replace existing antennas with new antennas as directed....,"Radio, Cellular, and Tower Equipment Installers and Repairers",49-2021,Tier1_Knowledge,30%,11400,30.86,0.0333,7317523
23518,"Test batteries, using hydrometers and ammeters, and charge batteries as necessary....","Radio, Cellular, and Tower Equipment Installers and Repairers",49-2021,Tier1_Knowledge,30%,11400,30.86,0.0333,7317523
23520,"Test equipment functions such as signal strength and quality, transmission capacity, interference, a...","Radio, Cellular, and Tower Equipment Installers and Repairers",49-2021,Tier1_Knowledge,30%,11400,30.86,0.0333,7317523
9370,Administer general and local anesthetics....,Oral and Maxillofacial Surgeons,29-1022,Tier1_Knowledge,30%,5330,30.61,0.0714,7271887
9373,"Collaborate with other professionals, such as restorative dentists and orthodontists, to plan treatm...",Oral and Maxillofacial Surgeons,29-1022,Tier1_Knowledge,30%,5330,30.61,0.0714,7271887
20245,"Perform minor facial rejuvenation procedures, including the use of Botox and laser technology....",Oral and Maxillofacial Surgeons,29-1022,Tier1_Knowledge,30%,5330,30.61,0.0714,7271887
17719,Train bioinformatics staff or researchers in the use of databases....,Bioinformatics Technicians,15-2099,Tier1_Good,40%,4660,34.37,0.0526,7013506
22237,Compare findings from one site with archeological data from other sites to find similarities or diff...,Anthropologists and Archeologists,19-3091,Tier1_Good,40%,8070,31.21,0.0333,6985048
13707,Signal workers to start geological material extraction or boring....,Helpers--Extraction Workers,47-5081,Tier1_Knowledge,30%,6720,23.27,0.0714,6969830
5158,"Correct or record omissions, errors, or inconsistencies found....",Proofreaders and Copy Markers,43-9081,Tier1_Knowledge,30%,5160,23.66,0.0909,6925583
5160,Read corrected copies or proofs to ensure that all corrections have been made....,Proofreaders and Copy Markers,43-9081,Tier1_Knowledge,30%,5160,23.66,0.0909,6925583
5159,"Mark copy to indicate and correct errors in type, arrangement, grammar, punctuation, or spelling, us...",Proofreaders and Copy Markers,43-9081,Tier1_Knowledge,30%,5160,23.66,0.0909,6925583
11290,Compile data pertinent to manufacture of special products for customers....,Correspondence Clerks,43-4021,Tier1_Good,40%,6260,22.47,0.0588,6884174
4481,Stencil identifying information on equipment....,"Locker Room, Coatroom, and Dressing Room Attendants",39-3093,Tier1_Knowledge,30%,14960,16.73,0.0435,6790227
4485,Set up various apparatus or athletic equipment....,"Locker Room, Coatroom, and Dressing Room Attendants",39-3093,Tier1_Knowledge,30%,14960,16.73,0.0435,6790227
4476,"Provide towels and sheets to clients in public baths, steam rooms, and restrooms....","Locker Room, Coatroom, and Dressing Room Attendants",39-3093,Tier1_Knowledge,30%,14960,16.73,0.0435,6790227
4478,Operate controls that regulate temperatures or room environments....,"Locker Room, Coatroom, and Dressing Room Attendants",39-3093,Tier1_Knowledge,30%,14960,16.73,0.0435,6790227
4484,Maintain a lost-and-found collection....,"Locker Room, Coatroom, and Dressing Room Attendants",39-3093,Tier1_Knowledge,30%,14960,16.73,0.0435,6790227
4468,Refer guest problems or complaints to supervisors....,"Locker Room, Coatroom, and Dressing Room Attendants",39-3093,Tier1_Knowledge,30%,14960,16.73,0.0435,6790227
4482,"Maintain inventories of clothing or uniforms, accessories, equipment, or linens....","Locker Room, Coatroom, and Dressing Room Attendants",39-3093,Tier1_Knowledge,30%,14960,16.73,0.0435,6790227
7369,"Maintain knowledge in the field by reading professional journals, talking with other mathematicians,...",Mathematicians,15-2021,Tier1_Knowledge,30%,2220,58.5,0.0833,6753240
7368,Develop computational methods for solving problems that occur in areas of science and engineering or...,Mathematicians,15-2021,Tier1_Knowledge,30%,2220,58.5,0.0833,6753240
5414,Advise producers about improved products and techniques that could enhance their animal production e...,Animal Scientists,19-1011,Tier1_Writing,30%,2470,38.04,0.1111,6514477
5416,"Study effects of management practices, processing methods, feed, or environmental conditions on qual...",Animal Scientists,19-1011,Tier1_Knowledge,30%,2470,38.04,0.1111,6514477
5420,Crossbreed animals with existing strains or cross strains to obtain new combinations of desirable ch...,Animal Scientists,19-1011,Tier1_Knowledge,30%,2470,38.04,0.1111,6514477
9800,Interview people and keep track of their responses....,Statistical Assistants,43-9111,Tier1_Knowledge,30%,5900,24.73,0.0714,6503283
9801,Send out surveys....,Statistical Assistants,43-9111,Tier1_Knowledge,30%,5900,24.73,0.0714,6503283
11000,"Create sculptures, statues, and other three-dimensional artwork by using abrasives and tools to shap...","Fine Artists, Including Painters, Sculptors, and Illustrators",27-1013,Tier1_Knowledge,30%,10000,29.12,0.0357,6489600
20995,Teach artistic techniques to children or adults....,"Fine Artists, Including Painters, Sculptors, and Illustrators",27-1013,Tier1_Knowledge,30%,10000,29.12,0.0357,6489600
20992,Set up exhibitions of artwork for display or sale....,"Fine Artists, Including Painters, Sculptors, and Illustrators",27-1013,Tier1_Knowledge,30%,10000,29.12,0.0357,6489600
22276,Record readings in order to compile data used in prospecting for oil or gas....,"Geological Technicians, Except Hydrologic Technicians",19-4043,Tier1_Good,40%,9710,23.27,0.0345,6482476
9114,Conduct short- and long-term climate assessments and study storm occurrences....,Hydrologists,19-2043,Tier1_Knowledge,30%,5720,44.26,0.04,6319053
9123,"Investigate properties, origins, and activities of glaciers, ice, snow, and permafrost....",Hydrologists,19-2043,Tier1_Knowledge,30%,5720,44.26,0.04,6319053
9107,"Apply research findings to help minimize the environmental impacts of pollution, waterborne diseases...",Hydrologists,19-2043,Tier1_Partial,30%,5720,44.26,0.04,6319053
7202,Notify board attendants of table vacancies so that waiting patrons can play....,Gambling Managers,11-9071,Tier1_Writing,30%,4620,41.14,0.0526,6242194
7200,"Record, collect, or pay off bets, issuing receipts as necessary....",Gambling Managers,11-9071,Tier1_Knowledge,30%,4620,41.14,0.0526,6242194
7197,Set and maintain a bank and table limit for each game....,Gambling Managers,11-9071,Tier1_Knowledge,30%,4620,41.14,0.0526,6242194
7195,"Establish policies on issues, such as the type of gambling offered and the odds, the extension of cr...",Gambling Managers,11-9071,Tier1_Knowledge,30%,4620,41.14,0.0526,6242194
7192,Interview and hire workers....,Gambling Managers,11-9071,Tier1_Writing,30%,4620,41.14,0.0526,6242194
7187,"Maintain familiarity with all games used at a facility, as well as strategies or tricks employed in ...",Gambling Managers,11-9071,Tier1_Knowledge,30%,4620,41.14,0.0526,6242194
7196,Track supplies of money to tables and perform any required paperwork....,Gambling Managers,11-9071,Tier1_Knowledge,30%,4620,41.14,0.0526,6242194
21004,Provide training to the public or law enforcement personnel in railroad safety or security....,Transit and Railroad Police,33-3052,Tier1_Knowledge,30%,3000,39.58,0.0833,6174480
9482,"Interview neighbors, associates, or former employers of job applicants to verify personal references...",Transit and Railroad Police,33-3052,Tier1_Knowledge,30%,3000,39.58,0.0833,6174480
9480,"Direct security activities at derailments, fires, floods, or strikes involving railroad property....",Transit and Railroad Police,33-3052,Tier1_Knowledge,30%,3000,39.58,0.0833,6174480
9477,Apprehend or remove trespassers or thieves from railroad property or coordinate with law enforcement...,Transit and Railroad Police,33-3052,Tier1_Knowledge,30%,3000,39.58,0.0833,6174480
17115,Refer patients to other health care practitioners as necessary....,Neurologists,29-1217,Tier1_Knowledge,30%,7700,30.61,0.0417,6128122
17121,Order or interpret results of laboratory analyses of patients' blood or cerebrospinal fluid....,Neurologists,29-1217,Tier1_Knowledge,30%,7700,30.61,0.0417,6128122
17128,Communicate with other health care professionals regarding patients' conditions and care....,Neurologists,29-1217,Tier1_Knowledge,30%,7700,30.61,0.0417,6128122
17118,"Prescribe or administer treatments, such as transcranial magnetic stimulation, vagus nerve stimulati...",Neurologists,29-1217,Tier1_Knowledge,30%,7700,30.61,0.0417,6128122
17120,"Perform specialized treatments in areas such as sleep disorders, neuroimmunology, neuro-oncology, be...",Neurologists,29-1217,Tier1_Knowledge,30%,7700,30.61,0.0417,6128122
17116,Advise other physicians on the treatment of neurological problems....,Neurologists,29-1217,Tier1_Knowledge,30%,7700,30.61,0.0417,6128122
17111,Participate in continuing education activities to maintain and expand competence....,Neurologists,29-1217,Tier1_Knowledge,30%,7700,30.61,0.0417,6128122
17109,Participate in neuroscience research activities....,Neurologists,29-1217,Tier1_Partial,30%,7700,30.61,0.0417,6128122
5465,Analyze and interpret data to increase the understanding of human social behavior....,Sociologists,19-3041,Tier1_Knowledge,30%,2950,48.89,0.0667,5999781
20868,Present research findings at professional meetings....,Sociologists,19-3041,Tier1_Partial,30%,2950,48.89,0.0667,5999781
5471,"Consult with and advise individuals such as administrators, social workers, and legislators regardin...",Sociologists,19-3041,Tier1_Partial,30%,2950,48.89,0.0667,5999781
5475,"Develop problem intervention procedures, using techniques such as interviews, consultations, role pl...",Sociologists,19-3041,Tier1_Knowledge,30%,2950,48.89,0.0667,5999781
5472,Collaborate with research workers in other disciplines....,Sociologists,19-3041,Tier1_Partial,30%,2950,48.89,0.0667,5999781
8639,Provide technical supervision regarding traffic control devices to other traffic technicians or labo...,Traffic Technicians,53-6041,Tier1_Knowledge,30%,7580,28.12,0.0435,5782841
8652,Develop plans or long-range strategies for providing adequate parking space....,Traffic Technicians,53-6041,Tier1_Knowledge,30%,7580,28.12,0.0435,5782841
8650,"Time stoplights or other delays, using stopwatches....",Traffic Technicians,53-6041,Tier1_Knowledge,30%,7580,28.12,0.0435,5782841
8642,"Measure and record the speed of vehicular traffic, using electrical timing devices or radar equipmen...",Traffic Technicians,53-6041,Tier1_Knowledge,30%,7580,28.12,0.0435,5782841
8635,"Study factors affecting traffic conditions, such as lighting or sign and marking visibility, to asse...",Traffic Technicians,53-6041,Tier1_Knowledge,30%,7580,28.12,0.0435,5782841
20938,"Provide traffic information, such as road conditions, to the public....",Traffic Technicians,53-6041,Tier1_Writing,30%,7580,28.12,0.0435,5782841
14155,Record information about work completed and machine settings....,"Textile Cutting Machine Setters, Operators, and Tenders",51-6062,Tier1_Knowledge,30%,8960,18.24,0.0556,5665587
14146,Notify supervisors of mechanical malfunctions....,"Textile Cutting Machine Setters, Operators, and Tenders",51-6062,Tier1_Writing,30%,8960,18.24,0.0556,5665587
14152,"Confer with coworkers to obtain information about orders, processes, or problems....","Textile Cutting Machine Setters, Operators, and Tenders",51-6062,Tier1_Partial,30%,8960,18.24,0.0556,5665587
14150,"Adjust machine controls, such as heating mechanisms, tensions, or speeds, to produce specified produ...","Textile Cutting Machine Setters, Operators, and Tenders",51-6062,Tier1_Knowledge,30%,8960,18.24,0.0556,5665587
19192,Demonstrate correct use of exercise equipment or performance of exercise routines....,Exercise Physiologists,29-1128,Tier1_Knowledge,30%,8110,27.96,0.04,5659820
19198,Perform routine laboratory tests of blood samples for cholesterol level or glucose tolerance....,Exercise Physiologists,29-1128,Tier1_Knowledge,30%,8110,27.96,0.04,5659820
19204,Calibrate exercise or testing equipment....,Exercise Physiologists,29-1128,Tier1_Knowledge,30%,8110,27.96,0.04,5659820
19207,Interview participants to obtain medical history or assess participant goals....,Exercise Physiologists,29-1128,Tier1_Knowledge,30%,8110,27.96,0.04,5659820
19201,Recommend methods to increase lifestyle physical activity....,Exercise Physiologists,29-1128,Tier1_Knowledge,30%,8110,27.96,0.04,5659820
5959,Provide professional consulting services to government or industry....,"Anthropology and Archeology Teachers, Postsecondary",25-1061,Tier1_Writing,30%,5260,46.04,0.037,5597224
5960,Act as advisers to student organizations....,"Anthropology and Archeology Teachers, Postsecondary",25-1061,Tier1_Writing,30%,5260,46.04,0.037,5597224
5949,"Advise students on academic and vocational curricula, career issues, and laboratory and field resear...","Anthropology and Archeology Teachers, Postsecondary",25-1061,Tier1_Partial,30%,5260,46.04,0.037,5597224
5942,"Initiate, facilitate, and moderate classroom discussions....","Anthropology and Archeology Teachers, Postsecondary",25-1061,Tier1_Knowledge,30%,5260,46.04,0.037,5597224
5939,"Keep abreast of developments in the field by reading current literature, talking with colleagues, an...","Anthropology and Archeology Teachers, Postsecondary",25-1061,Tier1_Knowledge,30%,5260,46.04,0.037,5597224
5955,"Select and obtain materials and supplies, such as textbooks and laboratory equipment....","Anthropology and Archeology Teachers, Postsecondary",25-1061,Tier1_Knowledge,30%,5260,46.04,0.037,5597224
20076,"Conduct research in a particular field of knowledge and present findings in professional journals, b...","Anthropology and Archeology Teachers, Postsecondary",25-1061,Tier1_Partial,30%,5260,46.04,0.037,5597224
5947,Supervise students' laboratory or field work....,"Anthropology and Archeology Teachers, Postsecondary",25-1061,Tier1_Knowledge,30%,5260,46.04,0.037,5597224
22604,Accept music requests from event guests....,"Disc Jockeys, Except Radio",27-2091,Tier1_Knowledge,30%,8170,20.59,0.0526,5524709
22608,Collect payments from customers....,"Disc Jockeys, Except Radio",27-2091,Tier1_Knowledge,30%,8170,20.59,0.0526,5524709
22622,Select and play music incorporating crowd preferences and mood....,"Disc Jockeys, Except Radio",27-2091,Tier1_Knowledge,30%,8170,20.59,0.0526,5524709
22619,"Operate disc jockey controller and other equipment, such as microphones....","Disc Jockeys, Except Radio",27-2091,Tier1_Knowledge,30%,8170,20.59,0.0526,5524709
22614,"Encourage guests to dance using group dances, competitions, or other party games....","Disc Jockeys, Except Radio",27-2091,Tier1_Knowledge,30%,8170,20.59,0.0526,5524709
22612,Create tailored playlists by aligning music with event functions....,"Disc Jockeys, Except Radio",27-2091,Tier1_Knowledge,30%,8170,20.59,0.0526,5524709
22615,"Lead party games, such as dance-offs or prize giveaways....","Disc Jockeys, Except Radio",27-2091,Tier1_Knowledge,30%,8170,20.59,0.0526,5524709
17514,Engage in research activities related to the field of medical genetics or genetic counseling....,Genetic Counselors,29-9092,Tier1_Partial,30%,3510,47.55,0.0526,5481364
17510,Refer patients to specialists or community resources....,Genetic Counselors,29-9092,Tier1_Knowledge,30%,3510,47.55,0.0526,5481364
17501,"Explain diagnostic procedures such as chorionic villus sampling (CVS), ultrasound, fetal blood sampl...",Genetic Counselors,29-9092,Tier1_Knowledge,30%,3510,47.55,0.0526,5481364
17517,"Read current literature, talk with colleagues, or participate in professional organizations or confe...",Genetic Counselors,29-9092,Tier1_Knowledge,30%,3510,47.55,0.0526,5481364
17509,Provide patients with information about the inheritance of conditions such as cardiovascular disease...,Genetic Counselors,29-9092,Tier1_Knowledge,30%,3510,47.55,0.0526,5481364
17502,"Provide genetic counseling in specified areas of clinical genetics, such as obstetrics, pediatrics, ...",Genetic Counselors,29-9092,Tier1_Knowledge,30%,3510,47.55,0.0526,5481364
17504,"Provide counseling to patient and family members by providing information, education, or reassurance...",Genetic Counselors,29-9092,Tier1_Knowledge,30%,3510,47.55,0.0526,5481364
17507,Interpret laboratory results and communicate findings to patients or physicians....,Genetic Counselors,29-9092,Tier1_Knowledge,30%,3510,47.55,0.0526,5481364
7918,"Protect and preserve native wildlife, plants, or ecosystems....",Fish and Game Wardens,33-3031,Tier1_Knowledge,30%,6420,32.78,0.0417,5471638
20587,Arrange for disposition of fish or game illegally taken or possessed....,Fish and Game Wardens,33-3031,Tier1_Knowledge,30%,6420,32.78,0.0417,5471638
7919,Promote or provide hunter or trapper safety training....,Fish and Game Wardens,33-3031,Tier1_Knowledge,30%,6420,32.78,0.0417,5471638
20582,Compile and present evidence for court actions....,Fish and Game Wardens,33-3031,Tier1_Partial,30%,6420,32.78,0.0417,5471638
7931,Supervise the activities of seasonal workers....,Fish and Game Wardens,33-3031,Tier1_Knowledge,30%,6420,32.78,0.0417,5471638
7933,Provide advice or information to park or reserve visitors....,Fish and Game Wardens,33-3031,Tier1_Knowledge,30%,6420,32.78,0.0417,5471638
7922,"Address schools, civic groups, sporting clubs, or the media to disseminate information concerning wi...",Fish and Game Wardens,33-3031,Tier1_Writing,30%,6420,32.78,0.0417,5471638
12007,"Pour and regulate the flow of molten metal into molds and forms to produce ingots or other castings,...","Pourers and Casters, Metal",51-4052,Tier1_Knowledge,30%,5830,23.53,0.0625,5350016
17707,"Enter or retrieve information from structural databases, protein sequence motif databases, mutation ...",Bioinformatics Technicians,15-2099,Tier1_Writing,30%,4660,34.37,0.0526,5260130
22247,"Develop intervention procedures, using techniques such as individual and focus group interviews, con...",Anthropologists and Archeologists,19-3091,Tier1_Knowledge,30%,8070,31.21,0.0333,5238786
22240,Gather and analyze artifacts and skeletal remains to increase knowledge of ancient cultures....,Anthropologists and Archeologists,19-3091,Tier1_Knowledge,30%,8070,31.21,0.0333,5238786
21382,"Direct the breeding or raising of stock, such as cattle, poultry, or honeybees, using recognized bre...","Farmers, Ranchers, and Other Agricultural Managers",11-9013,Tier1_Knowledge,30%,5910,42.3,0.0333,5199854
21383,"Negotiate with buyers for the sale, storage, or shipment of crops or livestock....","Farmers, Ranchers, and Other Agricultural Managers",11-9013,Tier1_Writing,30%,5910,42.3,0.0333,5199854
21389,"Replace chemical insecticides with environmentally friendly practices, such as adding pest-repelling...","Farmers, Ranchers, and Other Agricultural Managers",11-9013,Tier1_Knowledge,30%,5910,42.3,0.0333,5199854
21395,Evaluate marketing or sales alternatives for products....,"Farmers, Ranchers, and Other Agricultural Managers",11-9013,Tier1_Knowledge,30%,5910,42.3,0.0333,5199854
21370,"Collect and record growth, production, and environmental data....","Farmers, Ranchers, and Other Agricultural Managers",11-9013,Tier1_Knowledge,30%,5910,42.3,0.0333,5199854
21376,"Devise and participate in activities to improve fish hatching and growth rates, and to prevent disea...","Farmers, Ranchers, and Other Agricultural Managers",11-9013,Tier1_Knowledge,30%,5910,42.3,0.0333,5199854
6181,"Compile, administer, and grade examinations, or assign this work to others....","Library Science Teachers, Postsecondary",25-1082,Tier1_Good,40%,4100,37.8,0.04,5158128
6179,Collaborate with colleagues to address teaching and research issues....,"Library Science Teachers, Postsecondary",25-1082,Tier1_Good,40%,4100,37.8,0.04,5158128
8009,Answer questions about game rules or casino policies....,Gambling and Sports Book Writers and Runners,39-3012,Tier1_Good,40%,7600,14.65,0.0556,5146382
23508,"Push or ride cars down slopes, or hook cars to cables and control cable drum brakes, to ease cars do...","Loading and Moving Machine Operators, Underground Mining",47-5044,Tier1_Knowledge,30%,6130,33.11,0.04,5065989
23500,"Guide and stop cars by switching, applying brakes, or placing scotches, or wooden wedges, between wh...","Loading and Moving Machine Operators, Underground Mining",47-5044,Tier1_Knowledge,30%,6130,33.11,0.04,5065989
23499,Examine roadway and clear obstructions from the path of travel....,"Loading and Moving Machine Operators, Underground Mining",47-5044,Tier1_Knowledge,30%,6130,33.11,0.04,5065989
23506,"Observe hand signals, grade stakes, or other markings when operating machines....","Loading and Moving Machine Operators, Underground Mining",47-5044,Tier1_Knowledge,30%,6130,33.11,0.04,5065989
7947,Appear in court at hearings regarding contested traffic citations....,Parking Enforcement Workers,33-3041,Tier1_Knowledge,30%,7770,22.67,0.0455,4996138
7936,"Maintain close communications with dispatching personnel, using two-way radios or cell phones....",Parking Enforcement Workers,33-3041,Tier1_Knowledge,30%,7770,22.67,0.0455,4996138
7949,"Perform traffic control duties such as setting up barricades and temporary signs, placing bags on pa...",Parking Enforcement Workers,33-3041,Tier1_Knowledge,30%,7770,22.67,0.0455,4996138
7940,Train new or temporary staff....,Parking Enforcement Workers,33-3041,Tier1_Knowledge,30%,7770,22.67,0.0455,4996138
7944,"Investigate and answer complaints regarding contested parking citations, determining their validity ...",Parking Enforcement Workers,33-3041,Tier1_Knowledge,30%,7770,22.67,0.0455,4996138
9910,Compile and keep gun and explosives records in compliance with local and federal laws....,"Explosives Workers, Ordnance Handling Experts, and Blasters",47-5032,Tier1_Good,40%,5680,28.42,0.037,4974300
9615,Distribute costumes or related equipment and keep records of item status....,Costume Attendants,39-3092,Tier1_Knowledge,30%,6290,26.35,0.0476,4924890
9616,Arrange costumes in order of use to facilitate quick-change procedures for performances....,Costume Attendants,39-3092,Tier1_Knowledge,30%,6290,26.35,0.0476,4924890
9619,"Assign lockers to employees and maintain locker rooms, dressing rooms, wig rooms, or costume storage...",Costume Attendants,39-3092,Tier1_Knowledge,30%,6290,26.35,0.0476,4924890
9628,Direct the work of wardrobe crews during dress rehearsals or performances....,Costume Attendants,39-3092,Tier1_Knowledge,30%,6290,26.35,0.0476,4924890
22278,"Measure geological characteristics used in prospecting for oil or gas, using measuring instruments....","Geological Technicians, Except Hydrologic Technicians",19-4043,Tier1_Knowledge,30%,9710,23.27,0.0345,4861857
22270,"Interview individuals, and research public databases in order to obtain information....","Geological Technicians, Except Hydrologic Technicians",19-4043,Tier1_Partial,30%,9710,23.27,0.0345,4861857
22273,Operate or adjust equipment or apparatus used to obtain geological data....,"Geological Technicians, Except Hydrologic Technicians",19-4043,Tier1_Knowledge,30%,9710,23.27,0.0345,4861857
22263,Collect or prepare solid or fluid samples for analysis....,"Geological Technicians, Except Hydrologic Technicians",19-4043,Tier1_Knowledge,30%,9710,23.27,0.0345,4861857
22289,"Compile data used to address environmental issues, such as the suitability of potential landfill sit...","Geological Technicians, Except Hydrologic Technicians",19-4043,Tier1_Partial,30%,9710,23.27,0.0345,4861857
22286,"Apply new technologies, such as improved seismic imaging techniques, to locate untapped oil or natur...","Geological Technicians, Except Hydrologic Technicians",19-4043,Tier1_Knowledge,30%,9710,23.27,0.0345,4861857
22283,"Inspect engines for wear or defective parts, using equipment or measuring devices....","Geological Technicians, Except Hydrologic Technicians",19-4043,Tier1_Knowledge,30%,9710,23.27,0.0345,4861857
21172,Supervise students' research on celestial and astronomical phenomena....,Astronomers,19-2011,Tier1_Good,40%,1560,63.54,0.0588,4851167
20926,Fit parts together in pre-assembly to ensure that dimensions are accurate....,"Tool Grinders, Filers, and Sharpeners",51-4194,Tier1_Knowledge,30%,5730,23.54,0.0556,4675986
10351,"Set up and operate grinding or polishing machines to grind metal workpieces, such as dies, parts, an...","Tool Grinders, Filers, and Sharpeners",51-4194,Tier1_Knowledge,30%,5730,23.54,0.0556,4675986
6008,"Compile, administer, and grade examinations, or assign this work to others....","Geography Teachers, Postsecondary",25-1064,Tier1_Good,40%,3290,41.7,0.04,4565467
6018,Collaborate with colleagues to address teaching and research issues....,"Geography Teachers, Postsecondary",25-1064,Tier1_Good,40%,3290,41.7,0.04,4565467
3721,"Teach and conduct research in colleges, universities, museums, and other research agencies and schoo...",Historians,19-3093,Tier1_Good,40%,3140,35.6,0.0476,4428776
3733,Interview people to gather information about historical events and to record oral histories....,Historians,19-3093,Tier1_Good,40%,3140,35.6,0.0476,4428776
8546,"Correct machinery malfunctions by performing actions such as removing jams, and inform supervisors o...",Cooling and Freezing Equipment Operators and Tenders,51-9193,Tier1_Writing,30%,6590,19.31,0.0556,4411434
8545,"Read dials and gauges on panel control boards to ascertain temperatures, alkalinities, and densities...",Cooling and Freezing Equipment Operators and Tenders,51-9193,Tier1_Knowledge,30%,6590,19.31,0.0556,4411434
8560,Activate mechanical rakes to regulate flow of ice from storage bins to vats....,Cooling and Freezing Equipment Operators and Tenders,51-9193,Tier1_Knowledge,30%,6590,19.31,0.0556,4411434
8559,"Sample and test product characteristics such as specific gravity, acidity, and sugar content, using ...",Cooling and Freezing Equipment Operators and Tenders,51-9193,Tier1_Knowledge,30%,6590,19.31,0.0556,4411434
11988,"Verify that workpiece reference lines are parallel to the axis of table rotation, using dial indicat...","Drilling and Boring Machine Tool Setters, Operators, and Tenders, Metal and Plastic",51-4032,Tier1_Knowledge,30%,5310,22.42,0.0588,4369843
11980,Move machine controls to lower tools to workpieces and to engage automatic feeds....,"Drilling and Boring Machine Tool Setters, Operators, and Tenders, Metal and Plastic",51-4032,Tier1_Knowledge,30%,5310,22.42,0.0588,4369843
7031,"Identify diseased or undesirable trees and remove them, using power saws or hand saws....",Forest and Conservation Workers,45-4011,Tier1_Knowledge,30%,5630,21.0,0.0588,4339736
7038,"Prune or shear tree tops or limbs to control growth, increase density, or improve shape....",Forest and Conservation Workers,45-4011,Tier1_Knowledge,30%,5630,21.0,0.0588,4339736
7040,"Provide assistance to forest survey crews by clearing site-lines, holding measuring tools, or settin...",Forest and Conservation Workers,45-4011,Tier1_Knowledge,30%,5630,21.0,0.0588,4339736
13241,Set up and display sample merchandise at parties or stands....,"Door-to-Door Sales Workers, News and Street Vendors, and Related Workers",41-9091,Tier1_Knowledge,30%,4590,16.6,0.0833,3962088
21075,Persuade customers to purchase merchandise or services....,"Door-to-Door Sales Workers, News and Street Vendors, and Related Workers",41-9091,Tier1_Knowledge,30%,4590,16.6,0.0833,3962088
13237,"Circulate among potential customers or travel by foot, truck, automobile, or bicycle to deliver or s...","Door-to-Door Sales Workers, News and Street Vendors, and Related Workers",41-9091,Tier1_Knowledge,30%,4590,16.6,0.0833,3962088
13236,Answer questions about product features and benefits....,"Door-to-Door Sales Workers, News and Street Vendors, and Related Workers",41-9091,Tier1_Partial,30%,4590,16.6,0.0833,3962088
13235,Arrange buying parties and solicit sponsorship of such parties to sell merchandise....,"Door-to-Door Sales Workers, News and Street Vendors, and Related Workers",41-9091,Tier1_Knowledge,30%,4590,16.6,0.0833,3962088
13238,Develop prospect lists....,"Door-to-Door Sales Workers, News and Street Vendors, and Related Workers",41-9091,Tier1_Knowledge,30%,4590,16.6,0.0833,3962088
13233,Explain products or services and prices and demonstrate use of products....,"Door-to-Door Sales Workers, News and Street Vendors, and Related Workers",41-9091,Tier1_Knowledge,30%,4590,16.6,0.0833,3962088
14395,"Inspect etched work for depth of etching, uniformity, and defects, using calibrated microscopes, gau...",Etchers and Engravers,51-9194,Tier1_Knowledge,30%,8390,19.45,0.0385,3916452
20087,"Conduct research in a particular field of knowledge and present findings in professional journals, b...","Library Science Teachers, Postsecondary",25-1082,Tier1_Partial,30%,4100,37.8,0.04,3868596
6191,Act as advisers to student organizations....,"Library Science Teachers, Postsecondary",25-1082,Tier1_Writing,30%,4100,37.8,0.04,3868596
6185,"Select and obtain materials and supplies, such as textbooks....","Library Science Teachers, Postsecondary",25-1082,Tier1_Knowledge,30%,4100,37.8,0.04,3868596
6180,Advise students on academic and vocational curricula and on career issues....,"Library Science Teachers, Postsecondary",25-1082,Tier1_Writing,30%,4100,37.8,0.04,3868596
6175,"Initiate, facilitate, and moderate classroom discussions....","Library Science Teachers, Postsecondary",25-1082,Tier1_Knowledge,30%,4100,37.8,0.04,3868596
6192,Provide professional consulting services to government or industry....,"Library Science Teachers, Postsecondary",25-1082,Tier1_Writing,30%,4100,37.8,0.04,3868596
8019,Record the number of tickets cashed and the amount paid out after each race or event....,Gambling and Sports Book Writers and Runners,39-3012,Tier1_Knowledge,30%,7600,14.65,0.0556,3859787
8018,Start gaming equipment that randomly selects numbered balls and announce winning numbers and colors....,Gambling and Sports Book Writers and Runners,39-3012,Tier1_Knowledge,30%,7600,14.65,0.0556,3859787
12028,"Grind, file, and sand parts to finished dimensions....","Model Makers, Metal and Plastic",51-4061,Tier1_Knowledge,30%,3230,30.14,0.0625,3796736
9412,"Accompany patients on outings, providing transportation when necessary....",Occupational Therapy Aides,31-2012,Tier1_Knowledge,30%,5000,17.97,0.0667,3737760
9398,Encourage patients and attend to their physical needs to facilitate the attainment of therapeutic go...,Occupational Therapy Aides,31-2012,Tier1_Knowledge,30%,5000,17.97,0.0667,3737760
9409,Transport patients to and from the occupational therapy work area....,Occupational Therapy Aides,31-2012,Tier1_Knowledge,30%,5000,17.97,0.0667,3737760
9401,Manage intradepartmental infection control and equipment security....,Occupational Therapy Aides,31-2012,Tier1_Knowledge,30%,5000,17.97,0.0667,3737760
9408,"Demonstrate therapy techniques, such as manual and creative arts and games....",Occupational Therapy Aides,31-2012,Tier1_Knowledge,30%,5000,17.97,0.0667,3737760
9920,"Maintain inventory levels, ordering new supplies as necessary....","Explosives Workers, Ordnance Handling Experts, and Blasters",47-5032,Tier1_Knowledge,30%,5680,28.42,0.037,3730725
9907,Place explosive charges in holes or other spots; then detonate explosives to demolish structures or ...,"Explosives Workers, Ordnance Handling Experts, and Blasters",47-5032,Tier1_Knowledge,30%,5680,28.42,0.037,3730725
9906,"Place safety cones around blast areas to alert other workers of danger zones, and signal workers as ...","Explosives Workers, Ordnance Handling Experts, and Blasters",47-5032,Tier1_Knowledge,30%,5680,28.42,0.037,3730725
9923,Set up and operate short-wave radio or field telephone equipment to transmit and receive blast infor...,"Explosives Workers, Ordnance Handling Experts, and Blasters",47-5032,Tier1_Knowledge,30%,5680,28.42,0.037,3730725
13501,"Place supporting limbs or poles under felled trees to avoid splitting undersides, and to prevent log...",Fallers,45-4021,Tier1_Knowledge,30%,4110,25.92,0.0556,3693082
13499,Mark logs for identification....,Fallers,45-4021,Tier1_Knowledge,30%,4110,25.92,0.0556,3693082
13497,Secure steel cables or chains to logs for dragging by tractors or for pulling by cable yarding syste...,Fallers,45-4021,Tier1_Knowledge,30%,4110,25.92,0.0556,3693082
7528,Develop theories based on personal observations or on observations and theories of other astronomers...,Astronomers,19-2011,Tier1_Knowledge,30%,1560,63.54,0.0588,3638375
7531,Develop instrumentation and software for astronomical observation and analysis....,Astronomers,19-2011,Tier1_Knowledge,30%,1560,63.54,0.0588,3638375
7526,Present research findings at scientific conferences and in papers written for scientific journals....,Astronomers,19-2011,Tier1_Partial,30%,1560,63.54,0.0588,3638375
21171,Mentor graduate students and junior colleagues....,Astronomers,19-2011,Tier1_Knowledge,30%,1560,63.54,0.0588,3638375
7532,Teach astronomy or astrophysics....,Astronomers,19-2011,Tier1_Knowledge,30%,1560,63.54,0.0588,3638375
7529,Raise funds for scientific research....,Astronomers,19-2011,Tier1_Partial,30%,1560,63.54,0.0588,3638375
6413,Collaborate with colleagues to address teaching and research issues....,"Family and Consumer Sciences Teachers, Postsecondary",25-1192,Tier1_Good,40%,2630,37.15,0.0435,3534720
6407,"Compile, administer, and grade examinations, or assign this work to others....","Family and Consumer Sciences Teachers, Postsecondary",25-1192,Tier1_Good,40%,2630,37.15,0.0435,3534720
14930,Maintain tools and equipment....,Helpers--Roofers,47-3016,Tier1_Knowledge,30%,5170,19.51,0.0556,3496712
6017,"Conduct research in a particular field of knowledge and publish findings in professional journals, b...","Geography Teachers, Postsecondary",25-1064,Tier1_Partial,30%,3290,41.7,0.04,3424100
6029,Act as advisers to student organizations....,"Geography Teachers, Postsecondary",25-1064,Tier1_Writing,30%,3290,41.7,0.04,3424100
6030,Provide professional consulting services to government or industry....,"Geography Teachers, Postsecondary",25-1064,Tier1_Writing,30%,3290,41.7,0.04,3424100
6019,"Select and obtain materials and supplies, such as textbooks....","Geography Teachers, Postsecondary",25-1064,Tier1_Knowledge,30%,3290,41.7,0.04,3424100
6020,Advise students on academic and vocational curricula and on career issues....,"Geography Teachers, Postsecondary",25-1064,Tier1_Writing,30%,3290,41.7,0.04,3424100
6016,Supervise students' laboratory and field work....,"Geography Teachers, Postsecondary",25-1064,Tier1_Knowledge,30%,3290,41.7,0.04,3424100
6012,"Keep abreast of developments in the field by reading current literature, talking with colleagues, an...","Geography Teachers, Postsecondary",25-1064,Tier1_Knowledge,30%,3290,41.7,0.04,3424100
6009,"Initiate, facilitate, and moderate classroom discussions....","Geography Teachers, Postsecondary",25-1064,Tier1_Knowledge,30%,3290,41.7,0.04,3424100
3722,"Conduct historical research, and publish or present findings and theories....",Historians,19-3093,Tier1_Partial,30%,3140,35.6,0.0476,3321582
3730,Advise or consult with individuals and institutions regarding issues such as the historical authenti...,Historians,19-3093,Tier1_Writing,30%,3140,35.6,0.0476,3321582
3719,"Trace historical development in a particular field, such as social, cultural, political, or diplomat...",Historians,19-3093,Tier1_Knowledge,30%,3140,35.6,0.0476,3321582
3723,"Speak to various groups, organizations, and clubs to promote the aims and activities of historical s...",Historians,19-3093,Tier1_Writing,30%,3140,35.6,0.0476,3321582
3725,"Research the history of a particular country or region, or of a specific time period....",Historians,19-3093,Tier1_Partial,30%,3140,35.6,0.0476,3321582
3731,Translate or request translation of reference materials....,Historians,19-3093,Tier1_Partial,30%,3140,35.6,0.0476,3321582
3734,"Recommend actions related to historical art, such as which items to add to a collection or which ite...",Historians,19-3093,Tier1_Knowledge,30%,3140,35.6,0.0476,3321582
13256,Operate paging systems or other systems of bells or buzzers to notify recipients of incoming calls....,Telephone Operators,43-2021,Tier1_Writing,30%,3950,18.81,0.0714,3311635
13255,"Promote company products, services, and savings plans when appropriate....",Telephone Operators,43-2021,Tier1_Knowledge,30%,3950,18.81,0.0714,3311635
13257,Update directory information....,Telephone Operators,43-2021,Tier1_Knowledge,30%,3950,18.81,0.0714,3311635
13258,"Keep records of calls placed and received, and of related toll charges....",Telephone Operators,43-2021,Tier1_Knowledge,30%,3950,18.81,0.0714,3311635
13246,"Observe signal lights on switchboards, and dial or press buttons to make connections....",Telephone Operators,43-2021,Tier1_Knowledge,30%,3950,18.81,0.0714,3311635
13248,Provide assistance for customers with special billing requests....,Telephone Operators,43-2021,Tier1_Knowledge,30%,3950,18.81,0.0714,3311635
11871,Compare instrument pitches with tuning tool pitches to tune instruments....,Musical Instrument Repairers and Tuners,49-9063,Tier1_Partial,30%,5730,21.79,0.0417,3246274
11865,Play instruments to evaluate their sound quality and to locate any defects....,Musical Instrument Repairers and Tuners,49-9063,Tier1_Knowledge,30%,5730,21.79,0.0417,3246274
11887,Refinish and polish piano cabinets or cases to prepare them for sale....,Musical Instrument Repairers and Tuners,49-9063,Tier1_Knowledge,30%,5730,21.79,0.0417,3246274
11896,"Strike wood, fiberglass, or metal bars of instruments, and use tuned blocks, stroboscopes, or electr...",Musical Instrument Repairers and Tuners,49-9063,Tier1_Knowledge,30%,5730,21.79,0.0417,3246274
22294,"Apply research findings to minimize the environmental impacts of pollution, waterborne diseases, ero...",Hydrologic Technicians,19-4044,Tier1_Partial,30%,2940,28.16,0.0625,3228826
22300,"Investigate the properties, origins, or activities of glaciers, ice, snow, or permafrost....",Hydrologic Technicians,19-4044,Tier1_Knowledge,30%,2940,28.16,0.0625,3228826
22301,"Locate and deliver information or data as requested by customers, such as contractors, government en...",Hydrologic Technicians,19-4044,Tier1_Knowledge,30%,2940,28.16,0.0625,3228826
22305,Provide real time data to emergency management and weather service personnel during flood events....,Hydrologic Technicians,19-4044,Tier1_Knowledge,30%,2940,28.16,0.0625,3228826
11032,"Advise dancers on standing and moving properly, teaching correct dance techniques to help prevent in...",Choreographers,27-2032,Tier1_Knowledge,30%,3430,26.73,0.0556,3178375
11038,"Teach students, dancers, and other performers about rhythm and interpretive movement....",Choreographers,27-2032,Tier1_Knowledge,30%,3430,26.73,0.0556,3178375
11044,"Restage traditional dances and works in dance companies' repertoires, developing new interpretations...",Choreographers,27-2032,Tier1_Knowledge,30%,3430,26.73,0.0556,3178375
11045,"Manage dance schools, or assist in their management....",Choreographers,27-2032,Tier1_Knowledge,30%,3430,26.73,0.0556,3178375
11034,Audition performers for one or more dance parts....,Choreographers,27-2032,Tier1_Knowledge,30%,3430,26.73,0.0556,3178375
11033,Coordinate production music with music directors....,Choreographers,27-2032,Tier1_Knowledge,30%,3430,26.73,0.0556,3178375
11040,"Experiment with different types of dancers, steps, dances, and placements, testing ideas informally ...",Choreographers,27-2032,Tier1_Knowledge,30%,3430,26.73,0.0556,3178375
11031,"Choose the music, sound effects, or spoken narrative to accompany a dance....",Choreographers,27-2032,Tier1_Knowledge,30%,3430,26.73,0.0556,3178375
23184,Offer counsel and comfort to bereaved families or friends....,Crematory Operators,39-4012,Tier1_Writing,30%,2950,20.62,0.0833,3163108
23183,Explain the cremation process to family or friends of the deceased....,Crematory Operators,39-4012,Tier1_Knowledge,30%,2950,20.62,0.0833,3163108
23182,"Embalm, dress, or otherwise prepare the deceased for viewing....",Crematory Operators,39-4012,Tier1_Knowledge,30%,2950,20.62,0.0833,3163108
23189,"Remove jewelry, watches, or other personal items from the deceased prior to cremation....",Crematory Operators,39-4012,Tier1_Knowledge,30%,2950,20.62,0.0833,3163108
20881,Plan and attend craft shows to market products....,Craft Artists,27-1012,Tier1_Knowledge,30%,4370,18.5,0.0625,3152955
9252,Develop concepts or creative ideas for craft objects....,Craft Artists,27-1012,Tier1_Knowledge,30%,4370,18.5,0.0625,3152955
9250,"Select materials for use based on strength, color, texture, balance, weight, size, malleability and ...",Craft Artists,27-1012,Tier1_Knowledge,30%,4370,18.5,0.0625,3152955
9247,"Create functional or decorative objects by hand, using a variety of methods and materials....",Craft Artists,27-1012,Tier1_Knowledge,30%,4370,18.5,0.0625,3152955
5329,"Provide advice on water quality and issues related to pollution management, river control, and groun...",Agricultural Engineers,17-2021,Tier1_Knowledge,30%,1680,40.69,0.0714,3046867
4989,Climb ladders to position and set up vehicle-mounted derricks....,Hoist and Winch Operators,53-7041,Tier1_Knowledge,30%,2480,25.15,0.0769,2993856
4979,"Move levers, pedals, and throttles to stop, start, and regulate speeds of hoist or winch drums in re...",Hoist and Winch Operators,53-7041,Tier1_Knowledge,30%,2480,25.15,0.0769,2993856
14129,"Record production information such as fabric yardage processed, temperature readings, fabric tension...",Textile Bleaching and Dyeing Machine Operators and Tenders,51-6061,Tier1_Knowledge,30%,5820,17.94,0.0435,2832710
14122,Notify supervisors or mechanics of equipment malfunctions....,Textile Bleaching and Dyeing Machine Operators and Tenders,51-6061,Tier1_Writing,30%,5820,17.94,0.0435,2832710
14128,Examine and feel products to identify defects and variations from coloring and other processing stan...,Textile Bleaching and Dyeing Machine Operators and Tenders,51-6061,Tier1_Knowledge,30%,5820,17.94,0.0435,2832710
14123,"Adjust equipment controls to maintain specified heat, tension, and speed....",Textile Bleaching and Dyeing Machine Operators and Tenders,51-6061,Tier1_Knowledge,30%,5820,17.94,0.0435,2832710
14133,"Confer with coworkers to get information about order details, processing plans, or problems that occ...",Textile Bleaching and Dyeing Machine Operators and Tenders,51-6061,Tier1_Knowledge,30%,5820,17.94,0.0435,2832710
14130,Test solutions used to process textile goods to detect variations from standards....,Textile Bleaching and Dyeing Machine Operators and Tenders,51-6061,Tier1_Knowledge,30%,5820,17.94,0.0435,2832710
13854,"Communicate with workers on the surface while underwater, using signal lines or telephones....",Commercial Divers,49-9092,Tier1_Writing,30%,3430,29.39,0.0435,2734957
13858,Obtain information about diving tasks and environmental conditions....,Commercial Divers,49-9092,Tier1_Partial,30%,3430,29.39,0.0435,2734957
11105,"Administer regulations regarding sanitation, fire prevention, violation corrections, and related for...",Forest Fire Inspectors and Prevention Specialists,33-2022,Tier1_Knowledge,30%,2780,25.19,0.0625,2731100
21144,Educate the public about fire safety and prevention....,Forest Fire Inspectors and Prevention Specialists,33-2022,Tier1_Knowledge,30%,2780,25.19,0.0625,2731100
11103,Direct crews working on firelines during forest fires....,Forest Fire Inspectors and Prevention Specialists,33-2022,Tier1_Knowledge,30%,2780,25.19,0.0625,2731100
21143,Conduct wildland firefighting training....,Forest Fire Inspectors and Prevention Specialists,33-2022,Tier1_Knowledge,30%,2780,25.19,0.0625,2731100
7152,"Control machinery to open and close canal locks and dams, railroad or highway drawbridges, or horizo...",Bridge and Lock Tenders,53-6011,Tier1_Knowledge,30%,2720,28.12,0.0556,2651529
7153,"Direct movements of vessels in locks or bridge areas, using signals, telecommunication equipment, or...",Bridge and Lock Tenders,53-6011,Tier1_Knowledge,30%,2720,28.12,0.0556,2651529
7160,"Log data, such as water levels and weather conditions....",Bridge and Lock Tenders,53-6011,Tier1_Knowledge,30%,2720,28.12,0.0556,2651529
7166,Raise drawbridges and observe passage of water traffic or lower drawbridges and raise automobile gat...,Bridge and Lock Tenders,53-6011,Tier1_Knowledge,30%,2720,28.12,0.0556,2651529
6408,Advise students on academic and vocational curricula and on career issues....,"Family and Consumer Sciences Teachers, Postsecondary",25-1192,Tier1_Writing,30%,2630,37.15,0.0435,2651040
6411,"Select and obtain materials and supplies, such as textbooks....","Family and Consumer Sciences Teachers, Postsecondary",25-1192,Tier1_Knowledge,30%,2630,37.15,0.0435,2651040
6412,"Conduct research in a particular field of knowledge and publish findings in professional journals, b...","Family and Consumer Sciences Teachers, Postsecondary",25-1192,Tier1_Partial,30%,2630,37.15,0.0435,2651040
6414,Act as advisers to student organizations....,"Family and Consumer Sciences Teachers, Postsecondary",25-1192,Tier1_Writing,30%,2630,37.15,0.0435,2651040
6421,Provide professional consulting services to government or industry....,"Family and Consumer Sciences Teachers, Postsecondary",25-1192,Tier1_Writing,30%,2630,37.15,0.0435,2651040
6401,"Initiate, facilitate, and moderate classroom discussions....","Family and Consumer Sciences Teachers, Postsecondary",25-1192,Tier1_Knowledge,30%,2630,37.15,0.0435,2651040
6404,"Keep abreast of developments in the field by reading current literature, talking with colleagues, an...","Family and Consumer Sciences Teachers, Postsecondary",25-1192,Tier1_Knowledge,30%,2630,37.15,0.0435,2651040
10667,"Observe and respond to wayside and cab signals, including color light signals, position signals, tor...","Rail Yard Engineers, Dinkey Operators, and Hostlers",53-4013,Tier1_Knowledge,30%,3300,27.9,0.0435,2497899
15182,"Direct or assist workers placing shore anchors and cables, laying additional pipes from dredges to s...",Dredge Operators,53-7031,Tier1_Knowledge,30%,1030,23.28,0.1667,2493754
19469,Insert processed negatives and prints into envelopes for delivery to customers....,Photographic Process Workers and Processing Machine Operators,51-9151,Tier1_Knowledge,30%,5550,19.28,0.037,2472981
14537,Operate engine throttles and steering mechanisms to guide boats on desired courses....,Motorboat Operators,53-5022,Tier1_Knowledge,30%,2380,24.94,0.0625,2314931
14536,"Follow safety procedures to ensure the protection of passengers, cargo, and vessels....",Motorboat Operators,53-5022,Tier1_Knowledge,30%,2380,24.94,0.0625,2314931
14541,"Maintain equipment such as range markers, fire extinguishers, boat fenders, lines, pumps, and fittin...",Motorboat Operators,53-5022,Tier1_Knowledge,30%,2380,24.94,0.0625,2314931
14801,Alter or maintain makeup during productions as necessary to compensate for lighting changes or to ac...,"Makeup Artists, Theatrical and Performance",39-5091,Tier1_Knowledge,30%,3320,24.17,0.0455,2276023
14802,"Select desired makeup shades from stock, or mix oil, grease, and coloring to achieve specific color ...","Makeup Artists, Theatrical and Performance",39-5091,Tier1_Knowledge,30%,3320,24.17,0.0455,2276023
14809,"Attach prostheses to performers and apply makeup to create special features or effects, such as scar...","Makeup Artists, Theatrical and Performance",39-5091,Tier1_Knowledge,30%,3320,24.17,0.0455,2276023
14813,Advise hairdressers on the hairstyles required for character parts....,"Makeup Artists, Theatrical and Performance",39-5091,Tier1_Writing,30%,3320,24.17,0.0455,2276023
4494,"Perform the duties of funeral directors, including coordinating funeral activities....",Embalmers,39-4011,Tier1_Knowledge,30%,3420,27.06,0.0385,2221085
4508,Arrange funeral home equipment and perform general maintenance....,Embalmers,39-4011,Tier1_Knowledge,30%,3420,27.06,0.0385,2221085
4487,Conform to laws of health and sanitation and ensure that legal requirements concerning embalming are...,Embalmers,39-4011,Tier1_Knowledge,30%,3420,27.06,0.0385,2221085
4502,Arrange for transporting the deceased to another state for interment....,Embalmers,39-4011,Tier1_Knowledge,30%,3420,27.06,0.0385,2221085
4503,Supervise funeral attendants and other funeral home staff....,Embalmers,39-4011,Tier1_Knowledge,30%,3420,27.06,0.0385,2221085
5835,Collaborate with colleagues to address teaching and research issues....,"Forestry and Conservation Science Teachers, Postsecondary",25-1043,Tier1_Good,40%,1310,48.48,0.04,2113397
5830,"Compile, administer, and grade examinations, or assign this work to others....","Forestry and Conservation Science Teachers, Postsecondary",25-1043,Tier1_Good,40%,1310,48.48,0.04,2113397
14986,Gather information from customers about a timepiece's problems and its service history....,Watch and Clock Repairers,49-9064,Tier1_Good,40%,1300,29.18,0.0667,2104073
24001,"Fit garments on clients, altering as needed....","Sewers, Hand",51-6051,Tier1_Knowledge,30%,2240,16.23,0.0909,2062331
14096,"Switch on machines, lower pressure feet or rollers to secure parts, and start machine stitching, usi...",Shoe Machine Operators and Tenders,51-6042,Tier1_Knowledge,30%,3270,18.35,0.0526,1970674
14093,Turn screws to regulate size of staples....,Shoe Machine Operators and Tenders,51-6042,Tier1_Knowledge,30%,3270,18.35,0.0526,1970674
7562,"Observe and interview workers to obtain information about the physical, mental, and educational requ...",Industrial-Organizational Psychologists,19-3032,Tier1_Good,40%,1050,52.81,0.04,1845393
8246,"Arrange for sale of animals and eggs to hospitals, research centers, pet shops, and food processing ...",Animal Breeders,45-2021,Tier1_Good,40%,1730,25.0,0.0476,1713524
20066,Review papers for colleagues and scientific journals....,"Forestry and Conservation Science Teachers, Postsecondary",25-1043,Tier1_Knowledge,30%,1310,48.48,0.04,1585048
5832,"Initiate, facilitate, and moderate classroom discussions....","Forestry and Conservation Science Teachers, Postsecondary",25-1043,Tier1_Knowledge,30%,1310,48.48,0.04,1585048
5833,Supervise students' laboratory or field work....,"Forestry and Conservation Science Teachers, Postsecondary",25-1043,Tier1_Knowledge,30%,1310,48.48,0.04,1585048
5823,"Keep abreast of developments in the field by reading current literature, talking with colleagues, an...","Forestry and Conservation Science Teachers, Postsecondary",25-1043,Tier1_Knowledge,30%,1310,48.48,0.04,1585048
5831,Advise students on academic and vocational curricula and on career issues....,"Forestry and Conservation Science Teachers, Postsecondary",25-1043,Tier1_Writing,30%,1310,48.48,0.04,1585048
5822,"Conduct research in a particular field of knowledge and publish findings in books, professional jour...","Forestry and Conservation Science Teachers, Postsecondary",25-1043,Tier1_Partial,30%,1310,48.48,0.04,1585048
5843,Act as advisers to student organizations....,"Forestry and Conservation Science Teachers, Postsecondary",25-1043,Tier1_Writing,30%,1310,48.48,0.04,1585048
5837,"Select and obtain materials and supplies, such as textbooks and laboratory equipment....","Forestry and Conservation Science Teachers, Postsecondary",25-1043,Tier1_Knowledge,30%,1310,48.48,0.04,1585048
5840,Provide professional consulting services to government or industry....,"Forestry and Conservation Science Teachers, Postsecondary",25-1043,Tier1_Writing,30%,1310,48.48,0.04,1585048
14987,Test and replace batteries and other electronic components....,Watch and Clock Repairers,49-9064,Tier1_Knowledge,30%,1300,29.18,0.0667,1578054
14980,"Test timepiece accuracy and performance, using meters and other electronic instruments....",Watch and Clock Repairers,49-9064,Tier1_Knowledge,30%,1300,29.18,0.0667,1578054
14983,"Perform regular adjustment and maintenance on timepieces, watch cases, and watch bands....",Watch and Clock Repairers,49-9064,Tier1_Knowledge,30%,1300,29.18,0.0667,1578054
14981,"Fabricate parts for watches and clocks, using small lathes and other machines....",Watch and Clock Repairers,49-9064,Tier1_Knowledge,30%,1300,29.18,0.0667,1578054
7571,Facilitate organizational development and change....,Industrial-Organizational Psychologists,19-3032,Tier1_Knowledge,30%,1050,52.81,0.04,1384044
7564,"Advise management concerning personnel, managerial, and marketing policies and practices and their p...",Industrial-Organizational Psychologists,19-3032,Tier1_Knowledge,30%,1050,52.81,0.04,1384044
7570,"Study organizational effectiveness, productivity, and efficiency, including the nature of workplace ...",Industrial-Organizational Psychologists,19-3032,Tier1_Knowledge,30%,1050,52.81,0.04,1384044
20223,Provide expert testimony in employment lawsuits....,Industrial-Organizational Psychologists,19-3032,Tier1_Knowledge,30%,1050,52.81,0.04,1384044
7573,Counsel workers about job and career-related issues....,Industrial-Organizational Psychologists,19-3032,Tier1_Writing,30%,1050,52.81,0.04,1384044
7569,Assess employee performance....,Industrial-Organizational Psychologists,19-3032,Tier1_Knowledge,30%,1050,52.81,0.04,1384044
8237,Observe animals in heat to detect approach of estrus and exercise animals to induce or hasten estrus...,Animal Breeders,45-2021,Tier1_Knowledge,30%,1730,25.0,0.0476,1285143
8233,Examine animals to detect symptoms of illness or injury....,Animal Breeders,45-2021,Tier1_Knowledge,30%,1730,25.0,0.0476,1285143
8248,"Inject prepared animal semen into female animals for breeding purposes, by inserting nozzle of syrin...",Animal Breeders,45-2021,Tier1_Knowledge,30%,1730,25.0,0.0476,1285143
8236,Treat minor injuries and ailments and contact veterinarians to obtain treatment for animals with ser...,Animal Breeders,45-2021,Tier1_Writing,30%,1730,25.0,0.0476,1285143
7743,"Fit prostheses to patients, making any necessary adjustments and modifications....",Prosthodontists,29-1024,Tier1_Knowledge,30%,760,30.61,0.0833,1209707
20246,"Replace missing teeth and associated oral structures with permanent fixtures, such as implant-suppor...",Prosthodontists,29-1024,Tier1_Knowledge,30%,760,30.61,0.0833,1209707
7746,"Collaborate with general dentists, specialists, and other health professionals to develop solutions ...",Prosthodontists,29-1024,Tier1_Knowledge,30%,760,30.61,0.0833,1209707
7749,Use bonding technology on the surface of the teeth to change tooth shape or to close gaps....,Prosthodontists,29-1024,Tier1_Knowledge,30%,760,30.61,0.0833,1209707
7748,"Restore function and aesthetics to traumatic injury survivors, or to individuals with diseases or co...",Prosthodontists,29-1024,Tier1_Knowledge,30%,760,30.61,0.0833,1209707
22770,Interpret results of preoperative tests and physical examinations....,Pediatric Surgeons,29-1243,Tier1_Knowledge,30%,1050,30.61,0.0556,1114204
22775,Prepare case histories....,Pediatric Surgeons,29-1243,Tier1_Knowledge,30%,1050,30.61,0.0556,1114204
22764,"Direct and coordinate activities of nurses, assistants, specialists, residents, and other medical st...",Pediatric Surgeons,29-1243,Tier1_Knowledge,30%,1050,30.61,0.0556,1114204
22777,Refer patient to medical specialist or other practitioners when necessary....,Pediatric Surgeons,29-1243,Tier1_Knowledge,30%,1050,30.61,0.0556,1114204
14919,"Set up equipment, such as pasteboards and scaffolds....",Paperhangers,47-2142,Tier1_Knowledge,30%,1520,23.2,0.05,1100237
14910,"Mark vertical guidelines on walls to align strips, using plumb bobs and chalk lines....",Paperhangers,47-2142,Tier1_Knowledge,30%,1520,23.2,0.05,1100237
9838,"Fill slight grinding depressions with matching grout material and hand-trowel for a smooth, uniform ...",Terrazzo Workers and Finishers,47-2053,Tier1_Partial,30%,1450,27.53,0.0385,958044
9835,"Wet surface to prepare for bonding, fill holes and cracks with grout or slurry, and smooth with a tr...",Terrazzo Workers and Finishers,47-2053,Tier1_Knowledge,30%,1450,27.53,0.0385,958044
9501,Plan menus according to employers' needs and diet restrictions....,"Cooks, Private Household",35-2013,Tier1_Knowledge,30%,900,21.41,0.0769,924912
20897,"Keep records pertaining to menus, finances, and other business-related issues....","Cooks, Private Household",35-2013,Tier1_Knowledge,30%,900,21.41,0.0769,924912
9509,"Plan and prepare food for parties, holiday meals, luncheons, special functions, and other social eve...","Cooks, Private Household",35-2013,Tier1_Knowledge,30%,900,21.41,0.0769,924912
9507,Create and explore new cuisines....,"Cooks, Private Household",35-2013,Tier1_Knowledge,30%,900,21.41,0.0769,924912
9504,"Prepare meals in private homes according to employers' recipes or tastes, handling all meals for the...","Cooks, Private Household",35-2013,Tier1_Knowledge,30%,900,21.41,0.0769,924912
9510,Serve meals and snacks to employing families and their guests....,"Cooks, Private Household",35-2013,Tier1_Knowledge,30%,900,21.41,0.0769,924912
14844,Direct and transport workers to appropriate work sites....,Farm Labor Contractors,13-1074,Tier1_Knowledge,30%,410,23.41,0.1429,855602
14842,Supervise the work of contracted employees....,Farm Labor Contractors,13-1074,Tier1_Knowledge,30%,410,23.41,0.1429,855602
15019,"Tighten or replace loose jewels, using watchmakers' tools....",Timing Device Assemblers and Adjusters,51-2061,Tier1_Knowledge,30%,230,19.61,0.0588,165555
20567,"Extract, measure, dilute as appropriate, label, and prepare DNA for array analysis....",Cytogenetic Technologists,29-2011,Tier1_Knowledge,30%,0,30.61,0.0333,0
17396,"Examine specimens, using microscopes, to evaluate specimen quality....",Cytotechnologists,29-2011,Tier1_Knowledge,30%,0,30.61,0.0769,0
17404,"Prepare cell samples by applying special staining techniques, such as chromosomal staining, to diffe...",Cytotechnologists,29-2011,Tier1_Knowledge,30%,0,30.61,0.0769,0
4545,"Provide for physical safety of groups, performing such activities as providing first aid or directin...",Tour Guides and Escorts,39-7011,Tier1_Knowledge,30%,0,30.61,0.0526,0
17407,Assign tasks or coordinate task assignments to ensure adequate performance of laboratory activities....,Cytotechnologists,29-2011,Tier1_Knowledge,30%,0,30.61,0.0769,0
22511,"Teach socially acceptable behavior, employing techniques such as behavior modification or positive r...","Teaching Assistants, Special Education",25-9043,Tier1_Knowledge,30%,0,30.61,0.0333,0
8284,"Supply and place base materials, edge restraints, bedding sand and jointing sand....",Segmental Pavers,47-4091,Tier1_Knowledge,30%,0,30.61,0.0833,0
21204,"Test combustible appliances, such as gas appliances....",Weatherization Installers and Technicians,47-4099,Tier1_Knowledge,30%,0,30.61,0.05,0
1601,"Meet with families, probation officers, police, or other interested parties to exchange necessary in...",Mental Health Counselors,21-1014,Tier1_Writing,30%,0,30.61,0.037,0
1155,Arrange the payment of duty and freight charges....,"Purchasing Agents, Except Wholesale, Retail, and Farm Products",13-1023,Tier1_Knowledge,30%,0,30.61,0.0526,0
1160,"Attend meetings, trade shows, conferences, conventions, and seminars to network with people in other...","Purchasing Agents, Except Wholesale, Retail, and Farm Products",13-1023,Tier1_Writing,30%,0,30.61,0.0526,0
23700,"Direct or coordinate the activities of workers, such as flight or car attendants....",First-Line Supervisors of Passenger Attendants,53-1044,Tier1_Knowledge,30%,0,30.61,0.0526,0
19547,Analyze environmental aspects of competing merchandise when making buying decisions....,"Wholesale and Retail Buyers, Except Farm Products",13-1022,Tier1_Knowledge,30%,0,30.61,0.05,0
77,"Provide clerks with information to print on price tags, such as price, mark-ups or mark-downs, manuf...","Wholesale and Retail Buyers, Except Farm Products",13-1022,Tier1_Writing,30%,0,30.61,0.05,0
17393,"Maintain laboratory equipment such as photomicroscopes, inverted microscopes, and standard darkroom ...",Cytogenetic Technologists,29-2011,Tier1_Knowledge,30%,0,30.61,0.0333,0
17789,"Test and diagnose air flow systems, using furnace efficiency analysis equipment....",Weatherization Installers and Technicians,47-4099,Tier1_Knowledge,30%,0,30.61,0.05,0
17378,Select banding methods to permit identification of chromosome pairs....,Cytogenetic Technologists,29-2011,Tier1_Knowledge,30%,0,30.61,0.0333,0
20572,Communicate to responsible parties unacceptable specimens and suggest remediation for future submiss...,Cytogenetic Technologists,29-2011,Tier1_Writing,30%,0,30.61,0.0333,0
20571,Evaluate appropriateness of received specimens for requested tests....,Cytogenetic Technologists,29-2011,Tier1_Knowledge,30%,0,30.61,0.0333,0
17380,Prepare slides of cell cultures following standard procedures....,Cytogenetic Technologists,29-2011,Tier1_Knowledge,30%,0,30.61,0.0333,0
20568,"Input details of specimen processing, analysis, and technical issues into logs or laboratory informa...",Cytogenetic Technologists,29-2011,Tier1_Knowledge,30%,0,30.61,0.0333,0
20717,Conduct sales meetings to introduce new merchandise....,"Wholesale and Retail Buyers, Except Farm Products",13-1022,Tier1_Knowledge,30%,0,30.61,0.05,0
10027,Explain assembly procedures or techniques to other workers....,Electrical and Electronic Equipment Assemblers,51-2022,Tier1_Knowledge,30%,0,30.61,0.0625,0
22335,"Control the inventory or distribution of classroom equipment, materials, or supplies....","Special Education Teachers, Kindergarten",25-2055,Tier1_Knowledge,30%,0,30.61,0.0333,0
22336,Develop or implement strategies to meet the needs of students with a variety of disabilities....,"Special Education Teachers, Kindergarten",25-2055,Tier1_Knowledge,30%,0,30.61,0.0333,0
22340,"Instruct students with disabilities in academic subjects, using a variety of techniques, such as pho...","Special Education Teachers, Kindergarten",25-2055,Tier1_Knowledge,30%,0,30.61,0.0333,0
22343,"Meet with parents or guardians to discuss their children's progress, advise them on using community ...","Special Education Teachers, Kindergarten",25-2055,Tier1_Knowledge,30%,0,30.61,0.0333,0
17400,Examine specimens to detect abnormal hormone conditions....,Cytotechnologists,29-2011,Tier1_Knowledge,30%,0,30.61,0.0769,0
21540,Inspect personal or business property....,Appraisers of Personal and Business Property,13-2022,Tier1_Knowledge,30%,0,30.61,0.0714,0
17791,"Explain energy conservation measures, such as the use of low flow showerheads and energy-efficient l...",Weatherization Installers and Technicians,47-4099,Tier1_Knowledge,30%,0,30.61,0.05,0
22790,"Resolve problems with laboratory equipment and instruments, such as microscopes, mass spectrometers,...",Histotechnologists,29-2011,Tier1_Knowledge,30%,0,30.61,0.0625,0
1908,"Obtain specimens, cultivating, isolating, and identifying microorganisms for analysis....",Medical and Clinical Laboratory Technicians,29-2012,Tier1_Knowledge,30%,0,30.61,0.0769,0
13169,"Instruct novices in climbing techniques, mountaineering, and wilderness survival, and demonstrate us...",Travel Guides,39-7012,Tier1_Knowledge,30%,0,30.61,0.0588,0
13161,Verify amounts and quality of equipment prior to expeditions or tours....,Travel Guides,39-7012,Tier1_Knowledge,30%,0,30.61,0.0588,0
1909,Examine cells stained with dye to locate abnormalities....,Medical and Clinical Laboratory Technicians,29-2012,Tier1_Knowledge,30%,0,30.61,0.0769,0
1906,Perform medical research to further control or cure disease....,Medical and Clinical Laboratory Technicians,29-2012,Tier1_Good,40%,0,30.61,0.0769,0
22794,"Archive diagnostic material, such as histologic slides and blocks....",Histology Technicians,29-2012,Tier1_Knowledge,30%,0,30.61,0.125,0
22798,"Maintain laboratory equipment, such as microscopes, mass spectrometers, microtomes, immunostainers, ...",Histology Technicians,29-2012,Tier1_Knowledge,30%,0,30.61,0.125,0
13166,Administer first aid to injured group participants....,Travel Guides,39-7012,Tier1_Knowledge,30%,0,30.61,0.0588,0
13156,"Resolve any problems with itineraries, service, or accommodations....",Travel Guides,39-7012,Tier1_Knowledge,30%,0,30.61,0.0588,0
13158,"Arrange for tour or expedition details such as accommodations, transportation, equipment, and the av...",Travel Guides,39-7012,Tier1_Knowledge,30%,0,30.61,0.0588,0
4552,Speak foreign languages to communicate with foreign visitors....,Tour Guides and Escorts,39-7011,Tier1_Good,40%,0,30.61,0.0526,0
4548,Collect fees and tickets from group members....,Tour Guides and Escorts,39-7011,Tier1_Knowledge,30%,0,30.61,0.0526,0
4549,"Teach skills, such as proper climbing methods, and demonstrate and advise on the use of equipment....",Tour Guides and Escorts,39-7011,Tier1_Knowledge,30%,0,30.61,0.0526,0
4547,"Provide information about wildlife varieties and habitats, as well as any relevant regulations, such...",Tour Guides and Escorts,39-7011,Tier1_Partial,30%,0,30.61,0.0526,0
20136,Train other guides and volunteers....,Tour Guides and Escorts,39-7011,Tier1_Knowledge,30%,0,30.61,0.0526,0
22496,Laminate teaching materials to increase their durability under repeated use....,"Teaching Assistants, Special Education",25-9043,Tier1_Knowledge,30%,0,30.61,0.0333,0
1907,Conduct blood tests for transfusion purposes and perform blood counts....,Medical and Clinical Laboratory Technicians,29-2012,Tier1_Knowledge,30%,0,30.61,0.0769,0
4540,"Describe tour points of interest to group members, and respond to questions....",Tour Guides and Escorts,39-7011,Tier1_Knowledge,30%,0,30.61,0.0526,0
21570,Obtain county land values and sales information about nearby properties to aid in establishment of p...,Appraisers and Assessors of Real Estate,13-2023,Tier1_Knowledge,30%,0,30.61,0.0357,0
8562,Collaborate with workers and managers to solve work-related problems....,"First-Line Supervisors of Helpers, Laborers, and Material Movers, Hand",53-1042,Tier1_Knowledge,30%,0,30.61,0.0417,0
21542,Recommend loan amounts based on the value of property being used as collateral....,Appraisers of Personal and Business Property,13-2022,Tier1_Knowledge,30%,0,30.61,0.0714,0
22786,Perform procedures associated with histochemistry to prepare specimens for immunofluorescence or mic...,Histotechnologists,29-2011,Tier1_Knowledge,30%,0,30.61,0.0625,0
22793,Teach students or other staff....,Histotechnologists,29-2011,Tier1_Knowledge,30%,0,30.61,0.0625,0
22785,Perform electron microscopy or mass spectrometry to analyze specimens....,Histotechnologists,29-2011,Tier1_Knowledge,30%,0,30.61,0.0625,0
22509,"Supervise students in classrooms, halls, cafeterias, school yards, and gymnasiums, or on field trips...","Teaching Assistants, Special Education",25-9043,Tier1_Knowledge,30%,0,30.61,0.0333,0
21564,Maintain familiarity with aspects of local real estate markets....,Appraisers and Assessors of Real Estate,13-2023,Tier1_Knowledge,30%,0,30.61,0.0357,0
1910,"Collect blood or tissue samples from patients, observing principles of asepsis to obtain blood sampl...",Medical and Clinical Laboratory Technicians,29-2012,Tier1_Knowledge,30%,0,30.61,0.0769,0
21555,Identify the ownership of each piece of taxable property....,Appraisers and Assessors of Real Estate,13-2023,Tier1_Knowledge,30%,0,30.61,0.0357,0
21559,Explain real and personal property taxes to property owners....,Appraisers and Assessors of Real Estate,13-2023,Tier1_Knowledge,30%,0,30.61,0.0357,0
22507,"Provide students with disabilities with assistive devices, supportive technology, and assistance acc...","Teaching Assistants, Special Education",25-9043,Tier1_Knowledge,30%,0,30.61,0.0333,0
22490,"Distribute teaching materials, such as textbooks, workbooks, papers, and pencils, to students....","Teaching Assistants, Special Education",25-9043,Tier1_Knowledge,30%,0,30.61,0.0333,0
22501,Participate in teacher-parent conferences regarding students' progress or problems....,"Teaching Assistants, Special Education",25-9043,Tier1_Knowledge,30%,0,30.61,0.0333,0
22508,Requisition and stock teaching materials and supplies....,"Teaching Assistants, Special Education",25-9043,Tier1_Knowledge,30%,0,30.61,0.0333,0
20565,Select appropriate culturing system or procedure based on specimen type and reason for referral....,Cytogenetic Technologists,29-2011,Tier1_Knowledge,30%,0,30.61,0.0333,0
22371,"Instruct students with disabilities in academic subjects, using a variety of techniques, such as pho...","Special Education Teachers, Elementary School",25-2056,Tier1_Knowledge,30%,0,30.61,0.0333,0
8564,Transmit and explain work orders to laborers....,"First-Line Supervisors of Helpers, Laborers, and Material Movers, Hand",53-1042,Tier1_Knowledge,30%,0,30.61,0.0417,0
12880,Arrange for processing or resale of purchased products....,"Buyers and Purchasing Agents, Farm Products",13-1021,Tier1_Knowledge,30%,0,30.61,0.0833,0
5591,"Coordinate counseling efforts with mental health professionals or other health professionals, such a...",Substance Abuse and Behavioral Disorder Counselors,21-1011,Tier1_Knowledge,30%,0,30.61,0.0435,0
22482,"Type, file, and duplicate materials....","Teaching Assistants, Preschool, Elementary, Middle, and Secondary School, Except Special Education",25-9042,Tier1_Knowledge,30%,0,30.61,0.0357,0
22461,"Distribute teaching materials, such as textbooks, workbooks, papers, and pencils, to students....","Teaching Assistants, Preschool, Elementary, Middle, and Secondary School, Except Special Education",25-9042,Tier1_Knowledge,30%,0,30.61,0.0357,0
22480,Teach social skills to students....,"Teaching Assistants, Preschool, Elementary, Middle, and Secondary School, Except Special Education",25-9042,Tier1_Knowledge,30%,0,30.61,0.0357,0
22478,"Supervise students in classrooms, halls, cafeterias, school yards, and gymnasiums, or on field trips...","Teaching Assistants, Preschool, Elementary, Middle, and Secondary School, Except Special Education",25-9042,Tier1_Knowledge,30%,0,30.61,0.0357,0
23697,Apply customer feedback to service improvement efforts....,First-Line Supervisors of Passenger Attendants,53-1044,Tier1_Knowledge,30%,0,30.61,0.0526,0
8588,Resolve worker problems or collaborate with employees to assist in problem resolution....,First-Line Supervisors of Material-Moving Machine and Vehicle Operators,53-1043,Tier1_Knowledge,30%,0,30.61,0.0455,0
23417,"Participate in animal damage control, wildlife management, disease control, and research activities....",Fishing and Hunting Workers,45-3031,Tier1_Good,40%,0,30.61,0.0345,0
23425,Teach or guide individuals or groups unfamiliar with specific hunting methods or types of prey....,Fishing and Hunting Workers,45-3031,Tier1_Knowledge,30%,0,30.61,0.0345,0
23418,Transport fish to processing plants or to buyers....,Fishing and Hunting Workers,45-3031,Tier1_Knowledge,30%,0,30.61,0.0345,0
23412,"Obtain required approvals for using poisons or traps, and notify persons in areas where traps and po...",Fishing and Hunting Workers,45-3031,Tier1_Writing,30%,0,30.61,0.0345,0
23429,"Oversee the purchase of supplies, gear, and equipment....",Fishing and Hunting Workers,45-3031,Tier1_Knowledge,30%,0,30.61,0.0345,0
23415,"Select, bait, and set traps, and lay poison along trails, according to species, size, habits, and en...",Fishing and Hunting Workers,45-3031,Tier1_Knowledge,30%,0,30.61,0.0345,0
5598,"Coordinate activities with courts, probation officers, community services, or other post-treatment a...",Substance Abuse and Behavioral Disorder Counselors,21-1011,Tier1_Knowledge,30%,0,30.61,0.0435,0
8584,Enforce safety rules and regulations....,First-Line Supervisors of Material-Moving Machine and Vehicle Operators,53-1043,Tier1_Knowledge,30%,0,30.61,0.0455,0
5592,Attend training sessions to increase knowledge and skills....,Substance Abuse and Behavioral Disorder Counselors,21-1011,Tier1_Knowledge,30%,0,30.61,0.0435,0
5596,Participate in case conferences or staff meetings....,Substance Abuse and Behavioral Disorder Counselors,21-1011,Tier1_Writing,30%,0,30.61,0.0435,0
5597,Act as liaisons between clients and medical staff....,Substance Abuse and Behavioral Disorder Counselors,21-1011,Tier1_Knowledge,30%,0,30.61,0.0435,0
1602,"Refer patients, clients, or family members to community resources or to specialists as necessary....",Mental Health Counselors,21-1014,Tier1_Knowledge,30%,0,30.61,0.037,0
23703,Inform workers about interests or special needs of specific groups....,First-Line Supervisors of Passenger Attendants,53-1044,Tier1_Writing,30%,0,30.61,0.0526,0
23710,Recruit and hire staff members....,First-Line Supervisors of Passenger Attendants,53-1044,Tier1_Knowledge,30%,0,30.61,0.0526,0
17389,Count numbers of chromosomes and identify the structural abnormalities by viewing culture slides thr...,Cytogenetic Technologists,29-2011,Tier1_Knowledge,30%,0,30.61,0.0333,0
1896,"Cultivate, isolate, or assist in identifying microbial organisms or perform various tests on these m...",Medical and Clinical Laboratory Technologists,29-2011,Tier1_Knowledge,30%,0,30.61,0.0667,0
1603,"Counsel family members to assist them in understanding, dealing with, or supporting clients or patie...",Mental Health Counselors,21-1014,Tier1_Knowledge,30%,0,30.61,0.037,0
1609,Gather information about community mental health needs or resources that could be used in conjunctio...,Mental Health Counselors,21-1014,Tier1_Partial,30%,0,30.61,0.037,0
22472,Participate in teacher-parent conferences regarding students' progress or problems....,"Teaching Assistants, Preschool, Elementary, Middle, and Secondary School, Except Special Education",25-9042,Tier1_Knowledge,30%,0,30.61,0.0357,0
5595,"Counsel family members to assist them in understanding, dealing with, and supporting clients or pati...",Substance Abuse and Behavioral Disorder Counselors,21-1011,Tier1_Knowledge,30%,0,30.61,0.0435,0
18485,"Supervise other counselors, social service staff, assistants, or graduate students....",Mental Health Counselors,21-1014,Tier1_Knowledge,30%,0,30.61,0.037,0
1606,Modify treatment activities or approaches as needed to comply with changes in clients' status....,Mental Health Counselors,21-1014,Tier1_Knowledge,30%,0,30.61,0.037,0
1598,Develop and implement treatment plans based on clinical experience and knowledge....,Mental Health Counselors,21-1014,Tier1_Knowledge,30%,0,30.61,0.037,0
22477,Requisition and stock teaching materials and supplies....,"Teaching Assistants, Preschool, Elementary, Middle, and Secondary School, Except Special Education",25-9042,Tier1_Knowledge,30%,0,30.61,0.0357,0
22466,Laminate teaching materials to increase their durability under repeated use....,"Teaching Assistants, Preschool, Elementary, Middle, and Secondary School, Except Special Education",25-9042,Tier1_Knowledge,30%,0,30.61,0.0357,0
1595,"Counsel clients or patients, individually or in group sessions, to assist in overcoming dependencies...",Mental Health Counselors,21-1014,Tier1_Knowledge,30%,0,30.61,0.037,0
18622,Assess individuals' degree of drug dependency by collecting and analyzing urine samples....,Substance Abuse and Behavioral Disorder Counselors,21-1011,Tier1_Knowledge,30%,0,30.61,0.0435,0
12879,Negotiate contracts with farmers for the production or purchase of farm products....,"Buyers and Purchasing Agents, Farm Products",13-1021,Tier1_Writing,30%,0,30.61,0.0833,0
10023,Mark and tag components so that stock inventory can be tracked and identified....,Electrical and Electronic Equipment Assemblers,51-2022,Tier1_Knowledge,30%,0,30.61,0.0625,0
12881,Arrange for transportation or storage of purchased products....,"Buyers and Purchasing Agents, Farm Products",13-1021,Tier1_Knowledge,30%,0,30.61,0.0833,0
8574,"Resolve personnel problems, complaints, or formal grievances when possible, or refer them to higher-...","First-Line Supervisors of Helpers, Laborers, and Material Movers, Hand",53-1042,Tier1_Knowledge,30%,0,30.61,0.0417,0
8569,"Perform the same work duties as those supervised, or perform more difficult or skilled tasks or assi...","First-Line Supervisors of Helpers, Laborers, and Material Movers, Hand",53-1042,Tier1_Knowledge,30%,0,30.61,0.0417,0
8571,"Conduct staff meetings to relay general information or to address specific topics, such as safety....","First-Line Supervisors of Helpers, Laborers, and Material Movers, Hand",53-1042,Tier1_Writing,30%,0,30.61,0.0417,0
22366,Encourage students to explore learning opportunities or persevere with challenging tasks to prepare ...,"Special Education Teachers, Elementary School",25-2056,Tier1_Knowledge,30%,0,30.61,0.0333,0
22364,Coordinate placement of students with special needs into mainstream classes....,"Special Education Teachers, Elementary School",25-2056,Tier1_Knowledge,30%,0,30.61,0.0333,0
8572,"Counsel employees in work-related activities, personal growth, or career development....","First-Line Supervisors of Helpers, Laborers, and Material Movers, Hand",53-1042,Tier1_Knowledge,30%,0,30.61,0.0417,0
22386,"Provide assistive devices, supportive technology, or assistance accessing facilities, such as restro...","Special Education Teachers, Elementary School",25-2056,Tier1_Knowledge,30%,0,30.61,0.0333,0
22387,"Teach socially acceptable behavior, employing techniques such as behavior modification or positive r...","Special Education Teachers, Elementary School",25-2056,Tier1_Knowledge,30%,0,30.61,0.0333,0
20162,Maintain production equipment and machinery....,Team Assemblers,51-2092,Tier1_Knowledge,30%,0,30.61,0.0909,0
22365,Develop or implement strategies to meet the needs of students with a variety of disabilities....,"Special Education Teachers, Elementary School",25-2056,Tier1_Knowledge,30%,0,30.61,0.0333,0
23701,Enforce safety rules and regulations....,First-Line Supervisors of Passenger Attendants,53-1044,Tier1_Knowledge,30%,0,30.61,0.0526,0
22358,Visit schools to tutor students with sensory impairments or to consult with teachers regarding stude...,"Special Education Teachers, Kindergarten",25-2055,Tier1_Knowledge,30%,0,30.61,0.0333,0
22357,"Teach socially acceptable behavior, employing techniques such as behavior modification or positive r...","Special Education Teachers, Kindergarten",25-2055,Tier1_Knowledge,30%,0,30.61,0.0333,0
22356,"Provide assistive devices, supportive technology, or assistance accessing facilities, such as restro...","Special Education Teachers, Kindergarten",25-2055,Tier1_Knowledge,30%,0,30.61,0.0333,0
13948,Attach name plates and mark identifying information on parts....,Electromechanical Equipment Assemblers,51-2023,Tier1_Knowledge,30%,0,30.61,0.0714,0
22375,"Meet with parents or guardians to discuss their children's progress, advise them on using community ...","Special Education Teachers, Elementary School",25-2056,Tier1_Knowledge,30%,0,30.61,0.0333,0
22369,"Guide or counsel students with adjustment problems, academic problems, or special academic interests...","Special Education Teachers, Elementary School",25-2056,Tier1_Knowledge,30%,0,30.61,0.0333,0
2375,"Plan, shop for, or prepare nutritious meals or assist families in planning, shopping for, or prepari...",Personal Care Aides,31-1122,Tier1_Knowledge,30%,0,30.61,0.0909,0
17897,Investigate violations of solid waste or recycling ordinances....,Recycling Coordinators,53-1042,Tier1_Knowledge,30%,0,30.61,0.0435,0
20713,"Recommend mark-up rates, mark-down rates, or merchandise selling prices....","Wholesale and Retail Buyers, Except Farm Products",13-1022,Tier1_Knowledge,30%,0,30.61,0.05,0
20714,Obtain information about customer needs or preferences by conferring with sales or purchasing person...,"Wholesale and Retail Buyers, Except Farm Products",13-1022,Tier1_Good,40%,0,30.61,0.05,0
4241,"Provide patients with help moving in and out of beds, baths, wheelchairs, or automobiles and with dr...",Home Health Aides,31-1121,Tier1_Knowledge,30%,0,30.61,0.0667,0
20577,Bathe patients....,Home Health Aides,31-1121,Tier1_Knowledge,30%,0,30.61,0.0667,0
4244,"Entertain, converse with, or read aloud to patients to keep them mentally healthy and alert....",Home Health Aides,31-1121,Tier1_Knowledge,30%,0,30.61,0.0667,0
5583,"Counsel clients or patients, individually or in group sessions, to assist in overcoming dependencies...",Substance Abuse and Behavioral Disorder Counselors,21-1011,Tier1_Knowledge,30%,0,30.61,0.0435,0
17892,Coordinate shipments of recycling materials with shipping brokers or processing companies....,Recycling Coordinators,53-1042,Tier1_Knowledge,30%,0,30.61,0.0435,0
2370,"Administer bedside or personal care, such as ambulation or personal hygiene assistance....",Personal Care Aides,31-1122,Tier1_Knowledge,30%,0,30.61,0.0909,0
17899,Negotiate contracts with waste management or other firms....,Recycling Coordinators,53-1042,Tier1_Knowledge,30%,0,30.61,0.0435,0
17906,"Inspect physical condition of recycling or hazardous waste facility for compliance with safety, qual...",Recycling Coordinators,53-1042,Tier1_Knowledge,30%,0,30.61,0.0435,0
17905,Identify or investigate new opportunities for materials to be collected and recycled....,Recycling Coordinators,53-1042,Tier1_Knowledge,30%,0,30.61,0.0435,0
4249,"Perform a variety of duties as requested by client, such as obtaining household supplies or running ...",Home Health Aides,31-1121,Tier1_Knowledge,30%,0,30.61,0.0667,0
8578,Quote prices to customers....,"First-Line Supervisors of Helpers, Laborers, and Material Movers, Hand",53-1042,Tier1_Knowledge,30%,0,30.61,0.0417,0
4250,"Accompany clients to doctors' offices or on other trips outside the home, providing transportation, ...",Home Health Aides,31-1121,Tier1_Knowledge,30%,0,30.61,0.0667,0
17394,Supervise subordinate laboratory staff....,Cytogenetic Technologists,29-2011,Tier1_Knowledge,30%,0,30.61,0.0333,0
